2026-02-05 10:25:09 [error]: PrismaClientInitializationError: Database `vd_assistant` does not exist
    at r (C:\Users\khade\OneDrive\Placment\Final Year VD Project\backend\node_modules\@prisma\client\src\runtime\core\engines\library\LibraryEngine.ts:440:17)
    at async connectDatabase (C:\Users\khade\OneDrive\Placment\Final Year VD Project\backend\src\config\db.ts:20:9)
    at async startServer (C:\Users\khade\OneDrive\Placment\Final Year VD Project\backend\src\index.ts:115:9)
2026-02-05 12:58:56 [error]: PrismaClientKnownRequestError: 
Invalid `prisma.design.create()` invocation in
C:\Users\khade\OneDrive\Placment\Final Year VD Project\backend\src\repository\designRepo.ts:7:30

  4 
  5 export class DesignRepository {
  6     async create(data: CreateDesignInput) {
→ 7         return prisma.design.create(
Foreign key constraint violated on the constraint: `Design_userId_fkey`
    at ei.handleRequestError (C:\Users\khade\OneDrive\Placment\Final Year VD Project\backend\node_modules\@prisma\client\src\runtime\RequestHandler.ts:228:13)
    at ei.handleAndLogRequestError (C:\Users\khade\OneDrive\Placment\Final Year VD Project\backend\node_modules\@prisma\client\src\runtime\RequestHandler.ts:174:12)
    at ei.request (C:\Users\khade\OneDrive\Placment\Final Year VD Project\backend\node_modules\@prisma\client\src\runtime\RequestHandler.ts:143:12)
    at async a (C:\Users\khade\OneDrive\Placment\Final Year VD Project\backend\node_modules\@prisma\client\src\runtime\getPrismaClient.ts:833:24)
    at async DesignController.create (C:\Users\khade\OneDrive\Placment\Final Year VD Project\backend\src\controllers\designController.ts:26:28)
2026-02-05 12:58:56 [error]: PrismaClientKnownRequestError: 
Invalid `prisma.design.create()` invocation in
C:\Users\khade\OneDrive\Placment\Final Year VD Project\backend\src\repository\designRepo.ts:7:30

  4 
  5 export class DesignRepository {
  6     async create(data: CreateDesignInput) {
→ 7         return prisma.design.create(
Foreign key constraint violated on the constraint: `Design_userId_fkey`
    at ei.handleRequestError (C:\Users\khade\OneDrive\Placment\Final Year VD Project\backend\node_modules\@prisma\client\src\runtime\RequestHandler.ts:228:13)
    at ei.handleAndLogRequestError (C:\Users\khade\OneDrive\Placment\Final Year VD Project\backend\node_modules\@prisma\client\src\runtime\RequestHandler.ts:174:12)
    at ei.request (C:\Users\khade\OneDrive\Placment\Final Year VD Project\backend\node_modules\@prisma\client\src\runtime\RequestHandler.ts:143:12)
    at async a (C:\Users\khade\OneDrive\Placment\Final Year VD Project\backend\node_modules\@prisma\client\src\runtime\getPrismaClient.ts:833:24)
    at async DesignController.create (C:\Users\khade\OneDrive\Placment\Final Year VD Project\backend\src\controllers\designController.ts:26:28)
2026-02-05 13:00:05 [error]: PrismaClientKnownRequestError: 
Invalid `prisma.design.create()` invocation in
C:\Users\khade\OneDrive\Placment\Final Year VD Project\backend\src\repository\designRepo.ts:7:30

  4 
  5 export class DesignRepository {
  6     async create(data: CreateDesignInput) {
→ 7         return prisma.design.create(
Foreign key constraint violated on the constraint: `Design_userId_fkey`
    at ei.handleRequestError (C:\Users\khade\OneDrive\Placment\Final Year VD Project\backend\node_modules\@prisma\client\src\runtime\RequestHandler.ts:228:13)
    at ei.handleAndLogRequestError (C:\Users\khade\OneDrive\Placment\Final Year VD Project\backend\node_modules\@prisma\client\src\runtime\RequestHandler.ts:174:12)
    at ei.request (C:\Users\khade\OneDrive\Placment\Final Year VD Project\backend\node_modules\@prisma\client\src\runtime\RequestHandler.ts:143:12)
    at async a (C:\Users\khade\OneDrive\Placment\Final Year VD Project\backend\node_modules\@prisma\client\src\runtime\getPrismaClient.ts:833:24)
    at async DesignController.create (C:\Users\khade\OneDrive\Placment\Final Year VD Project\backend\src\controllers\designController.ts:26:28)
2026-02-05 13:00:05 [error]: PrismaClientKnownRequestError: 
Invalid `prisma.design.create()` invocation in
C:\Users\khade\OneDrive\Placment\Final Year VD Project\backend\src\repository\designRepo.ts:7:30

  4 
  5 export class DesignRepository {
  6     async create(data: CreateDesignInput) {
→ 7         return prisma.design.create(
Foreign key constraint violated on the constraint: `Design_userId_fkey`
    at ei.handleRequestError (C:\Users\khade\OneDrive\Placment\Final Year VD Project\backend\node_modules\@prisma\client\src\runtime\RequestHandler.ts:228:13)
    at ei.handleAndLogRequestError (C:\Users\khade\OneDrive\Placment\Final Year VD Project\backend\node_modules\@prisma\client\src\runtime\RequestHandler.ts:174:12)
    at ei.request (C:\Users\khade\OneDrive\Placment\Final Year VD Project\backend\node_modules\@prisma\client\src\runtime\RequestHandler.ts:143:12)
    at async a (C:\Users\khade\OneDrive\Placment\Final Year VD Project\backend\node_modules\@prisma\client\src\runtime\getPrismaClient.ts:833:24)
    at async DesignController.create (C:\Users\khade\OneDrive\Placment\Final Year VD Project\backend\src\controllers\designController.ts:26:28)
2026-02-05 13:11:46 [error]: PrismaClientKnownRequestError: 
Invalid `prisma.user.create()` invocation in
C:\Users\khade\OneDrive\Placment\Final Year VD Project\backend\src\middleware\auth.ts:34:40

  31 });
  32 
  33 if (!dbUser) {
→ 34     dbUser = await prisma.user.create(
Unique constraint failed on the fields: (`id`)
    at ei.handleRequestError (C:\Users\khade\OneDrive\Placment\Final Year VD Project\backend\node_modules\@prisma\client\src\runtime\RequestHandler.ts:228:13)
    at ei.handleAndLogRequestError (C:\Users\khade\OneDrive\Placment\Final Year VD Project\backend\node_modules\@prisma\client\src\runtime\RequestHandler.ts:174:12)
    at ei.request (C:\Users\khade\OneDrive\Placment\Final Year VD Project\backend\node_modules\@prisma\client\src\runtime\RequestHandler.ts:143:12)
    at async a (C:\Users\khade\OneDrive\Placment\Final Year VD Project\backend\node_modules\@prisma\client\src\runtime\getPrismaClient.ts:833:24)
    at async authMiddleware (C:\Users\khade\OneDrive\Placment\Final Year VD Project\backend\src\middleware\auth.ts:34:22)
2026-02-05 13:21:49 [error]: Error: ENOENT: no such file or directory, unlink 'C:\Users\khade\OneDrive\Placment\Final Year VD Project\backend\https:\image.pollinations.ai\prompt\360%20equirectangular%20spherical%20panorama%2C%20Minimalist%20Bedroom%2C%20Primary%20subject%3A%20luxury%20king%20bed%2C%20nightstands%2C%20soft%20ambient%20lighting%2C%208k%2C%20photorealistic%2C%20no%20people?width=2048&height=1024&nologo=true&seed=337821'
    at async Object.unlink (node:internal/fs/promises:1067:10)
    at async ImageService.deleteImage (C:\Users\khade\OneDrive\Placment\Final Year VD Project\backend\src\services\imageService.ts:88:13)
    at async DesignController.delete (C:\Users\khade\OneDrive\Placment\Final Year VD Project\backend\src\controllers\designController.ts:154:17)
2026-02-05 13:21:49 [error]: Error: ENOENT: no such file or directory, unlink 'C:\Users\khade\OneDrive\Placment\Final Year VD Project\backend\https:\image.pollinations.ai\prompt\360%20equirectangular%20spherical%20panorama%2C%20Minimalist%20Bedroom%2C%20Primary%20subject%3A%20luxury%20king%20bed%2C%20nightstands%2C%20soft%20ambient%20lighting%2C%208k%2C%20photorealistic%2C%20no%20people?width=2048&height=1024&nologo=true&seed=773742'
    at async Object.unlink (node:internal/fs/promises:1067:10)
    at async ImageService.deleteImage (C:\Users\khade\OneDrive\Placment\Final Year VD Project\backend\src\services\imageService.ts:88:13)
    at async DesignController.delete (C:\Users\khade\OneDrive\Placment\Final Year VD Project\backend\src\controllers\designController.ts:154:17)
2026-02-05 13:21:49 [error]: Error: ENOENT: no such file or directory, unlink 'C:\Users\khade\OneDrive\Placment\Final Year VD Project\backend\https:\image.pollinations.ai\prompt\360%20equirectangular%20spherical%20panorama%2C%20Minimalist%20Bedroom%2C%20Primary%20subject%3A%20luxury%20king%20bed%2C%20nightstands%2C%20soft%20ambient%20lighting%2C%208k%2C%20photorealistic%2C%20no%20people?width=2048&height=1024&nologo=true&seed=820746'
    at async Object.unlink (node:internal/fs/promises:1067:10)
    at async ImageService.deleteImage (C:\Users\khade\OneDrive\Placment\Final Year VD Project\backend\src\services\imageService.ts:88:13)
    at async DesignController.delete (C:\Users\khade\OneDrive\Placment\Final Year VD Project\backend\src\controllers\designController.ts:154:17)
2026-02-05 13:21:52 [error]: Error: ENOENT: no such file or directory, unlink 'C:\Users\khade\OneDrive\Placment\Final Year VD Project\backend\https:\image.pollinations.ai\prompt\360%20equirectangular%20spherical%20panorama%2C%20Minimalist%20Bedroom%2C%20Primary%20subject%3A%20luxury%20king%20bed%2C%20nightstands%2C%20soft%20ambient%20lighting%2C%208k%2C%20photorealistic%2C%20no%20people?width=2048&height=1024&nologo=true&seed=84920'
    at async Object.unlink (node:internal/fs/promises:1067:10)
    at async ImageService.deleteImage (C:\Users\khade\OneDrive\Placment\Final Year VD Project\backend\src\services\imageService.ts:88:13)
    at async DesignController.delete (C:\Users\khade\OneDrive\Placment\Final Year VD Project\backend\src\controllers\designController.ts:154:17)
2026-02-05 13:21:52 [error]: Error: ENOENT: no such file or directory, unlink 'C:\Users\khade\OneDrive\Placment\Final Year VD Project\backend\https:\image.pollinations.ai\prompt\360%20equirectangular%20spherical%20panorama%2C%20Minimalist%20Bedroom%2C%20Primary%20subject%3A%20luxury%20king%20bed%2C%20nightstands%2C%20soft%20ambient%20lighting%2C%208k%2C%20photorealistic%2C%20no%20people?width=2048&height=1024&nologo=true&seed=97307'
    at async Object.unlink (node:internal/fs/promises:1067:10)
    at async ImageService.deleteImage (C:\Users\khade\OneDrive\Placment\Final Year VD Project\backend\src\services\imageService.ts:88:13)
    at async DesignController.delete (C:\Users\khade\OneDrive\Placment\Final Year VD Project\backend\src\controllers\designController.ts:154:17)
2026-02-05 13:21:52 [error]: Error: ENOENT: no such file or directory, unlink 'C:\Users\khade\OneDrive\Placment\Final Year VD Project\backend\https:\image.pollinations.ai\prompt\360%20equirectangular%20spherical%20panorama%2C%20Minimalist%20Bedroom%2C%20Primary%20subject%3A%20luxury%20king%20bed%2C%20nightstands%2C%20soft%20ambient%20lighting%2C%208k%2C%20photorealistic%2C%20no%20people?width=2048&height=1024&nologo=true&seed=318993'
    at async Object.unlink (node:internal/fs/promises:1067:10)
    at async ImageService.deleteImage (C:\Users\khade\OneDrive\Placment\Final Year VD Project\backend\src\services\imageService.ts:88:13)
    at async DesignController.delete (C:\Users\khade\OneDrive\Placment\Final Year VD Project\backend\src\controllers\designController.ts:154:17)
2026-02-05 13:43:18 [error]: Error: ENOENT: no such file or directory, unlink 'C:\Users\khade\OneDrive\Placment\Final Year VD Project\backend\https:\image.pollinations.ai\prompt\360%20equirectangular%20spherical%20panorama%2C%20Minimalist%20Living%20Room%2C%20Primary%20subject%3A%20designer%20sectional%20sofa%2C%20marble%20coffee%20table%2C%20open%20floor%20plan%2C%208k%2C%20photorealistic%2C%20no%20people?width=2048&height=1024&nologo=true&seed=5465'
    at async Object.unlink (node:internal/fs/promises:1067:10)
    at async ImageService.deleteImage (C:\Users\khade\OneDrive\Placment\Final Year VD Project\backend\src\services\imageService.ts:88:13)
    at async DesignController.delete (C:\Users\khade\OneDrive\Placment\Final Year VD Project\backend\src\controllers\designController.ts:154:17)
2026-02-05 13:43:18 [error]: Error: ENOENT: no such file or directory, unlink 'C:\Users\khade\OneDrive\Placment\Final Year VD Project\backend\https:\image.pollinations.ai\prompt\360%20equirectangular%20spherical%20panorama%2C%20Minimalist%20Living%20Room%2C%20Primary%20subject%3A%20designer%20sectional%20sofa%2C%20marble%20coffee%20table%2C%20open%20floor%20plan%2C%208k%2C%20photorealistic%2C%20no%20people?width=2048&height=1024&nologo=true&seed=346394'
    at async Object.unlink (node:internal/fs/promises:1067:10)
    at async ImageService.deleteImage (C:\Users\khade\OneDrive\Placment\Final Year VD Project\backend\src\services\imageService.ts:88:13)
    at async DesignController.delete (C:\Users\khade\OneDrive\Placment\Final Year VD Project\backend\src\controllers\designController.ts:154:17)
2026-02-05 13:43:18 [error]: Error: ENOENT: no such file or directory, unlink 'C:\Users\khade\OneDrive\Placment\Final Year VD Project\backend\https:\image.pollinations.ai\prompt\360%20equirectangular%20spherical%20panorama%2C%20Minimalist%20Living%20Room%2C%20Primary%20subject%3A%20designer%20sectional%20sofa%2C%20marble%20coffee%20table%2C%20open%20floor%20plan%2C%208k%2C%20photorealistic%2C%20no%20people?width=2048&height=1024&nologo=true&seed=631119'
    at async Object.unlink (node:internal/fs/promises:1067:10)
    at async ImageService.deleteImage (C:\Users\khade\OneDrive\Placment\Final Year VD Project\backend\src\services\imageService.ts:88:13)
    at async DesignController.delete (C:\Users\khade\OneDrive\Placment\Final Year VD Project\backend\src\controllers\designController.ts:154:17)
2026-02-05 13:43:22 [error]: Error: ENOENT: no such file or directory, unlink 'C:\Users\khade\OneDrive\Placment\Final Year VD Project\backend\https:\image.pollinations.ai\prompt\360%20equirectangular%20spherical%20panorama%2C%20Luxury%20Bedroom%2C%20interior%20photography%2C%208k%2C%20photorealistic%2C%20no%20people?width=2048&height=1024&nologo=true&seed=413915'
    at async Object.unlink (node:internal/fs/promises:1067:10)
    at async ImageService.deleteImage (C:\Users\khade\OneDrive\Placment\Final Year VD Project\backend\src\services\imageService.ts:88:13)
    at async DesignController.delete (C:\Users\khade\OneDrive\Placment\Final Year VD Project\backend\src\controllers\designController.ts:154:17)
2026-02-05 13:43:22 [error]: Error: ENOENT: no such file or directory, unlink 'C:\Users\khade\OneDrive\Placment\Final Year VD Project\backend\https:\image.pollinations.ai\prompt\360%20equirectangular%20spherical%20panorama%2C%20Luxury%20Bedroom%2C%20interior%20photography%2C%208k%2C%20photorealistic%2C%20no%20people?width=2048&height=1024&nologo=true&seed=315446'
    at async Object.unlink (node:internal/fs/promises:1067:10)
    at async ImageService.deleteImage (C:\Users\khade\OneDrive\Placment\Final Year VD Project\backend\src\services\imageService.ts:88:13)
    at async DesignController.delete (C:\Users\khade\OneDrive\Placment\Final Year VD Project\backend\src\controllers\designController.ts:154:17)
2026-02-05 13:43:22 [error]: Error: ENOENT: no such file or directory, unlink 'C:\Users\khade\OneDrive\Placment\Final Year VD Project\backend\https:\image.pollinations.ai\prompt\360%20equirectangular%20spherical%20panorama%2C%20Luxury%20Bedroom%2C%20interior%20photography%2C%208k%2C%20photorealistic%2C%20no%20people?width=2048&height=1024&nologo=true&seed=122104'
    at async Object.unlink (node:internal/fs/promises:1067:10)
    at async ImageService.deleteImage (C:\Users\khade\OneDrive\Placment\Final Year VD Project\backend\src\services\imageService.ts:88:13)
    at async DesignController.delete (C:\Users\khade\OneDrive\Placment\Final Year VD Project\backend\src\controllers\designController.ts:154:17)
2026-02-05 21:09:00 [error]: ReferenceError: axios is not defined
    at ImageService.downloadImage (C:\Users\khade\OneDrive\Placment\Final Year VD Project\backend\src\services\imageService.ts:130:30)
    at <anonymous> (C:\Users\khade\OneDrive\Placment\Final Year VD Project\backend\src\services\aiService.ts:276:59)
    at process.processTicksAndRejections (node:internal/process/task_queues:105:5)
    at async Promise.all (index 2)
    at async AIService.generateRoomRedesign (C:\Users\khade\OneDrive\Placment\Final Year VD Project\backend\src\services\aiService.ts:195:20)
    at async DesignController.generate (C:\Users\khade\OneDrive\Placment\Final Year VD Project\backend\src\controllers\designController.ts:67:37)
2026-02-05 21:09:00 [error]: Failed to proxy pollination image: Error: Failed to download external image: axios is not defined
2026-02-05 21:09:00 [error]: ReferenceError: axios is not defined
    at ImageService.downloadImage (C:\Users\khade\OneDrive\Placment\Final Year VD Project\backend\src\services\imageService.ts:130:30)
    at <anonymous> (C:\Users\khade\OneDrive\Placment\Final Year VD Project\backend\src\services\aiService.ts:276:59)
    at process.processTicksAndRejections (node:internal/process/task_queues:105:5)
    at async Promise.all (index 0)
    at async AIService.generateRoomRedesign (C:\Users\khade\OneDrive\Placment\Final Year VD Project\backend\src\services\aiService.ts:195:20)
    at async DesignController.generate (C:\Users\khade\OneDrive\Placment\Final Year VD Project\backend\src\controllers\designController.ts:67:37)
2026-02-05 21:09:00 [error]: Failed to proxy pollination image: Error: Failed to download external image: axios is not defined
2026-02-05 21:09:00 [error]: ReferenceError: axios is not defined
    at ImageService.downloadImage (C:\Users\khade\OneDrive\Placment\Final Year VD Project\backend\src\services\imageService.ts:130:30)
    at <anonymous> (C:\Users\khade\OneDrive\Placment\Final Year VD Project\backend\src\services\aiService.ts:276:59)
    at process.processTicksAndRejections (node:internal/process/task_queues:105:5)
    at async Promise.all (index 2)
    at async AIService.generateRoomRedesign (C:\Users\khade\OneDrive\Placment\Final Year VD Project\backend\src\services\aiService.ts:195:20)
    at async DesignController.generate (C:\Users\khade\OneDrive\Placment\Final Year VD Project\backend\src\controllers\designController.ts:67:37)
2026-02-05 21:09:00 [error]: Failed to proxy pollination image: Error: Failed to download external image: axios is not defined
2026-02-05 21:09:00 [error]: ReferenceError: axios is not defined
    at ImageService.downloadImage (C:\Users\khade\OneDrive\Placment\Final Year VD Project\backend\src\services\imageService.ts:130:30)
    at <anonymous> (C:\Users\khade\OneDrive\Placment\Final Year VD Project\backend\src\services\aiService.ts:276:59)
    at process.processTicksAndRejections (node:internal/process/task_queues:105:5)
    at async Promise.all (index 1)
    at async AIService.generateRoomRedesign (C:\Users\khade\OneDrive\Placment\Final Year VD Project\backend\src\services\aiService.ts:195:20)
    at async DesignController.generate (C:\Users\khade\OneDrive\Placment\Final Year VD Project\backend\src\controllers\designController.ts:67:37)
2026-02-05 21:09:00 [error]: Failed to proxy pollination image: Error: Failed to download external image: axios is not defined
2026-02-05 21:09:00 [error]: ReferenceError: axios is not defined
    at ImageService.downloadImage (C:\Users\khade\OneDrive\Placment\Final Year VD Project\backend\src\services\imageService.ts:130:30)
    at <anonymous> (C:\Users\khade\OneDrive\Placment\Final Year VD Project\backend\src\services\aiService.ts:276:59)
    at process.processTicksAndRejections (node:internal/process/task_queues:105:5)
    at async Promise.all (index 1)
    at async AIService.generateRoomRedesign (C:\Users\khade\OneDrive\Placment\Final Year VD Project\backend\src\services\aiService.ts:195:20)
    at async DesignController.generate (C:\Users\khade\OneDrive\Placment\Final Year VD Project\backend\src\controllers\designController.ts:67:37)
2026-02-05 21:09:00 [error]: Failed to proxy pollination image: Error: Failed to download external image: axios is not defined
2026-02-05 21:09:00 [error]: ReferenceError: axios is not defined
    at ImageService.downloadImage (C:\Users\khade\OneDrive\Placment\Final Year VD Project\backend\src\services\imageService.ts:130:30)
    at <anonymous> (C:\Users\khade\OneDrive\Placment\Final Year VD Project\backend\src\services\aiService.ts:276:59)
    at process.processTicksAndRejections (node:internal/process/task_queues:105:5)
    at async Promise.all (index 0)
    at async AIService.generateRoomRedesign (C:\Users\khade\OneDrive\Placment\Final Year VD Project\backend\src\services\aiService.ts:195:20)
    at async DesignController.generate (C:\Users\khade\OneDrive\Placment\Final Year VD Project\backend\src\controllers\designController.ts:67:37)
2026-02-05 21:09:00 [error]: Failed to proxy pollination image: Error: Failed to download external image: axios is not defined
2026-02-05 21:14:11 [error]: ReferenceError: axios is not defined
    at ImageService.downloadImage (C:\Users\khade\OneDrive\Placment\Final Year VD Project\backend\src\services\imageService.ts:130:30)
    at <anonymous> (C:\Users\khade\OneDrive\Placment\Final Year VD Project\backend\src\services\aiService.ts:276:59)
    at process.processTicksAndRejections (node:internal/process/task_queues:105:5)
    at async Promise.all (index 1)
    at async AIService.generateRoomRedesign (C:\Users\khade\OneDrive\Placment\Final Year VD Project\backend\src\services\aiService.ts:195:20)
    at async DesignController.generate (C:\Users\khade\OneDrive\Placment\Final Year VD Project\backend\src\controllers\designController.ts:67:37)
2026-02-05 21:14:11 [error]: Failed to proxy pollination image: Error: Failed to download external image: axios is not defined
2026-02-05 21:14:11 [error]: ReferenceError: axios is not defined
    at ImageService.downloadImage (C:\Users\khade\OneDrive\Placment\Final Year VD Project\backend\src\services\imageService.ts:130:30)
    at <anonymous> (C:\Users\khade\OneDrive\Placment\Final Year VD Project\backend\src\services\aiService.ts:276:59)
    at process.processTicksAndRejections (node:internal/process/task_queues:105:5)
    at async Promise.all (index 2)
    at async AIService.generateRoomRedesign (C:\Users\khade\OneDrive\Placment\Final Year VD Project\backend\src\services\aiService.ts:195:20)
    at async DesignController.generate (C:\Users\khade\OneDrive\Placment\Final Year VD Project\backend\src\controllers\designController.ts:67:37)
2026-02-05 21:14:11 [error]: Failed to proxy pollination image: Error: Failed to download external image: axios is not defined
2026-02-05 21:14:11 [error]: ReferenceError: axios is not defined
    at ImageService.downloadImage (C:\Users\khade\OneDrive\Placment\Final Year VD Project\backend\src\services\imageService.ts:130:30)
    at <anonymous> (C:\Users\khade\OneDrive\Placment\Final Year VD Project\backend\src\services\aiService.ts:276:59)
    at process.processTicksAndRejections (node:internal/process/task_queues:105:5)
    at async Promise.all (index 0)
    at async AIService.generateRoomRedesign (C:\Users\khade\OneDrive\Placment\Final Year VD Project\backend\src\services\aiService.ts:195:20)
    at async DesignController.generate (C:\Users\khade\OneDrive\Placment\Final Year VD Project\backend\src\controllers\designController.ts:67:37)
2026-02-05 21:14:11 [error]: Failed to proxy pollination image: Error: Failed to download external image: axios is not defined
2026-02-05 21:14:11 [error]: ReferenceError: axios is not defined
    at ImageService.downloadImage (C:\Users\khade\OneDrive\Placment\Final Year VD Project\backend\src\services\imageService.ts:130:30)
    at <anonymous> (C:\Users\khade\OneDrive\Placment\Final Year VD Project\backend\src\services\aiService.ts:276:59)
    at process.processTicksAndRejections (node:internal/process/task_queues:105:5)
    at async Promise.all (index 2)
    at async AIService.generateRoomRedesign (C:\Users\khade\OneDrive\Placment\Final Year VD Project\backend\src\services\aiService.ts:195:20)
    at async DesignController.generate (C:\Users\khade\OneDrive\Placment\Final Year VD Project\backend\src\controllers\designController.ts:67:37)
2026-02-05 21:14:11 [error]: Failed to proxy pollination image: Error: Failed to download external image: axios is not defined
2026-02-05 21:14:11 [error]: ReferenceError: axios is not defined
    at ImageService.downloadImage (C:\Users\khade\OneDrive\Placment\Final Year VD Project\backend\src\services\imageService.ts:130:30)
    at <anonymous> (C:\Users\khade\OneDrive\Placment\Final Year VD Project\backend\src\services\aiService.ts:276:59)
    at process.processTicksAndRejections (node:internal/process/task_queues:105:5)
    at async Promise.all (index 1)
    at async AIService.generateRoomRedesign (C:\Users\khade\OneDrive\Placment\Final Year VD Project\backend\src\services\aiService.ts:195:20)
    at async DesignController.generate (C:\Users\khade\OneDrive\Placment\Final Year VD Project\backend\src\controllers\designController.ts:67:37)
2026-02-05 21:14:11 [error]: Failed to proxy pollination image: Error: Failed to download external image: axios is not defined
2026-02-05 21:14:11 [error]: ReferenceError: axios is not defined
    at ImageService.downloadImage (C:\Users\khade\OneDrive\Placment\Final Year VD Project\backend\src\services\imageService.ts:130:30)
    at <anonymous> (C:\Users\khade\OneDrive\Placment\Final Year VD Project\backend\src\services\aiService.ts:276:59)
    at process.processTicksAndRejections (node:internal/process/task_queues:105:5)
    at async Promise.all (index 0)
    at async AIService.generateRoomRedesign (C:\Users\khade\OneDrive\Placment\Final Year VD Project\backend\src\services\aiService.ts:195:20)
    at async DesignController.generate (C:\Users\khade\OneDrive\Placment\Final Year VD Project\backend\src\controllers\designController.ts:67:37)
2026-02-05 21:14:11 [error]: Failed to proxy pollination image: Error: Failed to download external image: axios is not defined
2026-02-05 21:19:50 [error]: Error: ENOENT: no such file or directory, unlink 'C:\Users\khade\OneDrive\Placment\Final Year VD Project\backend\https:\image.pollinations.ai\prompt\360%20equirectangular%20spherical%20panorama%2C%20Minimalist%20Outdoor%20Patio%2C%20Primary%20subject%3A%20patio%20lounge%20set%2C%20fire%20pit%2C%20garden%20deck%2C%208k%2C%20photorealistic%2C%20no%20people?width=2048&height=1024&nologo=true&seed=610038'
    at async Object.unlink (node:internal/fs/promises:1067:10)
    at async ImageService.deleteImage (C:\Users\khade\OneDrive\Placment\Final Year VD Project\backend\src\services\imageService.ts:88:13)
    at async DesignController.delete (C:\Users\khade\OneDrive\Placment\Final Year VD Project\backend\src\controllers\designController.ts:154:17)
2026-02-05 21:19:50 [error]: Error: ENOENT: no such file or directory, unlink 'C:\Users\khade\OneDrive\Placment\Final Year VD Project\backend\https:\image.pollinations.ai\prompt\360%20equirectangular%20spherical%20panorama%2C%20Minimalist%20Outdoor%20Patio%2C%20Primary%20subject%3A%20patio%20lounge%20set%2C%20fire%20pit%2C%20garden%20deck%2C%208k%2C%20photorealistic%2C%20no%20people?width=2048&height=1024&nologo=true&seed=484037'
    at async Object.unlink (node:internal/fs/promises:1067:10)
    at async ImageService.deleteImage (C:\Users\khade\OneDrive\Placment\Final Year VD Project\backend\src\services\imageService.ts:88:13)
    at async DesignController.delete (C:\Users\khade\OneDrive\Placment\Final Year VD Project\backend\src\controllers\designController.ts:154:17)
2026-02-05 21:19:50 [error]: Error: ENOENT: no such file or directory, unlink 'C:\Users\khade\OneDrive\Placment\Final Year VD Project\backend\https:\image.pollinations.ai\prompt\360%20equirectangular%20spherical%20panorama%2C%20Minimalist%20Outdoor%20Patio%2C%20Primary%20subject%3A%20patio%20lounge%20set%2C%20fire%20pit%2C%20garden%20deck%2C%208k%2C%20photorealistic%2C%20no%20people?width=2048&height=1024&nologo=true&seed=163227'
    at async Object.unlink (node:internal/fs/promises:1067:10)
    at async ImageService.deleteImage (C:\Users\khade\OneDrive\Placment\Final Year VD Project\backend\src\services\imageService.ts:88:13)
    at async DesignController.delete (C:\Users\khade\OneDrive\Placment\Final Year VD Project\backend\src\controllers\designController.ts:154:17)
2026-02-05 21:19:54 [error]: Error: ENOENT: no such file or directory, unlink 'C:\Users\khade\OneDrive\Placment\Final Year VD Project\backend\https:\image.pollinations.ai\prompt\360%20equirectangular%20spherical%20panorama%2C%20Minimalist%20Bedroom%2C%20Primary%20subject%3A%20luxury%20king%20bed%2C%20nightstands%2C%20soft%20ambient%20lighting%2C%208k%2C%20photorealistic%2C%20no%20people?width=2048&height=1024&nologo=true&seed=675032'
    at async Object.unlink (node:internal/fs/promises:1067:10)
    at async ImageService.deleteImage (C:\Users\khade\OneDrive\Placment\Final Year VD Project\backend\src\services\imageService.ts:88:13)
    at async DesignController.delete (C:\Users\khade\OneDrive\Placment\Final Year VD Project\backend\src\controllers\designController.ts:154:17)
2026-02-05 21:19:54 [error]: Error: ENOENT: no such file or directory, unlink 'C:\Users\khade\OneDrive\Placment\Final Year VD Project\backend\https:\image.pollinations.ai\prompt\360%20equirectangular%20spherical%20panorama%2C%20Minimalist%20Bedroom%2C%20Primary%20subject%3A%20luxury%20king%20bed%2C%20nightstands%2C%20soft%20ambient%20lighting%2C%208k%2C%20photorealistic%2C%20no%20people?width=2048&height=1024&nologo=true&seed=225587'
    at async Object.unlink (node:internal/fs/promises:1067:10)
    at async ImageService.deleteImage (C:\Users\khade\OneDrive\Placment\Final Year VD Project\backend\src\services\imageService.ts:88:13)
    at async DesignController.delete (C:\Users\khade\OneDrive\Placment\Final Year VD Project\backend\src\controllers\designController.ts:154:17)
2026-02-05 21:19:54 [error]: Error: ENOENT: no such file or directory, unlink 'C:\Users\khade\OneDrive\Placment\Final Year VD Project\backend\https:\image.pollinations.ai\prompt\360%20equirectangular%20spherical%20panorama%2C%20Minimalist%20Bedroom%2C%20Primary%20subject%3A%20luxury%20king%20bed%2C%20nightstands%2C%20soft%20ambient%20lighting%2C%208k%2C%20photorealistic%2C%20no%20people?width=2048&height=1024&nologo=true&seed=130943'
    at async Object.unlink (node:internal/fs/promises:1067:10)
    at async ImageService.deleteImage (C:\Users\khade\OneDrive\Placment\Final Year VD Project\backend\src\services\imageService.ts:88:13)
    at async DesignController.delete (C:\Users\khade\OneDrive\Placment\Final Year VD Project\backend\src\controllers\designController.ts:154:17)
2026-02-05 21:19:58 [error]: Error: ENOENT: no such file or directory, unlink 'C:\Users\khade\OneDrive\Placment\Final Year VD Project\backend\https:\image.pollinations.ai\prompt\360%20equirectangular%20spherical%20panorama%2C%20Minimalist%20Living%20Room%2C%20Primary%20subject%3A%20designer%20sectional%20sofa%2C%20marble%20coffee%20table%2C%20open%20floor%20plan%2C%208k%2C%20photorealistic%2C%20no%20people?width=2048&height=1024&nologo=true&seed=982393'
    at async Object.unlink (node:internal/fs/promises:1067:10)
    at async ImageService.deleteImage (C:\Users\khade\OneDrive\Placment\Final Year VD Project\backend\src\services\imageService.ts:88:13)
    at async DesignController.delete (C:\Users\khade\OneDrive\Placment\Final Year VD Project\backend\src\controllers\designController.ts:154:17)
2026-02-05 21:19:58 [error]: Error: ENOENT: no such file or directory, unlink 'C:\Users\khade\OneDrive\Placment\Final Year VD Project\backend\https:\image.pollinations.ai\prompt\360%20equirectangular%20spherical%20panorama%2C%20Minimalist%20Living%20Room%2C%20Primary%20subject%3A%20designer%20sectional%20sofa%2C%20marble%20coffee%20table%2C%20open%20floor%20plan%2C%208k%2C%20photorealistic%2C%20no%20people?width=2048&height=1024&nologo=true&seed=179073'
    at async Object.unlink (node:internal/fs/promises:1067:10)
    at async ImageService.deleteImage (C:\Users\khade\OneDrive\Placment\Final Year VD Project\backend\src\services\imageService.ts:88:13)
    at async DesignController.delete (C:\Users\khade\OneDrive\Placment\Final Year VD Project\backend\src\controllers\designController.ts:154:17)
2026-02-05 21:19:58 [error]: Error: ENOENT: no such file or directory, unlink 'C:\Users\khade\OneDrive\Placment\Final Year VD Project\backend\https:\image.pollinations.ai\prompt\360%20equirectangular%20spherical%20panorama%2C%20Minimalist%20Living%20Room%2C%20Primary%20subject%3A%20designer%20sectional%20sofa%2C%20marble%20coffee%20table%2C%20open%20floor%20plan%2C%208k%2C%20photorealistic%2C%20no%20people?width=2048&height=1024&nologo=true&seed=552524'
    at async Object.unlink (node:internal/fs/promises:1067:10)
    at async ImageService.deleteImage (C:\Users\khade\OneDrive\Placment\Final Year VD Project\backend\src\services\imageService.ts:88:13)
    at async DesignController.delete (C:\Users\khade\OneDrive\Placment\Final Year VD Project\backend\src\controllers\designController.ts:154:17)
2026-02-05 21:20:02 [error]: Error: ENOENT: no such file or directory, unlink 'C:\Users\khade\OneDrive\Placment\Final Year VD Project\backend\https:\image.pollinations.ai\prompt\award%20winning%20interior%20photography%20of%20a%20Living%20Room%2C%20360%20equirectangular%20spherical%20panorama%2C%20Primary%20subject%3A%20expansive%20designer%20living%20room%20featuring%20a%20low-profile%20premium%20sectional%20sofa%2C%20marble%20coffee%20table%2C%20floor-to-ceiling%20windows%20with%20sheer%20drapes%2C%20architectural%20cove%20lighting%2C%20textured%20accent%20wall%2C%20plush%20area%20rug%2C%20Minimalist%20style%2C%208k%20resolution%2C%20highly%20detailed%20textures%2C%20photorealistic%2C%20hyper-detailed%20furniture%2C%20NO%20PEOPLE%2C%20NO%20BLUR%2C%20variation%201?width=2048&height=1024&nologo=true&seed=740566'
    at async Object.unlink (node:internal/fs/promises:1067:10)
    at async ImageService.deleteImage (C:\Users\khade\OneDrive\Placment\Final Year VD Project\backend\src\services\imageService.ts:88:13)
    at async DesignController.delete (C:\Users\khade\OneDrive\Placment\Final Year VD Project\backend\src\controllers\designController.ts:154:17)
2026-02-05 21:20:02 [error]: Error: ENOENT: no such file or directory, unlink 'C:\Users\khade\OneDrive\Placment\Final Year VD Project\backend\https:\image.pollinations.ai\prompt\award%20winning%20interior%20photography%20of%20a%20Living%20Room%2C%20360%20equirectangular%20spherical%20panorama%2C%20Primary%20subject%3A%20expansive%20designer%20living%20room%20featuring%20a%20low-profile%20premium%20sectional%20sofa%2C%20marble%20coffee%20table%2C%20floor-to-ceiling%20windows%20with%20sheer%20drapes%2C%20architectural%20cove%20lighting%2C%20textured%20accent%20wall%2C%20plush%20area%20rug%2C%20Minimalist%20style%2C%208k%20resolution%2C%20highly%20detailed%20textures%2C%20photorealistic%2C%20hyper-detailed%20furniture%2C%20NO%20PEOPLE%2C%20NO%20BLUR%2C%20variation%202?width=2048&height=1024&nologo=true&seed=193589'
    at async Object.unlink (node:internal/fs/promises:1067:10)
    at async ImageService.deleteImage (C:\Users\khade\OneDrive\Placment\Final Year VD Project\backend\src\services\imageService.ts:88:13)
    at async DesignController.delete (C:\Users\khade\OneDrive\Placment\Final Year VD Project\backend\src\controllers\designController.ts:154:17)
2026-02-05 21:20:02 [error]: Error: ENOENT: no such file or directory, unlink 'C:\Users\khade\OneDrive\Placment\Final Year VD Project\backend\https:\image.pollinations.ai\prompt\award%20winning%20interior%20photography%20of%20a%20Living%20Room%2C%20360%20equirectangular%20spherical%20panorama%2C%20Primary%20subject%3A%20expansive%20designer%20living%20room%20featuring%20a%20low-profile%20premium%20sectional%20sofa%2C%20marble%20coffee%20table%2C%20floor-to-ceiling%20windows%20with%20sheer%20drapes%2C%20architectural%20cove%20lighting%2C%20textured%20accent%20wall%2C%20plush%20area%20rug%2C%20Minimalist%20style%2C%208k%20resolution%2C%20highly%20detailed%20textures%2C%20photorealistic%2C%20hyper-detailed%20furniture%2C%20NO%20PEOPLE%2C%20NO%20BLUR%2C%20variation%203?width=2048&height=1024&nologo=true&seed=208015'
    at async Object.unlink (node:internal/fs/promises:1067:10)
    at async ImageService.deleteImage (C:\Users\khade\OneDrive\Placment\Final Year VD Project\backend\src\services\imageService.ts:88:13)
    at async DesignController.delete (C:\Users\khade\OneDrive\Placment\Final Year VD Project\backend\src\controllers\designController.ts:154:17)
2026-02-05 21:24:49 [error]: Error: ENOENT: no such file or directory, unlink 'C:\Users\khade\OneDrive\Placment\Final Year VD Project\backend\https:\image.pollinations.ai\prompt\360%20equirectangular%20spherical%20panorama%2C%20Minimalist%20Bedroom%2C%20Primary%20subject%3A%20luxury%20king%20bed%2C%20nightstands%2C%20soft%20ambient%20lighting%2C%208k%2C%20photorealistic%2C%20no%20people?width=2048&height=1024&nologo=true&seed=852780'
    at async Object.unlink (node:internal/fs/promises:1067:10)
    at async ImageService.deleteImage (C:\Users\khade\OneDrive\Placment\Final Year VD Project\backend\src\services\imageService.ts:88:13)
    at async DesignController.delete (C:\Users\khade\OneDrive\Placment\Final Year VD Project\backend\src\controllers\designController.ts:154:17)
2026-02-05 21:24:49 [error]: Error: ENOENT: no such file or directory, unlink 'C:\Users\khade\OneDrive\Placment\Final Year VD Project\backend\https:\image.pollinations.ai\prompt\360%20equirectangular%20spherical%20panorama%2C%20Minimalist%20Bedroom%2C%20Primary%20subject%3A%20luxury%20king%20bed%2C%20nightstands%2C%20soft%20ambient%20lighting%2C%208k%2C%20photorealistic%2C%20no%20people?width=2048&height=1024&nologo=true&seed=91000'
    at async Object.unlink (node:internal/fs/promises:1067:10)
    at async ImageService.deleteImage (C:\Users\khade\OneDrive\Placment\Final Year VD Project\backend\src\services\imageService.ts:88:13)
    at async DesignController.delete (C:\Users\khade\OneDrive\Placment\Final Year VD Project\backend\src\controllers\designController.ts:154:17)
2026-02-05 21:24:49 [error]: Error: ENOENT: no such file or directory, unlink 'C:\Users\khade\OneDrive\Placment\Final Year VD Project\backend\https:\image.pollinations.ai\prompt\360%20equirectangular%20spherical%20panorama%2C%20Minimalist%20Bedroom%2C%20Primary%20subject%3A%20luxury%20king%20bed%2C%20nightstands%2C%20soft%20ambient%20lighting%2C%208k%2C%20photorealistic%2C%20no%20people?width=2048&height=1024&nologo=true&seed=828056'
    at async Object.unlink (node:internal/fs/promises:1067:10)
    at async ImageService.deleteImage (C:\Users\khade\OneDrive\Placment\Final Year VD Project\backend\src\services\imageService.ts:88:13)
    at async DesignController.delete (C:\Users\khade\OneDrive\Placment\Final Year VD Project\backend\src\controllers\designController.ts:154:17)
2026-02-05 21:24:52 [error]: Error: ENOENT: no such file or directory, unlink 'C:\Users\khade\OneDrive\Placment\Final Year VD Project\backend\https:\image.pollinations.ai\prompt\360%20equirectangular%20spherical%20panorama%2C%20Luxury%20Bedroom%2C%20interior%20photography%2C%208k%2C%20photorealistic%2C%20no%20people?width=2048&height=1024&nologo=true&seed=399396'
    at async Object.unlink (node:internal/fs/promises:1067:10)
    at async ImageService.deleteImage (C:\Users\khade\OneDrive\Placment\Final Year VD Project\backend\src\services\imageService.ts:88:13)
    at async DesignController.delete (C:\Users\khade\OneDrive\Placment\Final Year VD Project\backend\src\controllers\designController.ts:154:17)
2026-02-05 21:24:52 [error]: Error: ENOENT: no such file or directory, unlink 'C:\Users\khade\OneDrive\Placment\Final Year VD Project\backend\https:\image.pollinations.ai\prompt\360%20equirectangular%20spherical%20panorama%2C%20Luxury%20Bedroom%2C%20interior%20photography%2C%208k%2C%20photorealistic%2C%20no%20people?width=2048&height=1024&nologo=true&seed=661460'
    at async Object.unlink (node:internal/fs/promises:1067:10)
    at async ImageService.deleteImage (C:\Users\khade\OneDrive\Placment\Final Year VD Project\backend\src\services\imageService.ts:88:13)
    at async DesignController.delete (C:\Users\khade\OneDrive\Placment\Final Year VD Project\backend\src\controllers\designController.ts:154:17)
2026-02-05 21:24:52 [error]: Error: ENOENT: no such file or directory, unlink 'C:\Users\khade\OneDrive\Placment\Final Year VD Project\backend\https:\image.pollinations.ai\prompt\360%20equirectangular%20spherical%20panorama%2C%20Luxury%20Bedroom%2C%20interior%20photography%2C%208k%2C%20photorealistic%2C%20no%20people?width=2048&height=1024&nologo=true&seed=438139'
    at async Object.unlink (node:internal/fs/promises:1067:10)
    at async ImageService.deleteImage (C:\Users\khade\OneDrive\Placment\Final Year VD Project\backend\src\services\imageService.ts:88:13)
    at async DesignController.delete (C:\Users\khade\OneDrive\Placment\Final Year VD Project\backend\src\controllers\designController.ts:154:17)
2026-02-05 21:27:40 [error]: AxiosError: Request failed with status code 502
    at settle (C:\Users\khade\OneDrive\Placment\Final Year VD Project\backend\node_modules\axios\lib\core\settle.js:19:12)
    at IncomingMessage.handleStreamEnd (C:\Users\khade\OneDrive\Placment\Final Year VD Project\backend\node_modules\axios\lib\adapters\http.js:798:11)
    at IncomingMessage.emit (node:events:531:35)
    at endReadableNT (node:internal/streams/readable:1698:12)
    at process.processTicksAndRejections (node:internal/process/task_queues:90:21)
    at Axios.request (C:\Users\khade\OneDrive\Placment\Final Year VD Project\backend\node_modules\axios\lib\core\Axios.js:45:41)
    at process.processTicksAndRejections (node:internal/process/task_queues:105:5)
    at async ImageService.downloadImage (C:\Users\khade\OneDrive\Placment\Final Year VD Project\backend\src\services\imageService.ts:131:30)
    at async <anonymous> (C:\Users\khade\OneDrive\Placment\Final Year VD Project\backend\src\services\aiService.ts:276:40)
    at async Promise.all (index 1)
    at async AIService.generateRoomRedesign (C:\Users\khade\OneDrive\Placment\Final Year VD Project\backend\src\services\aiService.ts:195:20)
    at async DesignController.generate (C:\Users\khade\OneDrive\Placment\Final Year VD Project\backend\src\controllers\designController.ts:67:37)
2026-02-05 21:27:40 [error]: Failed to proxy pollination image: Error: Failed to download external image: Request failed with status code 502
2026-02-05 21:27:40 [error]: AxiosError: Request failed with status code 502
    at settle (C:\Users\khade\OneDrive\Placment\Final Year VD Project\backend\node_modules\axios\lib\core\settle.js:19:12)
    at IncomingMessage.handleStreamEnd (C:\Users\khade\OneDrive\Placment\Final Year VD Project\backend\node_modules\axios\lib\adapters\http.js:798:11)
    at IncomingMessage.emit (node:events:531:35)
    at endReadableNT (node:internal/streams/readable:1698:12)
    at process.processTicksAndRejections (node:internal/process/task_queues:90:21)
    at Axios.request (C:\Users\khade\OneDrive\Placment\Final Year VD Project\backend\node_modules\axios\lib\core\Axios.js:45:41)
    at process.processTicksAndRejections (node:internal/process/task_queues:105:5)
    at async ImageService.downloadImage (C:\Users\khade\OneDrive\Placment\Final Year VD Project\backend\src\services\imageService.ts:131:30)
    at async <anonymous> (C:\Users\khade\OneDrive\Placment\Final Year VD Project\backend\src\services\aiService.ts:276:40)
    at async Promise.all (index 0)
    at async AIService.generateRoomRedesign (C:\Users\khade\OneDrive\Placment\Final Year VD Project\backend\src\services\aiService.ts:195:20)
    at async DesignController.generate (C:\Users\khade\OneDrive\Placment\Final Year VD Project\backend\src\controllers\designController.ts:67:37)
2026-02-05 21:27:40 [error]: Failed to proxy pollination image: Error: Failed to download external image: Request failed with status code 502
2026-02-05 21:27:40 [error]: AxiosError: Request failed with status code 502
    at settle (C:\Users\khade\OneDrive\Placment\Final Year VD Project\backend\node_modules\axios\lib\core\settle.js:19:12)
    at IncomingMessage.handleStreamEnd (C:\Users\khade\OneDrive\Placment\Final Year VD Project\backend\node_modules\axios\lib\adapters\http.js:798:11)
    at IncomingMessage.emit (node:events:531:35)
    at endReadableNT (node:internal/streams/readable:1698:12)
    at process.processTicksAndRejections (node:internal/process/task_queues:90:21)
    at Axios.request (C:\Users\khade\OneDrive\Placment\Final Year VD Project\backend\node_modules\axios\lib\core\Axios.js:45:41)
    at process.processTicksAndRejections (node:internal/process/task_queues:105:5)
    at async ImageService.downloadImage (C:\Users\khade\OneDrive\Placment\Final Year VD Project\backend\src\services\imageService.ts:131:30)
    at async <anonymous> (C:\Users\khade\OneDrive\Placment\Final Year VD Project\backend\src\services\aiService.ts:276:40)
    at async Promise.all (index 0)
    at async AIService.generateRoomRedesign (C:\Users\khade\OneDrive\Placment\Final Year VD Project\backend\src\services\aiService.ts:195:20)
    at async DesignController.generate (C:\Users\khade\OneDrive\Placment\Final Year VD Project\backend\src\controllers\designController.ts:67:37)
2026-02-05 21:27:40 [error]: Failed to proxy pollination image: Error: Failed to download external image: Request failed with status code 502
2026-02-05 21:27:40 [error]: AxiosError: Request failed with status code 502
    at settle (C:\Users\khade\OneDrive\Placment\Final Year VD Project\backend\node_modules\axios\lib\core\settle.js:19:12)
    at IncomingMessage.handleStreamEnd (C:\Users\khade\OneDrive\Placment\Final Year VD Project\backend\node_modules\axios\lib\adapters\http.js:798:11)
    at IncomingMessage.emit (node:events:531:35)
    at endReadableNT (node:internal/streams/readable:1698:12)
    at process.processTicksAndRejections (node:internal/process/task_queues:90:21)
    at Axios.request (C:\Users\khade\OneDrive\Placment\Final Year VD Project\backend\node_modules\axios\lib\core\Axios.js:45:41)
    at process.processTicksAndRejections (node:internal/process/task_queues:105:5)
    at async ImageService.downloadImage (C:\Users\khade\OneDrive\Placment\Final Year VD Project\backend\src\services\imageService.ts:131:30)
    at async <anonymous> (C:\Users\khade\OneDrive\Placment\Final Year VD Project\backend\src\services\aiService.ts:276:40)
    at async Promise.all (index 1)
    at async AIService.generateRoomRedesign (C:\Users\khade\OneDrive\Placment\Final Year VD Project\backend\src\services\aiService.ts:195:20)
    at async DesignController.generate (C:\Users\khade\OneDrive\Placment\Final Year VD Project\backend\src\controllers\designController.ts:67:37)
2026-02-05 21:27:40 [error]: Failed to proxy pollination image: Error: Failed to download external image: Request failed with status code 502
2026-02-05 21:27:40 [error]: AxiosError: Request failed with status code 502
    at settle (C:\Users\khade\OneDrive\Placment\Final Year VD Project\backend\node_modules\axios\lib\core\settle.js:19:12)
    at IncomingMessage.handleStreamEnd (C:\Users\khade\OneDrive\Placment\Final Year VD Project\backend\node_modules\axios\lib\adapters\http.js:798:11)
    at IncomingMessage.emit (node:events:531:35)
    at endReadableNT (node:internal/streams/readable:1698:12)
    at process.processTicksAndRejections (node:internal/process/task_queues:90:21)
    at Axios.request (C:\Users\khade\OneDrive\Placment\Final Year VD Project\backend\node_modules\axios\lib\core\Axios.js:45:41)
    at process.processTicksAndRejections (node:internal/process/task_queues:105:5)
    at async ImageService.downloadImage (C:\Users\khade\OneDrive\Placment\Final Year VD Project\backend\src\services\imageService.ts:131:30)
    at async <anonymous> (C:\Users\khade\OneDrive\Placment\Final Year VD Project\backend\src\services\aiService.ts:276:40)
    at async Promise.all (index 2)
    at async AIService.generateRoomRedesign (C:\Users\khade\OneDrive\Placment\Final Year VD Project\backend\src\services\aiService.ts:195:20)
    at async DesignController.generate (C:\Users\khade\OneDrive\Placment\Final Year VD Project\backend\src\controllers\designController.ts:67:37)
2026-02-05 21:27:40 [error]: Failed to proxy pollination image: Error: Failed to download external image: Request failed with status code 502
2026-02-05 21:27:40 [error]: AxiosError: Request failed with status code 502
    at settle (C:\Users\khade\OneDrive\Placment\Final Year VD Project\backend\node_modules\axios\lib\core\settle.js:19:12)
    at IncomingMessage.handleStreamEnd (C:\Users\khade\OneDrive\Placment\Final Year VD Project\backend\node_modules\axios\lib\adapters\http.js:798:11)
    at IncomingMessage.emit (node:events:531:35)
    at endReadableNT (node:internal/streams/readable:1698:12)
    at process.processTicksAndRejections (node:internal/process/task_queues:90:21)
    at Axios.request (C:\Users\khade\OneDrive\Placment\Final Year VD Project\backend\node_modules\axios\lib\core\Axios.js:45:41)
    at process.processTicksAndRejections (node:internal/process/task_queues:105:5)
    at async ImageService.downloadImage (C:\Users\khade\OneDrive\Placment\Final Year VD Project\backend\src\services\imageService.ts:131:30)
    at async <anonymous> (C:\Users\khade\OneDrive\Placment\Final Year VD Project\backend\src\services\aiService.ts:276:40)
    at async Promise.all (index 2)
    at async AIService.generateRoomRedesign (C:\Users\khade\OneDrive\Placment\Final Year VD Project\backend\src\services\aiService.ts:195:20)
    at async DesignController.generate (C:\Users\khade\OneDrive\Placment\Final Year VD Project\backend\src\controllers\designController.ts:67:37)
2026-02-05 21:27:40 [error]: Failed to proxy pollination image: Error: Failed to download external image: Request failed with status code 502
2026-02-05 21:29:27 [error]: Error: ENOENT: no such file or directory, unlink 'C:\Users\khade\OneDrive\Placment\Final Year VD Project\backend\https:\image.pollinations.ai\prompt\360%20equirectangular%20spherical%20panorama%2C%20Traditional%20Home%20Office%2C%20Primary%20subject%3A%20professional%20desk%2C%20ergonomic%20chair%2C%20bookshelves%2C%208k%2C%20photorealistic%2C%20no%20people?width=2048&height=1024&nologo=true&seed=31251'
    at async Object.unlink (node:internal/fs/promises:1067:10)
    at async ImageService.deleteImage (C:\Users\khade\OneDrive\Placment\Final Year VD Project\backend\src\services\imageService.ts:89:13)
    at async DesignController.delete (C:\Users\khade\OneDrive\Placment\Final Year VD Project\backend\src\controllers\designController.ts:154:17)
2026-02-05 21:29:27 [error]: Error: ENOENT: no such file or directory, unlink 'C:\Users\khade\OneDrive\Placment\Final Year VD Project\backend\https:\image.pollinations.ai\prompt\360%20equirectangular%20spherical%20panorama%2C%20Traditional%20Home%20Office%2C%20Primary%20subject%3A%20professional%20desk%2C%20ergonomic%20chair%2C%20bookshelves%2C%208k%2C%20photorealistic%2C%20no%20people?width=2048&height=1024&nologo=true&seed=128098'
    at async Object.unlink (node:internal/fs/promises:1067:10)
    at async ImageService.deleteImage (C:\Users\khade\OneDrive\Placment\Final Year VD Project\backend\src\services\imageService.ts:89:13)
    at async DesignController.delete (C:\Users\khade\OneDrive\Placment\Final Year VD Project\backend\src\controllers\designController.ts:154:17)
2026-02-05 21:29:27 [error]: Error: ENOENT: no such file or directory, unlink 'C:\Users\khade\OneDrive\Placment\Final Year VD Project\backend\https:\image.pollinations.ai\prompt\360%20equirectangular%20spherical%20panorama%2C%20Traditional%20Home%20Office%2C%20Primary%20subject%3A%20professional%20desk%2C%20ergonomic%20chair%2C%20bookshelves%2C%208k%2C%20photorealistic%2C%20no%20people?width=2048&height=1024&nologo=true&seed=336864'
    at async Object.unlink (node:internal/fs/promises:1067:10)
    at async ImageService.deleteImage (C:\Users\khade\OneDrive\Placment\Final Year VD Project\backend\src\services\imageService.ts:89:13)
    at async DesignController.delete (C:\Users\khade\OneDrive\Placment\Final Year VD Project\backend\src\controllers\designController.ts:154:17)
2026-02-05 21:29:30 [error]: Error: ENOENT: no such file or directory, unlink 'C:\Users\khade\OneDrive\Placment\Final Year VD Project\backend\https:\image.pollinations.ai\prompt\360%20equirectangular%20spherical%20panorama%2C%20Traditional%20Home%20Office%2C%20Primary%20subject%3A%20professional%20desk%2C%20ergonomic%20chair%2C%20bookshelves%2C%208k%2C%20photorealistic%2C%20no%20people?width=2048&height=1024&nologo=true&seed=770127'
    at async Object.unlink (node:internal/fs/promises:1067:10)
    at async ImageService.deleteImage (C:\Users\khade\OneDrive\Placment\Final Year VD Project\backend\src\services\imageService.ts:89:13)
    at async DesignController.delete (C:\Users\khade\OneDrive\Placment\Final Year VD Project\backend\src\controllers\designController.ts:154:17)
2026-02-05 21:29:30 [error]: Error: ENOENT: no such file or directory, unlink 'C:\Users\khade\OneDrive\Placment\Final Year VD Project\backend\https:\image.pollinations.ai\prompt\360%20equirectangular%20spherical%20panorama%2C%20Traditional%20Home%20Office%2C%20Primary%20subject%3A%20professional%20desk%2C%20ergonomic%20chair%2C%20bookshelves%2C%208k%2C%20photorealistic%2C%20no%20people?width=2048&height=1024&nologo=true&seed=530244'
    at async Object.unlink (node:internal/fs/promises:1067:10)
    at async ImageService.deleteImage (C:\Users\khade\OneDrive\Placment\Final Year VD Project\backend\src\services\imageService.ts:89:13)
    at async DesignController.delete (C:\Users\khade\OneDrive\Placment\Final Year VD Project\backend\src\controllers\designController.ts:154:17)
2026-02-05 21:29:30 [error]: Error: ENOENT: no such file or directory, unlink 'C:\Users\khade\OneDrive\Placment\Final Year VD Project\backend\https:\image.pollinations.ai\prompt\360%20equirectangular%20spherical%20panorama%2C%20Traditional%20Home%20Office%2C%20Primary%20subject%3A%20professional%20desk%2C%20ergonomic%20chair%2C%20bookshelves%2C%208k%2C%20photorealistic%2C%20no%20people?width=2048&height=1024&nologo=true&seed=422835'
    at async Object.unlink (node:internal/fs/promises:1067:10)
    at async ImageService.deleteImage (C:\Users\khade\OneDrive\Placment\Final Year VD Project\backend\src\services\imageService.ts:89:13)
    at async DesignController.delete (C:\Users\khade\OneDrive\Placment\Final Year VD Project\backend\src\controllers\designController.ts:154:17)
2026-02-05 21:29:40 [error]: Error: ENOENT: no such file or directory, unlink 'C:\Users\khade\OneDrive\Placment\Final Year VD Project\backend\https:\image.pollinations.ai\prompt\360%20equirectangular%20spherical%20panorama%2C%20Minimalist%20Outdoor%20Patio%2C%20Primary%20subject%3A%20patio%20lounge%20set%2C%20fire%20pit%2C%20garden%20deck%2C%208k%2C%20photorealistic%2C%20no%20people?width=2048&height=1024&nologo=true&seed=576231'
    at async Object.unlink (node:internal/fs/promises:1067:10)
    at async ImageService.deleteImage (C:\Users\khade\OneDrive\Placment\Final Year VD Project\backend\src\services\imageService.ts:89:13)
    at async DesignController.delete (C:\Users\khade\OneDrive\Placment\Final Year VD Project\backend\src\controllers\designController.ts:154:17)
2026-02-05 21:29:40 [error]: Error: ENOENT: no such file or directory, unlink 'C:\Users\khade\OneDrive\Placment\Final Year VD Project\backend\https:\image.pollinations.ai\prompt\360%20equirectangular%20spherical%20panorama%2C%20Minimalist%20Outdoor%20Patio%2C%20Primary%20subject%3A%20patio%20lounge%20set%2C%20fire%20pit%2C%20garden%20deck%2C%208k%2C%20photorealistic%2C%20no%20people?width=2048&height=1024&nologo=true&seed=73414'
    at async Object.unlink (node:internal/fs/promises:1067:10)
    at async ImageService.deleteImage (C:\Users\khade\OneDrive\Placment\Final Year VD Project\backend\src\services\imageService.ts:89:13)
    at async DesignController.delete (C:\Users\khade\OneDrive\Placment\Final Year VD Project\backend\src\controllers\designController.ts:154:17)
2026-02-05 21:29:40 [error]: Error: ENOENT: no such file or directory, unlink 'C:\Users\khade\OneDrive\Placment\Final Year VD Project\backend\https:\image.pollinations.ai\prompt\360%20equirectangular%20spherical%20panorama%2C%20Minimalist%20Outdoor%20Patio%2C%20Primary%20subject%3A%20patio%20lounge%20set%2C%20fire%20pit%2C%20garden%20deck%2C%208k%2C%20photorealistic%2C%20no%20people?width=2048&height=1024&nologo=true&seed=807152'
    at async Object.unlink (node:internal/fs/promises:1067:10)
    at async ImageService.deleteImage (C:\Users\khade\OneDrive\Placment\Final Year VD Project\backend\src\services\imageService.ts:89:13)
    at async DesignController.delete (C:\Users\khade\OneDrive\Placment\Final Year VD Project\backend\src\controllers\designController.ts:154:17)
2026-02-05 21:30:49 [error]: AxiosError: Request failed with status code 502
    at settle (C:\Users\khade\OneDrive\Placment\Final Year VD Project\backend\node_modules\axios\lib\core\settle.js:19:12)
    at IncomingMessage.handleStreamEnd (C:\Users\khade\OneDrive\Placment\Final Year VD Project\backend\node_modules\axios\lib\adapters\http.js:798:11)
    at IncomingMessage.emit (node:events:531:35)
    at endReadableNT (node:internal/streams/readable:1698:12)
    at process.processTicksAndRejections (node:internal/process/task_queues:90:21)
    at Axios.request (C:\Users\khade\OneDrive\Placment\Final Year VD Project\backend\node_modules\axios\lib\core\Axios.js:45:41)
    at process.processTicksAndRejections (node:internal/process/task_queues:105:5)
    at async ImageService.downloadImage (C:\Users\khade\OneDrive\Placment\Final Year VD Project\backend\src\services\imageService.ts:131:30)
    at async <anonymous> (C:\Users\khade\OneDrive\Placment\Final Year VD Project\backend\src\services\aiService.ts:276:40)
    at async Promise.all (index 0)
    at async AIService.generateRoomRedesign (C:\Users\khade\OneDrive\Placment\Final Year VD Project\backend\src\services\aiService.ts:195:20)
    at async DesignController.generate (C:\Users\khade\OneDrive\Placment\Final Year VD Project\backend\src\controllers\designController.ts:67:37)
2026-02-05 21:30:49 [error]: Failed to proxy pollination image: Error: Failed to download external image: Request failed with status code 502
2026-02-05 21:30:49 [error]: AxiosError: Request failed with status code 502
    at settle (C:\Users\khade\OneDrive\Placment\Final Year VD Project\backend\node_modules\axios\lib\core\settle.js:19:12)
    at IncomingMessage.handleStreamEnd (C:\Users\khade\OneDrive\Placment\Final Year VD Project\backend\node_modules\axios\lib\adapters\http.js:798:11)
    at IncomingMessage.emit (node:events:531:35)
    at endReadableNT (node:internal/streams/readable:1698:12)
    at process.processTicksAndRejections (node:internal/process/task_queues:90:21)
    at Axios.request (C:\Users\khade\OneDrive\Placment\Final Year VD Project\backend\node_modules\axios\lib\core\Axios.js:45:41)
    at process.processTicksAndRejections (node:internal/process/task_queues:105:5)
    at async ImageService.downloadImage (C:\Users\khade\OneDrive\Placment\Final Year VD Project\backend\src\services\imageService.ts:131:30)
    at async <anonymous> (C:\Users\khade\OneDrive\Placment\Final Year VD Project\backend\src\services\aiService.ts:276:40)
    at async Promise.all (index 2)
    at async AIService.generateRoomRedesign (C:\Users\khade\OneDrive\Placment\Final Year VD Project\backend\src\services\aiService.ts:195:20)
    at async DesignController.generate (C:\Users\khade\OneDrive\Placment\Final Year VD Project\backend\src\controllers\designController.ts:67:37)
2026-02-05 21:30:49 [error]: Failed to proxy pollination image: Error: Failed to download external image: Request failed with status code 502
2026-02-05 21:30:49 [error]: AxiosError: Request failed with status code 502
    at settle (C:\Users\khade\OneDrive\Placment\Final Year VD Project\backend\node_modules\axios\lib\core\settle.js:19:12)
    at IncomingMessage.handleStreamEnd (C:\Users\khade\OneDrive\Placment\Final Year VD Project\backend\node_modules\axios\lib\adapters\http.js:798:11)
    at IncomingMessage.emit (node:events:531:35)
    at endReadableNT (node:internal/streams/readable:1698:12)
    at process.processTicksAndRejections (node:internal/process/task_queues:90:21)
    at Axios.request (C:\Users\khade\OneDrive\Placment\Final Year VD Project\backend\node_modules\axios\lib\core\Axios.js:45:41)
    at process.processTicksAndRejections (node:internal/process/task_queues:105:5)
    at async ImageService.downloadImage (C:\Users\khade\OneDrive\Placment\Final Year VD Project\backend\src\services\imageService.ts:131:30)
    at async <anonymous> (C:\Users\khade\OneDrive\Placment\Final Year VD Project\backend\src\services\aiService.ts:276:40)
    at async Promise.all (index 1)
    at async AIService.generateRoomRedesign (C:\Users\khade\OneDrive\Placment\Final Year VD Project\backend\src\services\aiService.ts:195:20)
    at async DesignController.generate (C:\Users\khade\OneDrive\Placment\Final Year VD Project\backend\src\controllers\designController.ts:67:37)
2026-02-05 21:30:49 [error]: Failed to proxy pollination image: Error: Failed to download external image: Request failed with status code 502
2026-02-05 21:30:49 [error]: AxiosError: Request failed with status code 502
    at settle (C:\Users\khade\OneDrive\Placment\Final Year VD Project\backend\node_modules\axios\lib\core\settle.js:19:12)
    at IncomingMessage.handleStreamEnd (C:\Users\khade\OneDrive\Placment\Final Year VD Project\backend\node_modules\axios\lib\adapters\http.js:798:11)
    at IncomingMessage.emit (node:events:531:35)
    at endReadableNT (node:internal/streams/readable:1698:12)
    at process.processTicksAndRejections (node:internal/process/task_queues:90:21)
    at Axios.request (C:\Users\khade\OneDrive\Placment\Final Year VD Project\backend\node_modules\axios\lib\core\Axios.js:45:41)
    at process.processTicksAndRejections (node:internal/process/task_queues:105:5)
    at async ImageService.downloadImage (C:\Users\khade\OneDrive\Placment\Final Year VD Project\backend\src\services\imageService.ts:131:30)
    at async <anonymous> (C:\Users\khade\OneDrive\Placment\Final Year VD Project\backend\src\services\aiService.ts:276:40)
    at async Promise.all (index 1)
    at async AIService.generateRoomRedesign (C:\Users\khade\OneDrive\Placment\Final Year VD Project\backend\src\services\aiService.ts:195:20)
    at async DesignController.generate (C:\Users\khade\OneDrive\Placment\Final Year VD Project\backend\src\controllers\designController.ts:67:37)
2026-02-05 21:30:49 [error]: Failed to proxy pollination image: Error: Failed to download external image: Request failed with status code 502
2026-02-05 21:30:49 [error]: AxiosError: Request failed with status code 502
    at settle (C:\Users\khade\OneDrive\Placment\Final Year VD Project\backend\node_modules\axios\lib\core\settle.js:19:12)
    at IncomingMessage.handleStreamEnd (C:\Users\khade\OneDrive\Placment\Final Year VD Project\backend\node_modules\axios\lib\adapters\http.js:798:11)
    at IncomingMessage.emit (node:events:531:35)
    at endReadableNT (node:internal/streams/readable:1698:12)
    at process.processTicksAndRejections (node:internal/process/task_queues:90:21)
    at Axios.request (C:\Users\khade\OneDrive\Placment\Final Year VD Project\backend\node_modules\axios\lib\core\Axios.js:45:41)
    at process.processTicksAndRejections (node:internal/process/task_queues:105:5)
    at async ImageService.downloadImage (C:\Users\khade\OneDrive\Placment\Final Year VD Project\backend\src\services\imageService.ts:131:30)
    at async <anonymous> (C:\Users\khade\OneDrive\Placment\Final Year VD Project\backend\src\services\aiService.ts:276:40)
    at async Promise.all (index 2)
    at async AIService.generateRoomRedesign (C:\Users\khade\OneDrive\Placment\Final Year VD Project\backend\src\services\aiService.ts:195:20)
    at async DesignController.generate (C:\Users\khade\OneDrive\Placment\Final Year VD Project\backend\src\controllers\designController.ts:67:37)
2026-02-05 21:30:49 [error]: Failed to proxy pollination image: Error: Failed to download external image: Request failed with status code 502
2026-02-05 21:30:49 [error]: AxiosError: Request failed with status code 502
    at settle (C:\Users\khade\OneDrive\Placment\Final Year VD Project\backend\node_modules\axios\lib\core\settle.js:19:12)
    at IncomingMessage.handleStreamEnd (C:\Users\khade\OneDrive\Placment\Final Year VD Project\backend\node_modules\axios\lib\adapters\http.js:798:11)
    at IncomingMessage.emit (node:events:531:35)
    at endReadableNT (node:internal/streams/readable:1698:12)
    at process.processTicksAndRejections (node:internal/process/task_queues:90:21)
    at Axios.request (C:\Users\khade\OneDrive\Placment\Final Year VD Project\backend\node_modules\axios\lib\core\Axios.js:45:41)
    at process.processTicksAndRejections (node:internal/process/task_queues:105:5)
    at async ImageService.downloadImage (C:\Users\khade\OneDrive\Placment\Final Year VD Project\backend\src\services\imageService.ts:131:30)
    at async <anonymous> (C:\Users\khade\OneDrive\Placment\Final Year VD Project\backend\src\services\aiService.ts:276:40)
    at async Promise.all (index 0)
    at async AIService.generateRoomRedesign (C:\Users\khade\OneDrive\Placment\Final Year VD Project\backend\src\services\aiService.ts:195:20)
    at async DesignController.generate (C:\Users\khade\OneDrive\Placment\Final Year VD Project\backend\src\controllers\designController.ts:67:37)
2026-02-05 21:30:49 [error]: Failed to proxy pollination image: Error: Failed to download external image: Request failed with status code 502
2026-02-05 21:37:58 [error]: Error: ENOENT: no such file or directory, unlink 'C:\Users\khade\OneDrive\Placment\Final Year VD Project\backend\https:\image.pollinations.ai\prompt\360%20equirectangular%20spherical%20panorama%2C%20Minimalist%20Living%20Room%2C%20Primary%20subject%3A%20designer%20sectional%20sofa%2C%20marble%20coffee%20table%2C%20open%20floor%20plan%2C%208k%2C%20photorealistic%2C%20no%20people?width=2048&height=1024&nologo=true&seed=939779'
    at async Object.unlink (node:internal/fs/promises:1067:10)
    at async ImageService.deleteImage (C:\Users\khade\OneDrive\Placment\Final Year VD Project\backend\src\services\imageService.ts:89:13)
    at async DesignController.delete (C:\Users\khade\OneDrive\Placment\Final Year VD Project\backend\src\controllers\designController.ts:154:17)
2026-02-05 21:37:58 [error]: Error: ENOENT: no such file or directory, unlink 'C:\Users\khade\OneDrive\Placment\Final Year VD Project\backend\https:\image.pollinations.ai\prompt\360%20equirectangular%20spherical%20panorama%2C%20Minimalist%20Living%20Room%2C%20Primary%20subject%3A%20designer%20sectional%20sofa%2C%20marble%20coffee%20table%2C%20open%20floor%20plan%2C%208k%2C%20photorealistic%2C%20no%20people?width=2048&height=1024&nologo=true&seed=129811'
    at async Object.unlink (node:internal/fs/promises:1067:10)
    at async ImageService.deleteImage (C:\Users\khade\OneDrive\Placment\Final Year VD Project\backend\src\services\imageService.ts:89:13)
    at async DesignController.delete (C:\Users\khade\OneDrive\Placment\Final Year VD Project\backend\src\controllers\designController.ts:154:17)
2026-02-05 21:37:58 [error]: Error: ENOENT: no such file or directory, unlink 'C:\Users\khade\OneDrive\Placment\Final Year VD Project\backend\https:\image.pollinations.ai\prompt\360%20equirectangular%20spherical%20panorama%2C%20Minimalist%20Living%20Room%2C%20Primary%20subject%3A%20designer%20sectional%20sofa%2C%20marble%20coffee%20table%2C%20open%20floor%20plan%2C%208k%2C%20photorealistic%2C%20no%20people?width=2048&height=1024&nologo=true&seed=411374'
    at async Object.unlink (node:internal/fs/promises:1067:10)
    at async ImageService.deleteImage (C:\Users\khade\OneDrive\Placment\Final Year VD Project\backend\src\services\imageService.ts:89:13)
    at async DesignController.delete (C:\Users\khade\OneDrive\Placment\Final Year VD Project\backend\src\controllers\designController.ts:154:17)
2026-02-05 21:38:01 [error]: Error: ENOENT: no such file or directory, unlink 'C:\Users\khade\OneDrive\Placment\Final Year VD Project\backend\https:\image.pollinations.ai\prompt\360%20equirectangular%20spherical%20panorama%2C%20Minimalist%20Living%20Room%2C%20Primary%20subject%3A%20designer%20sectional%20sofa%2C%20marble%20coffee%20table%2C%20open%20floor%20plan%2C%208k%2C%20photorealistic%2C%20no%20people?width=2048&height=1024&nologo=true&seed=486599'
    at async Object.unlink (node:internal/fs/promises:1067:10)
    at async ImageService.deleteImage (C:\Users\khade\OneDrive\Placment\Final Year VD Project\backend\src\services\imageService.ts:89:13)
    at async DesignController.delete (C:\Users\khade\OneDrive\Placment\Final Year VD Project\backend\src\controllers\designController.ts:154:17)
2026-02-05 21:38:01 [error]: Error: ENOENT: no such file or directory, unlink 'C:\Users\khade\OneDrive\Placment\Final Year VD Project\backend\https:\image.pollinations.ai\prompt\360%20equirectangular%20spherical%20panorama%2C%20Minimalist%20Living%20Room%2C%20Primary%20subject%3A%20designer%20sectional%20sofa%2C%20marble%20coffee%20table%2C%20open%20floor%20plan%2C%208k%2C%20photorealistic%2C%20no%20people?width=2048&height=1024&nologo=true&seed=528641'
    at async Object.unlink (node:internal/fs/promises:1067:10)
    at async ImageService.deleteImage (C:\Users\khade\OneDrive\Placment\Final Year VD Project\backend\src\services\imageService.ts:89:13)
    at async DesignController.delete (C:\Users\khade\OneDrive\Placment\Final Year VD Project\backend\src\controllers\designController.ts:154:17)
2026-02-05 21:38:01 [error]: Error: ENOENT: no such file or directory, unlink 'C:\Users\khade\OneDrive\Placment\Final Year VD Project\backend\https:\image.pollinations.ai\prompt\360%20equirectangular%20spherical%20panorama%2C%20Minimalist%20Living%20Room%2C%20Primary%20subject%3A%20designer%20sectional%20sofa%2C%20marble%20coffee%20table%2C%20open%20floor%20plan%2C%208k%2C%20photorealistic%2C%20no%20people?width=2048&height=1024&nologo=true&seed=706648'
    at async Object.unlink (node:internal/fs/promises:1067:10)
    at async ImageService.deleteImage (C:\Users\khade\OneDrive\Placment\Final Year VD Project\backend\src\services\imageService.ts:89:13)
    at async DesignController.delete (C:\Users\khade\OneDrive\Placment\Final Year VD Project\backend\src\controllers\designController.ts:154:17)
2026-02-05 21:39:29 [error]: AxiosError: Request failed with status code 502
    at settle (C:\Users\khade\OneDrive\Placment\Final Year VD Project\backend\node_modules\axios\lib\core\settle.js:19:12)
    at IncomingMessage.handleStreamEnd (C:\Users\khade\OneDrive\Placment\Final Year VD Project\backend\node_modules\axios\lib\adapters\http.js:798:11)
    at IncomingMessage.emit (node:events:531:35)
    at endReadableNT (node:internal/streams/readable:1698:12)
    at process.processTicksAndRejections (node:internal/process/task_queues:90:21)
    at Axios.request (C:\Users\khade\OneDrive\Placment\Final Year VD Project\backend\node_modules\axios\lib\core\Axios.js:45:41)
    at process.processTicksAndRejections (node:internal/process/task_queues:105:5)
    at async ImageService.downloadImage (C:\Users\khade\OneDrive\Placment\Final Year VD Project\backend\src\services\imageService.ts:131:30)
    at async <anonymous> (C:\Users\khade\OneDrive\Placment\Final Year VD Project\backend\src\services\aiService.ts:276:40)
    at async Promise.all (index 1)
    at async AIService.generateRoomRedesign (C:\Users\khade\OneDrive\Placment\Final Year VD Project\backend\src\services\aiService.ts:195:20)
    at async DesignController.generate (C:\Users\khade\OneDrive\Placment\Final Year VD Project\backend\src\controllers\designController.ts:67:37)
2026-02-05 21:39:29 [error]: Failed to proxy pollination image: Error: Failed to download external image: Request failed with status code 502
2026-02-05 21:39:29 [error]: AxiosError: Request failed with status code 502
    at settle (C:\Users\khade\OneDrive\Placment\Final Year VD Project\backend\node_modules\axios\lib\core\settle.js:19:12)
    at IncomingMessage.handleStreamEnd (C:\Users\khade\OneDrive\Placment\Final Year VD Project\backend\node_modules\axios\lib\adapters\http.js:798:11)
    at IncomingMessage.emit (node:events:531:35)
    at endReadableNT (node:internal/streams/readable:1698:12)
    at process.processTicksAndRejections (node:internal/process/task_queues:90:21)
    at Axios.request (C:\Users\khade\OneDrive\Placment\Final Year VD Project\backend\node_modules\axios\lib\core\Axios.js:45:41)
    at process.processTicksAndRejections (node:internal/process/task_queues:105:5)
    at async ImageService.downloadImage (C:\Users\khade\OneDrive\Placment\Final Year VD Project\backend\src\services\imageService.ts:131:30)
    at async <anonymous> (C:\Users\khade\OneDrive\Placment\Final Year VD Project\backend\src\services\aiService.ts:276:40)
    at async Promise.all (index 1)
    at async AIService.generateRoomRedesign (C:\Users\khade\OneDrive\Placment\Final Year VD Project\backend\src\services\aiService.ts:195:20)
    at async DesignController.generate (C:\Users\khade\OneDrive\Placment\Final Year VD Project\backend\src\controllers\designController.ts:67:37)
2026-02-05 21:39:29 [error]: Failed to proxy pollination image: Error: Failed to download external image: Request failed with status code 502
2026-02-05 21:39:29 [error]: AxiosError: Request failed with status code 502
    at settle (C:\Users\khade\OneDrive\Placment\Final Year VD Project\backend\node_modules\axios\lib\core\settle.js:19:12)
    at IncomingMessage.handleStreamEnd (C:\Users\khade\OneDrive\Placment\Final Year VD Project\backend\node_modules\axios\lib\adapters\http.js:798:11)
    at IncomingMessage.emit (node:events:531:35)
    at endReadableNT (node:internal/streams/readable:1698:12)
    at process.processTicksAndRejections (node:internal/process/task_queues:90:21)
    at Axios.request (C:\Users\khade\OneDrive\Placment\Final Year VD Project\backend\node_modules\axios\lib\core\Axios.js:45:41)
    at process.processTicksAndRejections (node:internal/process/task_queues:105:5)
    at async ImageService.downloadImage (C:\Users\khade\OneDrive\Placment\Final Year VD Project\backend\src\services\imageService.ts:131:30)
    at async <anonymous> (C:\Users\khade\OneDrive\Placment\Final Year VD Project\backend\src\services\aiService.ts:276:40)
    at async Promise.all (index 0)
    at async AIService.generateRoomRedesign (C:\Users\khade\OneDrive\Placment\Final Year VD Project\backend\src\services\aiService.ts:195:20)
    at async DesignController.generate (C:\Users\khade\OneDrive\Placment\Final Year VD Project\backend\src\controllers\designController.ts:67:37)
2026-02-05 21:39:29 [error]: Failed to proxy pollination image: Error: Failed to download external image: Request failed with status code 502
2026-02-05 21:39:29 [error]: AxiosError: Request failed with status code 502
    at settle (C:\Users\khade\OneDrive\Placment\Final Year VD Project\backend\node_modules\axios\lib\core\settle.js:19:12)
    at IncomingMessage.handleStreamEnd (C:\Users\khade\OneDrive\Placment\Final Year VD Project\backend\node_modules\axios\lib\adapters\http.js:798:11)
    at IncomingMessage.emit (node:events:531:35)
    at endReadableNT (node:internal/streams/readable:1698:12)
    at process.processTicksAndRejections (node:internal/process/task_queues:90:21)
    at Axios.request (C:\Users\khade\OneDrive\Placment\Final Year VD Project\backend\node_modules\axios\lib\core\Axios.js:45:41)
    at process.processTicksAndRejections (node:internal/process/task_queues:105:5)
    at async ImageService.downloadImage (C:\Users\khade\OneDrive\Placment\Final Year VD Project\backend\src\services\imageService.ts:131:30)
    at async <anonymous> (C:\Users\khade\OneDrive\Placment\Final Year VD Project\backend\src\services\aiService.ts:276:40)
    at async Promise.all (index 2)
    at async AIService.generateRoomRedesign (C:\Users\khade\OneDrive\Placment\Final Year VD Project\backend\src\services\aiService.ts:195:20)
    at async DesignController.generate (C:\Users\khade\OneDrive\Placment\Final Year VD Project\backend\src\controllers\designController.ts:67:37)
2026-02-05 21:39:29 [error]: Failed to proxy pollination image: Error: Failed to download external image: Request failed with status code 502
2026-02-05 21:39:29 [error]: AxiosError: Request failed with status code 502
    at settle (C:\Users\khade\OneDrive\Placment\Final Year VD Project\backend\node_modules\axios\lib\core\settle.js:19:12)
    at IncomingMessage.handleStreamEnd (C:\Users\khade\OneDrive\Placment\Final Year VD Project\backend\node_modules\axios\lib\adapters\http.js:798:11)
    at IncomingMessage.emit (node:events:531:35)
    at endReadableNT (node:internal/streams/readable:1698:12)
    at process.processTicksAndRejections (node:internal/process/task_queues:90:21)
    at Axios.request (C:\Users\khade\OneDrive\Placment\Final Year VD Project\backend\node_modules\axios\lib\core\Axios.js:45:41)
    at process.processTicksAndRejections (node:internal/process/task_queues:105:5)
    at async ImageService.downloadImage (C:\Users\khade\OneDrive\Placment\Final Year VD Project\backend\src\services\imageService.ts:131:30)
    at async <anonymous> (C:\Users\khade\OneDrive\Placment\Final Year VD Project\backend\src\services\aiService.ts:276:40)
    at async Promise.all (index 0)
    at async AIService.generateRoomRedesign (C:\Users\khade\OneDrive\Placment\Final Year VD Project\backend\src\services\aiService.ts:195:20)
    at async DesignController.generate (C:\Users\khade\OneDrive\Placment\Final Year VD Project\backend\src\controllers\designController.ts:67:37)
2026-02-05 21:39:29 [error]: Failed to proxy pollination image: Error: Failed to download external image: Request failed with status code 502
2026-02-05 21:39:29 [error]: AxiosError: Request failed with status code 502
    at settle (C:\Users\khade\OneDrive\Placment\Final Year VD Project\backend\node_modules\axios\lib\core\settle.js:19:12)
    at IncomingMessage.handleStreamEnd (C:\Users\khade\OneDrive\Placment\Final Year VD Project\backend\node_modules\axios\lib\adapters\http.js:798:11)
    at IncomingMessage.emit (node:events:531:35)
    at endReadableNT (node:internal/streams/readable:1698:12)
    at process.processTicksAndRejections (node:internal/process/task_queues:90:21)
    at Axios.request (C:\Users\khade\OneDrive\Placment\Final Year VD Project\backend\node_modules\axios\lib\core\Axios.js:45:41)
    at process.processTicksAndRejections (node:internal/process/task_queues:105:5)
    at async ImageService.downloadImage (C:\Users\khade\OneDrive\Placment\Final Year VD Project\backend\src\services\imageService.ts:131:30)
    at async <anonymous> (C:\Users\khade\OneDrive\Placment\Final Year VD Project\backend\src\services\aiService.ts:276:40)
    at async Promise.all (index 2)
    at async AIService.generateRoomRedesign (C:\Users\khade\OneDrive\Placment\Final Year VD Project\backend\src\services\aiService.ts:195:20)
    at async DesignController.generate (C:\Users\khade\OneDrive\Placment\Final Year VD Project\backend\src\controllers\designController.ts:67:37)
2026-02-05 21:39:29 [error]: Failed to proxy pollination image: Error: Failed to download external image: Request failed with status code 502
2026-02-05 21:49:48 [error]: AxiosError: Request failed with status code 502
    at settle (C:\Users\khade\OneDrive\Placment\Final Year VD Project\backend\node_modules\axios\lib\core\settle.js:19:12)
    at IncomingMessage.handleStreamEnd (C:\Users\khade\OneDrive\Placment\Final Year VD Project\backend\node_modules\axios\lib\adapters\http.js:798:11)
    at IncomingMessage.emit (node:events:531:35)
    at endReadableNT (node:internal/streams/readable:1698:12)
    at process.processTicksAndRejections (node:internal/process/task_queues:90:21)
    at Axios.request (C:\Users\khade\OneDrive\Placment\Final Year VD Project\backend\node_modules\axios\lib\core\Axios.js:45:41)
    at process.processTicksAndRejections (node:internal/process/task_queues:105:5)
    at async ImageService.downloadImage (C:\Users\khade\OneDrive\Placment\Final Year VD Project\backend\src\services\imageService.ts:137:34)
    at async <anonymous> (C:\Users\khade\OneDrive\Placment\Final Year VD Project\backend\src\services\aiService.ts:276:40)
    at async Promise.all (index 0)
    at async AIService.generateRoomRedesign (C:\Users\khade\OneDrive\Placment\Final Year VD Project\backend\src\services\aiService.ts:195:20)
    at async DesignController.generate (C:\Users\khade\OneDrive\Placment\Final Year VD Project\backend\src\controllers\designController.ts:67:37)
2026-02-05 21:49:48 [error]: AxiosError: Request failed with status code 502
    at settle (C:\Users\khade\OneDrive\Placment\Final Year VD Project\backend\node_modules\axios\lib\core\settle.js:19:12)
    at IncomingMessage.handleStreamEnd (C:\Users\khade\OneDrive\Placment\Final Year VD Project\backend\node_modules\axios\lib\adapters\http.js:798:11)
    at IncomingMessage.emit (node:events:531:35)
    at endReadableNT (node:internal/streams/readable:1698:12)
    at process.processTicksAndRejections (node:internal/process/task_queues:90:21)
    at Axios.request (C:\Users\khade\OneDrive\Placment\Final Year VD Project\backend\node_modules\axios\lib\core\Axios.js:45:41)
    at process.processTicksAndRejections (node:internal/process/task_queues:105:5)
    at async ImageService.downloadImage (C:\Users\khade\OneDrive\Placment\Final Year VD Project\backend\src\services\imageService.ts:137:34)
    at async <anonymous> (C:\Users\khade\OneDrive\Placment\Final Year VD Project\backend\src\services\aiService.ts:276:40)
    at async Promise.all (index 2)
    at async AIService.generateRoomRedesign (C:\Users\khade\OneDrive\Placment\Final Year VD Project\backend\src\services\aiService.ts:195:20)
    at async DesignController.generate (C:\Users\khade\OneDrive\Placment\Final Year VD Project\backend\src\controllers\designController.ts:67:37)
2026-02-05 21:49:48 [error]: AxiosError: Request failed with status code 502
    at settle (C:\Users\khade\OneDrive\Placment\Final Year VD Project\backend\node_modules\axios\lib\core\settle.js:19:12)
    at IncomingMessage.handleStreamEnd (C:\Users\khade\OneDrive\Placment\Final Year VD Project\backend\node_modules\axios\lib\adapters\http.js:798:11)
    at IncomingMessage.emit (node:events:531:35)
    at endReadableNT (node:internal/streams/readable:1698:12)
    at process.processTicksAndRejections (node:internal/process/task_queues:90:21)
    at Axios.request (C:\Users\khade\OneDrive\Placment\Final Year VD Project\backend\node_modules\axios\lib\core\Axios.js:45:41)
    at process.processTicksAndRejections (node:internal/process/task_queues:105:5)
    at async ImageService.downloadImage (C:\Users\khade\OneDrive\Placment\Final Year VD Project\backend\src\services\imageService.ts:137:34)
    at async <anonymous> (C:\Users\khade\OneDrive\Placment\Final Year VD Project\backend\src\services\aiService.ts:276:40)
    at async Promise.all (index 2)
    at async AIService.generateRoomRedesign (C:\Users\khade\OneDrive\Placment\Final Year VD Project\backend\src\services\aiService.ts:195:20)
    at async DesignController.generate (C:\Users\khade\OneDrive\Placment\Final Year VD Project\backend\src\controllers\designController.ts:67:37)
2026-02-05 21:49:48 [error]: AxiosError: Request failed with status code 502
    at settle (C:\Users\khade\OneDrive\Placment\Final Year VD Project\backend\node_modules\axios\lib\core\settle.js:19:12)
    at IncomingMessage.handleStreamEnd (C:\Users\khade\OneDrive\Placment\Final Year VD Project\backend\node_modules\axios\lib\adapters\http.js:798:11)
    at IncomingMessage.emit (node:events:531:35)
    at endReadableNT (node:internal/streams/readable:1698:12)
    at process.processTicksAndRejections (node:internal/process/task_queues:90:21)
    at Axios.request (C:\Users\khade\OneDrive\Placment\Final Year VD Project\backend\node_modules\axios\lib\core\Axios.js:45:41)
    at process.processTicksAndRejections (node:internal/process/task_queues:105:5)
    at async ImageService.downloadImage (C:\Users\khade\OneDrive\Placment\Final Year VD Project\backend\src\services\imageService.ts:137:34)
    at async <anonymous> (C:\Users\khade\OneDrive\Placment\Final Year VD Project\backend\src\services\aiService.ts:276:40)
    at async Promise.all (index 1)
    at async AIService.generateRoomRedesign (C:\Users\khade\OneDrive\Placment\Final Year VD Project\backend\src\services\aiService.ts:195:20)
    at async DesignController.generate (C:\Users\khade\OneDrive\Placment\Final Year VD Project\backend\src\controllers\designController.ts:67:37)
2026-02-05 21:49:48 [error]: AxiosError: Request failed with status code 502
    at settle (C:\Users\khade\OneDrive\Placment\Final Year VD Project\backend\node_modules\axios\lib\core\settle.js:19:12)
    at IncomingMessage.handleStreamEnd (C:\Users\khade\OneDrive\Placment\Final Year VD Project\backend\node_modules\axios\lib\adapters\http.js:798:11)
    at IncomingMessage.emit (node:events:531:35)
    at endReadableNT (node:internal/streams/readable:1698:12)
    at process.processTicksAndRejections (node:internal/process/task_queues:90:21)
    at Axios.request (C:\Users\khade\OneDrive\Placment\Final Year VD Project\backend\node_modules\axios\lib\core\Axios.js:45:41)
    at process.processTicksAndRejections (node:internal/process/task_queues:105:5)
    at async ImageService.downloadImage (C:\Users\khade\OneDrive\Placment\Final Year VD Project\backend\src\services\imageService.ts:137:34)
    at async <anonymous> (C:\Users\khade\OneDrive\Placment\Final Year VD Project\backend\src\services\aiService.ts:276:40)
    at async Promise.all (index 1)
    at async AIService.generateRoomRedesign (C:\Users\khade\OneDrive\Placment\Final Year VD Project\backend\src\services\aiService.ts:195:20)
    at async DesignController.generate (C:\Users\khade\OneDrive\Placment\Final Year VD Project\backend\src\controllers\designController.ts:67:37)
2026-02-05 21:49:49 [error]: AxiosError: Request failed with status code 502
    at settle (C:\Users\khade\OneDrive\Placment\Final Year VD Project\backend\node_modules\axios\lib\core\settle.js:19:12)
    at IncomingMessage.handleStreamEnd (C:\Users\khade\OneDrive\Placment\Final Year VD Project\backend\node_modules\axios\lib\adapters\http.js:798:11)
    at IncomingMessage.emit (node:events:531:35)
    at endReadableNT (node:internal/streams/readable:1698:12)
    at process.processTicksAndRejections (node:internal/process/task_queues:90:21)
    at Axios.request (C:\Users\khade\OneDrive\Placment\Final Year VD Project\backend\node_modules\axios\lib\core\Axios.js:45:41)
    at process.processTicksAndRejections (node:internal/process/task_queues:105:5)
    at async ImageService.downloadImage (C:\Users\khade\OneDrive\Placment\Final Year VD Project\backend\src\services\imageService.ts:137:34)
    at async <anonymous> (C:\Users\khade\OneDrive\Placment\Final Year VD Project\backend\src\services\aiService.ts:276:40)
    at async Promise.all (index 0)
    at async AIService.generateRoomRedesign (C:\Users\khade\OneDrive\Placment\Final Year VD Project\backend\src\services\aiService.ts:195:20)
    at async DesignController.generate (C:\Users\khade\OneDrive\Placment\Final Year VD Project\backend\src\controllers\designController.ts:67:37)
2026-02-05 21:49:50 [error]: AxiosError: Request failed with status code 502
    at settle (C:\Users\khade\OneDrive\Placment\Final Year VD Project\backend\node_modules\axios\lib\core\settle.js:19:12)
    at IncomingMessage.handleStreamEnd (C:\Users\khade\OneDrive\Placment\Final Year VD Project\backend\node_modules\axios\lib\adapters\http.js:798:11)
    at IncomingMessage.emit (node:events:531:35)
    at endReadableNT (node:internal/streams/readable:1698:12)
    at process.processTicksAndRejections (node:internal/process/task_queues:90:21)
    at Axios.request (C:\Users\khade\OneDrive\Placment\Final Year VD Project\backend\node_modules\axios\lib\core\Axios.js:45:41)
    at process.processTicksAndRejections (node:internal/process/task_queues:105:5)
    at async ImageService.downloadImage (C:\Users\khade\OneDrive\Placment\Final Year VD Project\backend\src\services\imageService.ts:137:34)
    at async <anonymous> (C:\Users\khade\OneDrive\Placment\Final Year VD Project\backend\src\services\aiService.ts:276:40)
    at async Promise.all (index 0)
    at async AIService.generateRoomRedesign (C:\Users\khade\OneDrive\Placment\Final Year VD Project\backend\src\services\aiService.ts:195:20)
    at async DesignController.generate (C:\Users\khade\OneDrive\Placment\Final Year VD Project\backend\src\controllers\designController.ts:67:37)
2026-02-05 21:49:51 [error]: AxiosError: Request failed with status code 502
    at settle (C:\Users\khade\OneDrive\Placment\Final Year VD Project\backend\node_modules\axios\lib\core\settle.js:19:12)
    at IncomingMessage.handleStreamEnd (C:\Users\khade\OneDrive\Placment\Final Year VD Project\backend\node_modules\axios\lib\adapters\http.js:798:11)
    at IncomingMessage.emit (node:events:531:35)
    at endReadableNT (node:internal/streams/readable:1698:12)
    at process.processTicksAndRejections (node:internal/process/task_queues:90:21)
    at Axios.request (C:\Users\khade\OneDrive\Placment\Final Year VD Project\backend\node_modules\axios\lib\core\Axios.js:45:41)
    at process.processTicksAndRejections (node:internal/process/task_queues:105:5)
    at async ImageService.downloadImage (C:\Users\khade\OneDrive\Placment\Final Year VD Project\backend\src\services\imageService.ts:137:34)
    at async <anonymous> (C:\Users\khade\OneDrive\Placment\Final Year VD Project\backend\src\services\aiService.ts:276:40)
    at async Promise.all (index 2)
    at async AIService.generateRoomRedesign (C:\Users\khade\OneDrive\Placment\Final Year VD Project\backend\src\services\aiService.ts:195:20)
    at async DesignController.generate (C:\Users\khade\OneDrive\Placment\Final Year VD Project\backend\src\controllers\designController.ts:67:37)
2026-02-05 21:49:51 [error]: AxiosError: Request failed with status code 502
    at settle (C:\Users\khade\OneDrive\Placment\Final Year VD Project\backend\node_modules\axios\lib\core\settle.js:19:12)
    at IncomingMessage.handleStreamEnd (C:\Users\khade\OneDrive\Placment\Final Year VD Project\backend\node_modules\axios\lib\adapters\http.js:798:11)
    at IncomingMessage.emit (node:events:531:35)
    at endReadableNT (node:internal/streams/readable:1698:12)
    at process.processTicksAndRejections (node:internal/process/task_queues:90:21)
    at Axios.request (C:\Users\khade\OneDrive\Placment\Final Year VD Project\backend\node_modules\axios\lib\core\Axios.js:45:41)
    at process.processTicksAndRejections (node:internal/process/task_queues:105:5)
    at async ImageService.downloadImage (C:\Users\khade\OneDrive\Placment\Final Year VD Project\backend\src\services\imageService.ts:137:34)
    at async <anonymous> (C:\Users\khade\OneDrive\Placment\Final Year VD Project\backend\src\services\aiService.ts:276:40)
    at async Promise.all (index 2)
    at async AIService.generateRoomRedesign (C:\Users\khade\OneDrive\Placment\Final Year VD Project\backend\src\services\aiService.ts:195:20)
    at async DesignController.generate (C:\Users\khade\OneDrive\Placment\Final Year VD Project\backend\src\controllers\designController.ts:67:37)
2026-02-05 21:49:51 [error]: AxiosError: Request failed with status code 502
    at settle (C:\Users\khade\OneDrive\Placment\Final Year VD Project\backend\node_modules\axios\lib\core\settle.js:19:12)
    at IncomingMessage.handleStreamEnd (C:\Users\khade\OneDrive\Placment\Final Year VD Project\backend\node_modules\axios\lib\adapters\http.js:798:11)
    at IncomingMessage.emit (node:events:531:35)
    at endReadableNT (node:internal/streams/readable:1698:12)
    at process.processTicksAndRejections (node:internal/process/task_queues:90:21)
    at Axios.request (C:\Users\khade\OneDrive\Placment\Final Year VD Project\backend\node_modules\axios\lib\core\Axios.js:45:41)
    at process.processTicksAndRejections (node:internal/process/task_queues:105:5)
    at async ImageService.downloadImage (C:\Users\khade\OneDrive\Placment\Final Year VD Project\backend\src\services\imageService.ts:137:34)
    at async <anonymous> (C:\Users\khade\OneDrive\Placment\Final Year VD Project\backend\src\services\aiService.ts:276:40)
    at async Promise.all (index 1)
    at async AIService.generateRoomRedesign (C:\Users\khade\OneDrive\Placment\Final Year VD Project\backend\src\services\aiService.ts:195:20)
    at async DesignController.generate (C:\Users\khade\OneDrive\Placment\Final Year VD Project\backend\src\controllers\designController.ts:67:37)
2026-02-05 21:49:51 [error]: AxiosError: Request failed with status code 502
    at settle (C:\Users\khade\OneDrive\Placment\Final Year VD Project\backend\node_modules\axios\lib\core\settle.js:19:12)
    at IncomingMessage.handleStreamEnd (C:\Users\khade\OneDrive\Placment\Final Year VD Project\backend\node_modules\axios\lib\adapters\http.js:798:11)
    at IncomingMessage.emit (node:events:531:35)
    at endReadableNT (node:internal/streams/readable:1698:12)
    at process.processTicksAndRejections (node:internal/process/task_queues:90:21)
    at Axios.request (C:\Users\khade\OneDrive\Placment\Final Year VD Project\backend\node_modules\axios\lib\core\Axios.js:45:41)
    at process.processTicksAndRejections (node:internal/process/task_queues:105:5)
    at async ImageService.downloadImage (C:\Users\khade\OneDrive\Placment\Final Year VD Project\backend\src\services\imageService.ts:137:34)
    at async <anonymous> (C:\Users\khade\OneDrive\Placment\Final Year VD Project\backend\src\services\aiService.ts:276:40)
    at async Promise.all (index 1)
    at async AIService.generateRoomRedesign (C:\Users\khade\OneDrive\Placment\Final Year VD Project\backend\src\services\aiService.ts:195:20)
    at async DesignController.generate (C:\Users\khade\OneDrive\Placment\Final Year VD Project\backend\src\controllers\designController.ts:67:37)
2026-02-05 21:49:51 [error]: AxiosError: Request failed with status code 502
    at settle (C:\Users\khade\OneDrive\Placment\Final Year VD Project\backend\node_modules\axios\lib\core\settle.js:19:12)
    at IncomingMessage.handleStreamEnd (C:\Users\khade\OneDrive\Placment\Final Year VD Project\backend\node_modules\axios\lib\adapters\http.js:798:11)
    at IncomingMessage.emit (node:events:531:35)
    at endReadableNT (node:internal/streams/readable:1698:12)
    at process.processTicksAndRejections (node:internal/process/task_queues:90:21)
    at Axios.request (C:\Users\khade\OneDrive\Placment\Final Year VD Project\backend\node_modules\axios\lib\core\Axios.js:45:41)
    at process.processTicksAndRejections (node:internal/process/task_queues:105:5)
    at async ImageService.downloadImage (C:\Users\khade\OneDrive\Placment\Final Year VD Project\backend\src\services\imageService.ts:137:34)
    at async <anonymous> (C:\Users\khade\OneDrive\Placment\Final Year VD Project\backend\src\services\aiService.ts:276:40)
    at async Promise.all (index 0)
    at async AIService.generateRoomRedesign (C:\Users\khade\OneDrive\Placment\Final Year VD Project\backend\src\services\aiService.ts:195:20)
    at async DesignController.generate (C:\Users\khade\OneDrive\Placment\Final Year VD Project\backend\src\controllers\designController.ts:67:37)
2026-02-05 21:49:55 [error]: AxiosError: Request failed with status code 502
    at settle (C:\Users\khade\OneDrive\Placment\Final Year VD Project\backend\node_modules\axios\lib\core\settle.js:19:12)
    at IncomingMessage.handleStreamEnd (C:\Users\khade\OneDrive\Placment\Final Year VD Project\backend\node_modules\axios\lib\adapters\http.js:798:11)
    at IncomingMessage.emit (node:events:531:35)
    at endReadableNT (node:internal/streams/readable:1698:12)
    at process.processTicksAndRejections (node:internal/process/task_queues:90:21)
    at Axios.request (C:\Users\khade\OneDrive\Placment\Final Year VD Project\backend\node_modules\axios\lib\core\Axios.js:45:41)
    at process.processTicksAndRejections (node:internal/process/task_queues:105:5)
    at async ImageService.downloadImage (C:\Users\khade\OneDrive\Placment\Final Year VD Project\backend\src\services\imageService.ts:137:34)
    at async <anonymous> (C:\Users\khade\OneDrive\Placment\Final Year VD Project\backend\src\services\aiService.ts:276:40)
    at async Promise.all (index 0)
    at async AIService.generateRoomRedesign (C:\Users\khade\OneDrive\Placment\Final Year VD Project\backend\src\services\aiService.ts:195:20)
    at async DesignController.generate (C:\Users\khade\OneDrive\Placment\Final Year VD Project\backend\src\controllers\designController.ts:67:37)
2026-02-05 21:49:55 [error]: Failed to proxy pollination image: Error: Failed to download image after 3 attempts: Request failed with status code 502
2026-02-05 21:49:56 [error]: AxiosError: Request failed with status code 502
    at settle (C:\Users\khade\OneDrive\Placment\Final Year VD Project\backend\node_modules\axios\lib\core\settle.js:19:12)
    at IncomingMessage.handleStreamEnd (C:\Users\khade\OneDrive\Placment\Final Year VD Project\backend\node_modules\axios\lib\adapters\http.js:798:11)
    at IncomingMessage.emit (node:events:531:35)
    at endReadableNT (node:internal/streams/readable:1698:12)
    at process.processTicksAndRejections (node:internal/process/task_queues:90:21)
    at Axios.request (C:\Users\khade\OneDrive\Placment\Final Year VD Project\backend\node_modules\axios\lib\core\Axios.js:45:41)
    at process.processTicksAndRejections (node:internal/process/task_queues:105:5)
    at async ImageService.downloadImage (C:\Users\khade\OneDrive\Placment\Final Year VD Project\backend\src\services\imageService.ts:137:34)
    at async <anonymous> (C:\Users\khade\OneDrive\Placment\Final Year VD Project\backend\src\services\aiService.ts:276:40)
    at async Promise.all (index 2)
    at async AIService.generateRoomRedesign (C:\Users\khade\OneDrive\Placment\Final Year VD Project\backend\src\services\aiService.ts:195:20)
    at async DesignController.generate (C:\Users\khade\OneDrive\Placment\Final Year VD Project\backend\src\controllers\designController.ts:67:37)
2026-02-05 21:49:56 [error]: Failed to proxy pollination image: Error: Failed to download image after 3 attempts: Request failed with status code 502
2026-02-05 21:49:56 [error]: AxiosError: Request failed with status code 502
    at settle (C:\Users\khade\OneDrive\Placment\Final Year VD Project\backend\node_modules\axios\lib\core\settle.js:19:12)
    at IncomingMessage.handleStreamEnd (C:\Users\khade\OneDrive\Placment\Final Year VD Project\backend\node_modules\axios\lib\adapters\http.js:798:11)
    at IncomingMessage.emit (node:events:531:35)
    at endReadableNT (node:internal/streams/readable:1698:12)
    at process.processTicksAndRejections (node:internal/process/task_queues:90:21)
    at Axios.request (C:\Users\khade\OneDrive\Placment\Final Year VD Project\backend\node_modules\axios\lib\core\Axios.js:45:41)
    at process.processTicksAndRejections (node:internal/process/task_queues:105:5)
    at async ImageService.downloadImage (C:\Users\khade\OneDrive\Placment\Final Year VD Project\backend\src\services\imageService.ts:137:34)
    at async <anonymous> (C:\Users\khade\OneDrive\Placment\Final Year VD Project\backend\src\services\aiService.ts:276:40)
    at async Promise.all (index 1)
    at async AIService.generateRoomRedesign (C:\Users\khade\OneDrive\Placment\Final Year VD Project\backend\src\services\aiService.ts:195:20)
    at async DesignController.generate (C:\Users\khade\OneDrive\Placment\Final Year VD Project\backend\src\controllers\designController.ts:67:37)
2026-02-05 21:49:56 [error]: Failed to proxy pollination image: Error: Failed to download image after 3 attempts: Request failed with status code 502
2026-02-05 21:49:56 [error]: AxiosError: Request failed with status code 502
    at settle (C:\Users\khade\OneDrive\Placment\Final Year VD Project\backend\node_modules\axios\lib\core\settle.js:19:12)
    at IncomingMessage.handleStreamEnd (C:\Users\khade\OneDrive\Placment\Final Year VD Project\backend\node_modules\axios\lib\adapters\http.js:798:11)
    at IncomingMessage.emit (node:events:531:35)
    at endReadableNT (node:internal/streams/readable:1698:12)
    at process.processTicksAndRejections (node:internal/process/task_queues:90:21)
    at Axios.request (C:\Users\khade\OneDrive\Placment\Final Year VD Project\backend\node_modules\axios\lib\core\Axios.js:45:41)
    at process.processTicksAndRejections (node:internal/process/task_queues:105:5)
    at async ImageService.downloadImage (C:\Users\khade\OneDrive\Placment\Final Year VD Project\backend\src\services\imageService.ts:137:34)
    at async <anonymous> (C:\Users\khade\OneDrive\Placment\Final Year VD Project\backend\src\services\aiService.ts:276:40)
    at async Promise.all (index 1)
    at async AIService.generateRoomRedesign (C:\Users\khade\OneDrive\Placment\Final Year VD Project\backend\src\services\aiService.ts:195:20)
    at async DesignController.generate (C:\Users\khade\OneDrive\Placment\Final Year VD Project\backend\src\controllers\designController.ts:67:37)
2026-02-05 21:49:56 [error]: Failed to proxy pollination image: Error: Failed to download image after 3 attempts: Request failed with status code 502
2026-02-05 21:49:56 [error]: AxiosError: Request failed with status code 502
    at settle (C:\Users\khade\OneDrive\Placment\Final Year VD Project\backend\node_modules\axios\lib\core\settle.js:19:12)
    at IncomingMessage.handleStreamEnd (C:\Users\khade\OneDrive\Placment\Final Year VD Project\backend\node_modules\axios\lib\adapters\http.js:798:11)
    at IncomingMessage.emit (node:events:531:35)
    at endReadableNT (node:internal/streams/readable:1698:12)
    at process.processTicksAndRejections (node:internal/process/task_queues:90:21)
    at Axios.request (C:\Users\khade\OneDrive\Placment\Final Year VD Project\backend\node_modules\axios\lib\core\Axios.js:45:41)
    at process.processTicksAndRejections (node:internal/process/task_queues:105:5)
    at async ImageService.downloadImage (C:\Users\khade\OneDrive\Placment\Final Year VD Project\backend\src\services\imageService.ts:137:34)
    at async <anonymous> (C:\Users\khade\OneDrive\Placment\Final Year VD Project\backend\src\services\aiService.ts:276:40)
    at async Promise.all (index 2)
    at async AIService.generateRoomRedesign (C:\Users\khade\OneDrive\Placment\Final Year VD Project\backend\src\services\aiService.ts:195:20)
    at async DesignController.generate (C:\Users\khade\OneDrive\Placment\Final Year VD Project\backend\src\controllers\designController.ts:67:37)
2026-02-05 21:49:56 [error]: Failed to proxy pollination image: Error: Failed to download image after 3 attempts: Request failed with status code 502
2026-02-05 21:49:56 [error]: AxiosError: Request failed with status code 502
    at settle (C:\Users\khade\OneDrive\Placment\Final Year VD Project\backend\node_modules\axios\lib\core\settle.js:19:12)
    at IncomingMessage.handleStreamEnd (C:\Users\khade\OneDrive\Placment\Final Year VD Project\backend\node_modules\axios\lib\adapters\http.js:798:11)
    at IncomingMessage.emit (node:events:531:35)
    at endReadableNT (node:internal/streams/readable:1698:12)
    at process.processTicksAndRejections (node:internal/process/task_queues:90:21)
    at Axios.request (C:\Users\khade\OneDrive\Placment\Final Year VD Project\backend\node_modules\axios\lib\core\Axios.js:45:41)
    at process.processTicksAndRejections (node:internal/process/task_queues:105:5)
    at async ImageService.downloadImage (C:\Users\khade\OneDrive\Placment\Final Year VD Project\backend\src\services\imageService.ts:137:34)
    at async <anonymous> (C:\Users\khade\OneDrive\Placment\Final Year VD Project\backend\src\services\aiService.ts:276:40)
    at async Promise.all (index 0)
    at async AIService.generateRoomRedesign (C:\Users\khade\OneDrive\Placment\Final Year VD Project\backend\src\services\aiService.ts:195:20)
    at async DesignController.generate (C:\Users\khade\OneDrive\Placment\Final Year VD Project\backend\src\controllers\designController.ts:67:37)
2026-02-05 21:49:56 [error]: Failed to proxy pollination image: Error: Failed to download image after 3 attempts: Request failed with status code 502
2026-02-05 21:53:30 [error]: AxiosError: Request failed with status code 502
    at settle (C:\Users\khade\OneDrive\Placment\Final Year VD Project\backend\node_modules\axios\lib\core\settle.js:19:12)
    at IncomingMessage.handleStreamEnd (C:\Users\khade\OneDrive\Placment\Final Year VD Project\backend\node_modules\axios\lib\adapters\http.js:798:11)
    at IncomingMessage.emit (node:events:531:35)
    at endReadableNT (node:internal/streams/readable:1698:12)
    at process.processTicksAndRejections (node:internal/process/task_queues:90:21)
    at Axios.request (C:\Users\khade\OneDrive\Placment\Final Year VD Project\backend\node_modules\axios\lib\core\Axios.js:45:41)
    at process.processTicksAndRejections (node:internal/process/task_queues:105:5)
    at async ImageService.downloadImage (C:\Users\khade\OneDrive\Placment\Final Year VD Project\backend\src\services\imageService.ts:137:34)
    at async <anonymous> (C:\Users\khade\OneDrive\Placment\Final Year VD Project\backend\src\services\aiService.ts:276:40)
    at async Promise.all (index 1)
    at async AIService.generateRoomRedesign (C:\Users\khade\OneDrive\Placment\Final Year VD Project\backend\src\services\aiService.ts:195:20)
    at async DesignController.generate (C:\Users\khade\OneDrive\Placment\Final Year VD Project\backend\src\controllers\designController.ts:67:37)
2026-02-05 21:53:30 [error]: AxiosError: Request failed with status code 502
    at settle (C:\Users\khade\OneDrive\Placment\Final Year VD Project\backend\node_modules\axios\lib\core\settle.js:19:12)
    at IncomingMessage.handleStreamEnd (C:\Users\khade\OneDrive\Placment\Final Year VD Project\backend\node_modules\axios\lib\adapters\http.js:798:11)
    at IncomingMessage.emit (node:events:531:35)
    at endReadableNT (node:internal/streams/readable:1698:12)
    at process.processTicksAndRejections (node:internal/process/task_queues:90:21)
    at Axios.request (C:\Users\khade\OneDrive\Placment\Final Year VD Project\backend\node_modules\axios\lib\core\Axios.js:45:41)
    at process.processTicksAndRejections (node:internal/process/task_queues:105:5)
    at async ImageService.downloadImage (C:\Users\khade\OneDrive\Placment\Final Year VD Project\backend\src\services\imageService.ts:137:34)
    at async <anonymous> (C:\Users\khade\OneDrive\Placment\Final Year VD Project\backend\src\services\aiService.ts:276:40)
    at async Promise.all (index 1)
    at async AIService.generateRoomRedesign (C:\Users\khade\OneDrive\Placment\Final Year VD Project\backend\src\services\aiService.ts:195:20)
    at async DesignController.generate (C:\Users\khade\OneDrive\Placment\Final Year VD Project\backend\src\controllers\designController.ts:67:37)
2026-02-05 21:53:30 [error]: AxiosError: Request failed with status code 502
    at settle (C:\Users\khade\OneDrive\Placment\Final Year VD Project\backend\node_modules\axios\lib\core\settle.js:19:12)
    at IncomingMessage.handleStreamEnd (C:\Users\khade\OneDrive\Placment\Final Year VD Project\backend\node_modules\axios\lib\adapters\http.js:798:11)
    at IncomingMessage.emit (node:events:531:35)
    at endReadableNT (node:internal/streams/readable:1698:12)
    at process.processTicksAndRejections (node:internal/process/task_queues:90:21)
    at Axios.request (C:\Users\khade\OneDrive\Placment\Final Year VD Project\backend\node_modules\axios\lib\core\Axios.js:45:41)
    at process.processTicksAndRejections (node:internal/process/task_queues:105:5)
    at async ImageService.downloadImage (C:\Users\khade\OneDrive\Placment\Final Year VD Project\backend\src\services\imageService.ts:137:34)
    at async <anonymous> (C:\Users\khade\OneDrive\Placment\Final Year VD Project\backend\src\services\aiService.ts:276:40)
    at async Promise.all (index 2)
    at async AIService.generateRoomRedesign (C:\Users\khade\OneDrive\Placment\Final Year VD Project\backend\src\services\aiService.ts:195:20)
    at async DesignController.generate (C:\Users\khade\OneDrive\Placment\Final Year VD Project\backend\src\controllers\designController.ts:67:37)
2026-02-05 21:53:30 [error]: AxiosError: Request failed with status code 502
    at settle (C:\Users\khade\OneDrive\Placment\Final Year VD Project\backend\node_modules\axios\lib\core\settle.js:19:12)
    at IncomingMessage.handleStreamEnd (C:\Users\khade\OneDrive\Placment\Final Year VD Project\backend\node_modules\axios\lib\adapters\http.js:798:11)
    at IncomingMessage.emit (node:events:531:35)
    at endReadableNT (node:internal/streams/readable:1698:12)
    at process.processTicksAndRejections (node:internal/process/task_queues:90:21)
    at Axios.request (C:\Users\khade\OneDrive\Placment\Final Year VD Project\backend\node_modules\axios\lib\core\Axios.js:45:41)
    at process.processTicksAndRejections (node:internal/process/task_queues:105:5)
    at async ImageService.downloadImage (C:\Users\khade\OneDrive\Placment\Final Year VD Project\backend\src\services\imageService.ts:137:34)
    at async <anonymous> (C:\Users\khade\OneDrive\Placment\Final Year VD Project\backend\src\services\aiService.ts:276:40)
    at async Promise.all (index 0)
    at async AIService.generateRoomRedesign (C:\Users\khade\OneDrive\Placment\Final Year VD Project\backend\src\services\aiService.ts:195:20)
    at async DesignController.generate (C:\Users\khade\OneDrive\Placment\Final Year VD Project\backend\src\controllers\designController.ts:67:37)
2026-02-05 21:53:30 [error]: AxiosError: Request failed with status code 502
    at settle (C:\Users\khade\OneDrive\Placment\Final Year VD Project\backend\node_modules\axios\lib\core\settle.js:19:12)
    at IncomingMessage.handleStreamEnd (C:\Users\khade\OneDrive\Placment\Final Year VD Project\backend\node_modules\axios\lib\adapters\http.js:798:11)
    at IncomingMessage.emit (node:events:531:35)
    at endReadableNT (node:internal/streams/readable:1698:12)
    at process.processTicksAndRejections (node:internal/process/task_queues:90:21)
    at Axios.request (C:\Users\khade\OneDrive\Placment\Final Year VD Project\backend\node_modules\axios\lib\core\Axios.js:45:41)
    at process.processTicksAndRejections (node:internal/process/task_queues:105:5)
    at async ImageService.downloadImage (C:\Users\khade\OneDrive\Placment\Final Year VD Project\backend\src\services\imageService.ts:137:34)
    at async <anonymous> (C:\Users\khade\OneDrive\Placment\Final Year VD Project\backend\src\services\aiService.ts:276:40)
    at async Promise.all (index 0)
    at async AIService.generateRoomRedesign (C:\Users\khade\OneDrive\Placment\Final Year VD Project\backend\src\services\aiService.ts:195:20)
    at async DesignController.generate (C:\Users\khade\OneDrive\Placment\Final Year VD Project\backend\src\controllers\designController.ts:67:37)
2026-02-05 21:53:30 [error]: AxiosError: Request failed with status code 502
    at settle (C:\Users\khade\OneDrive\Placment\Final Year VD Project\backend\node_modules\axios\lib\core\settle.js:19:12)
    at IncomingMessage.handleStreamEnd (C:\Users\khade\OneDrive\Placment\Final Year VD Project\backend\node_modules\axios\lib\adapters\http.js:798:11)
    at IncomingMessage.emit (node:events:531:35)
    at endReadableNT (node:internal/streams/readable:1698:12)
    at process.processTicksAndRejections (node:internal/process/task_queues:90:21)
    at Axios.request (C:\Users\khade\OneDrive\Placment\Final Year VD Project\backend\node_modules\axios\lib\core\Axios.js:45:41)
    at process.processTicksAndRejections (node:internal/process/task_queues:105:5)
    at async ImageService.downloadImage (C:\Users\khade\OneDrive\Placment\Final Year VD Project\backend\src\services\imageService.ts:137:34)
    at async <anonymous> (C:\Users\khade\OneDrive\Placment\Final Year VD Project\backend\src\services\aiService.ts:276:40)
    at async Promise.all (index 2)
    at async AIService.generateRoomRedesign (C:\Users\khade\OneDrive\Placment\Final Year VD Project\backend\src\services\aiService.ts:195:20)
    at async DesignController.generate (C:\Users\khade\OneDrive\Placment\Final Year VD Project\backend\src\controllers\designController.ts:67:37)
2026-02-05 21:53:32 [error]: AxiosError: Request failed with status code 502
    at settle (C:\Users\khade\OneDrive\Placment\Final Year VD Project\backend\node_modules\axios\lib\core\settle.js:19:12)
    at IncomingMessage.handleStreamEnd (C:\Users\khade\OneDrive\Placment\Final Year VD Project\backend\node_modules\axios\lib\adapters\http.js:798:11)
    at IncomingMessage.emit (node:events:531:35)
    at endReadableNT (node:internal/streams/readable:1698:12)
    at process.processTicksAndRejections (node:internal/process/task_queues:90:21)
    at Axios.request (C:\Users\khade\OneDrive\Placment\Final Year VD Project\backend\node_modules\axios\lib\core\Axios.js:45:41)
    at process.processTicksAndRejections (node:internal/process/task_queues:105:5)
    at async ImageService.downloadImage (C:\Users\khade\OneDrive\Placment\Final Year VD Project\backend\src\services\imageService.ts:137:34)
    at async <anonymous> (C:\Users\khade\OneDrive\Placment\Final Year VD Project\backend\src\services\aiService.ts:276:40)
    at async Promise.all (index 1)
    at async AIService.generateRoomRedesign (C:\Users\khade\OneDrive\Placment\Final Year VD Project\backend\src\services\aiService.ts:195:20)
    at async DesignController.generate (C:\Users\khade\OneDrive\Placment\Final Year VD Project\backend\src\controllers\designController.ts:67:37)
2026-02-05 21:53:32 [error]: AxiosError: Request failed with status code 502
    at settle (C:\Users\khade\OneDrive\Placment\Final Year VD Project\backend\node_modules\axios\lib\core\settle.js:19:12)
    at IncomingMessage.handleStreamEnd (C:\Users\khade\OneDrive\Placment\Final Year VD Project\backend\node_modules\axios\lib\adapters\http.js:798:11)
    at IncomingMessage.emit (node:events:531:35)
    at endReadableNT (node:internal/streams/readable:1698:12)
    at process.processTicksAndRejections (node:internal/process/task_queues:90:21)
    at Axios.request (C:\Users\khade\OneDrive\Placment\Final Year VD Project\backend\node_modules\axios\lib\core\Axios.js:45:41)
    at process.processTicksAndRejections (node:internal/process/task_queues:105:5)
    at async ImageService.downloadImage (C:\Users\khade\OneDrive\Placment\Final Year VD Project\backend\src\services\imageService.ts:137:34)
    at async <anonymous> (C:\Users\khade\OneDrive\Placment\Final Year VD Project\backend\src\services\aiService.ts:276:40)
    at async Promise.all (index 1)
    at async AIService.generateRoomRedesign (C:\Users\khade\OneDrive\Placment\Final Year VD Project\backend\src\services\aiService.ts:195:20)
    at async DesignController.generate (C:\Users\khade\OneDrive\Placment\Final Year VD Project\backend\src\controllers\designController.ts:67:37)
2026-02-05 21:53:33 [error]: AxiosError: Request failed with status code 502
    at settle (C:\Users\khade\OneDrive\Placment\Final Year VD Project\backend\node_modules\axios\lib\core\settle.js:19:12)
    at IncomingMessage.handleStreamEnd (C:\Users\khade\OneDrive\Placment\Final Year VD Project\backend\node_modules\axios\lib\adapters\http.js:798:11)
    at IncomingMessage.emit (node:events:531:35)
    at endReadableNT (node:internal/streams/readable:1698:12)
    at process.processTicksAndRejections (node:internal/process/task_queues:90:21)
    at Axios.request (C:\Users\khade\OneDrive\Placment\Final Year VD Project\backend\node_modules\axios\lib\core\Axios.js:45:41)
    at process.processTicksAndRejections (node:internal/process/task_queues:105:5)
    at async ImageService.downloadImage (C:\Users\khade\OneDrive\Placment\Final Year VD Project\backend\src\services\imageService.ts:137:34)
    at async <anonymous> (C:\Users\khade\OneDrive\Placment\Final Year VD Project\backend\src\services\aiService.ts:276:40)
    at async Promise.all (index 0)
    at async AIService.generateRoomRedesign (C:\Users\khade\OneDrive\Placment\Final Year VD Project\backend\src\services\aiService.ts:195:20)
    at async DesignController.generate (C:\Users\khade\OneDrive\Placment\Final Year VD Project\backend\src\controllers\designController.ts:67:37)
2026-02-05 21:53:33 [error]: AxiosError: Request failed with status code 502
    at settle (C:\Users\khade\OneDrive\Placment\Final Year VD Project\backend\node_modules\axios\lib\core\settle.js:19:12)
    at IncomingMessage.handleStreamEnd (C:\Users\khade\OneDrive\Placment\Final Year VD Project\backend\node_modules\axios\lib\adapters\http.js:798:11)
    at IncomingMessage.emit (node:events:531:35)
    at endReadableNT (node:internal/streams/readable:1698:12)
    at process.processTicksAndRejections (node:internal/process/task_queues:90:21)
    at Axios.request (C:\Users\khade\OneDrive\Placment\Final Year VD Project\backend\node_modules\axios\lib\core\Axios.js:45:41)
    at process.processTicksAndRejections (node:internal/process/task_queues:105:5)
    at async ImageService.downloadImage (C:\Users\khade\OneDrive\Placment\Final Year VD Project\backend\src\services\imageService.ts:137:34)
    at async <anonymous> (C:\Users\khade\OneDrive\Placment\Final Year VD Project\backend\src\services\aiService.ts:276:40)
    at async Promise.all (index 2)
    at async AIService.generateRoomRedesign (C:\Users\khade\OneDrive\Placment\Final Year VD Project\backend\src\services\aiService.ts:195:20)
    at async DesignController.generate (C:\Users\khade\OneDrive\Placment\Final Year VD Project\backend\src\controllers\designController.ts:67:37)
2026-02-05 21:53:33 [error]: AxiosError: Request failed with status code 502
    at settle (C:\Users\khade\OneDrive\Placment\Final Year VD Project\backend\node_modules\axios\lib\core\settle.js:19:12)
    at IncomingMessage.handleStreamEnd (C:\Users\khade\OneDrive\Placment\Final Year VD Project\backend\node_modules\axios\lib\adapters\http.js:798:11)
    at IncomingMessage.emit (node:events:531:35)
    at endReadableNT (node:internal/streams/readable:1698:12)
    at process.processTicksAndRejections (node:internal/process/task_queues:90:21)
    at Axios.request (C:\Users\khade\OneDrive\Placment\Final Year VD Project\backend\node_modules\axios\lib\core\Axios.js:45:41)
    at process.processTicksAndRejections (node:internal/process/task_queues:105:5)
    at async ImageService.downloadImage (C:\Users\khade\OneDrive\Placment\Final Year VD Project\backend\src\services\imageService.ts:137:34)
    at async <anonymous> (C:\Users\khade\OneDrive\Placment\Final Year VD Project\backend\src\services\aiService.ts:276:40)
    at async Promise.all (index 0)
    at async AIService.generateRoomRedesign (C:\Users\khade\OneDrive\Placment\Final Year VD Project\backend\src\services\aiService.ts:195:20)
    at async DesignController.generate (C:\Users\khade\OneDrive\Placment\Final Year VD Project\backend\src\controllers\designController.ts:67:37)
2026-02-05 21:53:33 [error]: AxiosError: Request failed with status code 502
    at settle (C:\Users\khade\OneDrive\Placment\Final Year VD Project\backend\node_modules\axios\lib\core\settle.js:19:12)
    at IncomingMessage.handleStreamEnd (C:\Users\khade\OneDrive\Placment\Final Year VD Project\backend\node_modules\axios\lib\adapters\http.js:798:11)
    at IncomingMessage.emit (node:events:531:35)
    at endReadableNT (node:internal/streams/readable:1698:12)
    at process.processTicksAndRejections (node:internal/process/task_queues:90:21)
    at Axios.request (C:\Users\khade\OneDrive\Placment\Final Year VD Project\backend\node_modules\axios\lib\core\Axios.js:45:41)
    at process.processTicksAndRejections (node:internal/process/task_queues:105:5)
    at async ImageService.downloadImage (C:\Users\khade\OneDrive\Placment\Final Year VD Project\backend\src\services\imageService.ts:137:34)
    at async <anonymous> (C:\Users\khade\OneDrive\Placment\Final Year VD Project\backend\src\services\aiService.ts:276:40)
    at async Promise.all (index 2)
    at async AIService.generateRoomRedesign (C:\Users\khade\OneDrive\Placment\Final Year VD Project\backend\src\services\aiService.ts:195:20)
    at async DesignController.generate (C:\Users\khade\OneDrive\Placment\Final Year VD Project\backend\src\controllers\designController.ts:67:37)
2026-02-05 21:53:37 [error]: AxiosError: Request failed with status code 502
    at settle (C:\Users\khade\OneDrive\Placment\Final Year VD Project\backend\node_modules\axios\lib\core\settle.js:19:12)
    at IncomingMessage.handleStreamEnd (C:\Users\khade\OneDrive\Placment\Final Year VD Project\backend\node_modules\axios\lib\adapters\http.js:798:11)
    at IncomingMessage.emit (node:events:531:35)
    at endReadableNT (node:internal/streams/readable:1698:12)
    at process.processTicksAndRejections (node:internal/process/task_queues:90:21)
    at Axios.request (C:\Users\khade\OneDrive\Placment\Final Year VD Project\backend\node_modules\axios\lib\core\Axios.js:45:41)
    at process.processTicksAndRejections (node:internal/process/task_queues:105:5)
    at async ImageService.downloadImage (C:\Users\khade\OneDrive\Placment\Final Year VD Project\backend\src\services\imageService.ts:137:34)
    at async <anonymous> (C:\Users\khade\OneDrive\Placment\Final Year VD Project\backend\src\services\aiService.ts:276:40)
    at async Promise.all (index 1)
    at async AIService.generateRoomRedesign (C:\Users\khade\OneDrive\Placment\Final Year VD Project\backend\src\services\aiService.ts:195:20)
    at async DesignController.generate (C:\Users\khade\OneDrive\Placment\Final Year VD Project\backend\src\controllers\designController.ts:67:37)
2026-02-05 21:53:37 [error]: Failed to proxy pollination image: Error: Failed to download image after 3 attempts: Request failed with status code 502
2026-02-05 21:53:37 [error]: AxiosError: Request failed with status code 502
    at settle (C:\Users\khade\OneDrive\Placment\Final Year VD Project\backend\node_modules\axios\lib\core\settle.js:19:12)
    at IncomingMessage.handleStreamEnd (C:\Users\khade\OneDrive\Placment\Final Year VD Project\backend\node_modules\axios\lib\adapters\http.js:798:11)
    at IncomingMessage.emit (node:events:531:35)
    at endReadableNT (node:internal/streams/readable:1698:12)
    at process.processTicksAndRejections (node:internal/process/task_queues:90:21)
    at Axios.request (C:\Users\khade\OneDrive\Placment\Final Year VD Project\backend\node_modules\axios\lib\core\Axios.js:45:41)
    at process.processTicksAndRejections (node:internal/process/task_queues:105:5)
    at async ImageService.downloadImage (C:\Users\khade\OneDrive\Placment\Final Year VD Project\backend\src\services\imageService.ts:137:34)
    at async <anonymous> (C:\Users\khade\OneDrive\Placment\Final Year VD Project\backend\src\services\aiService.ts:276:40)
    at async Promise.all (index 1)
    at async AIService.generateRoomRedesign (C:\Users\khade\OneDrive\Placment\Final Year VD Project\backend\src\services\aiService.ts:195:20)
    at async DesignController.generate (C:\Users\khade\OneDrive\Placment\Final Year VD Project\backend\src\controllers\designController.ts:67:37)
2026-02-05 21:53:37 [error]: Failed to proxy pollination image: Error: Failed to download image after 3 attempts: Request failed with status code 502
2026-02-05 21:53:37 [error]: AxiosError: Request failed with status code 502
    at settle (C:\Users\khade\OneDrive\Placment\Final Year VD Project\backend\node_modules\axios\lib\core\settle.js:19:12)
    at IncomingMessage.handleStreamEnd (C:\Users\khade\OneDrive\Placment\Final Year VD Project\backend\node_modules\axios\lib\adapters\http.js:798:11)
    at IncomingMessage.emit (node:events:531:35)
    at endReadableNT (node:internal/streams/readable:1698:12)
    at process.processTicksAndRejections (node:internal/process/task_queues:90:21)
    at Axios.request (C:\Users\khade\OneDrive\Placment\Final Year VD Project\backend\node_modules\axios\lib\core\Axios.js:45:41)
    at process.processTicksAndRejections (node:internal/process/task_queues:105:5)
    at async ImageService.downloadImage (C:\Users\khade\OneDrive\Placment\Final Year VD Project\backend\src\services\imageService.ts:137:34)
    at async <anonymous> (C:\Users\khade\OneDrive\Placment\Final Year VD Project\backend\src\services\aiService.ts:276:40)
    at async Promise.all (index 2)
    at async AIService.generateRoomRedesign (C:\Users\khade\OneDrive\Placment\Final Year VD Project\backend\src\services\aiService.ts:195:20)
    at async DesignController.generate (C:\Users\khade\OneDrive\Placment\Final Year VD Project\backend\src\controllers\designController.ts:67:37)
2026-02-05 21:53:37 [error]: Failed to proxy pollination image: Error: Failed to download image after 3 attempts: Request failed with status code 502
2026-02-05 21:53:37 [error]: AxiosError: Request failed with status code 502
    at settle (C:\Users\khade\OneDrive\Placment\Final Year VD Project\backend\node_modules\axios\lib\core\settle.js:19:12)
    at IncomingMessage.handleStreamEnd (C:\Users\khade\OneDrive\Placment\Final Year VD Project\backend\node_modules\axios\lib\adapters\http.js:798:11)
    at IncomingMessage.emit (node:events:531:35)
    at endReadableNT (node:internal/streams/readable:1698:12)
    at process.processTicksAndRejections (node:internal/process/task_queues:90:21)
    at Axios.request (C:\Users\khade\OneDrive\Placment\Final Year VD Project\backend\node_modules\axios\lib\core\Axios.js:45:41)
    at process.processTicksAndRejections (node:internal/process/task_queues:105:5)
    at async ImageService.downloadImage (C:\Users\khade\OneDrive\Placment\Final Year VD Project\backend\src\services\imageService.ts:137:34)
    at async <anonymous> (C:\Users\khade\OneDrive\Placment\Final Year VD Project\backend\src\services\aiService.ts:276:40)
    at async Promise.all (index 0)
    at async AIService.generateRoomRedesign (C:\Users\khade\OneDrive\Placment\Final Year VD Project\backend\src\services\aiService.ts:195:20)
    at async DesignController.generate (C:\Users\khade\OneDrive\Placment\Final Year VD Project\backend\src\controllers\designController.ts:67:37)
2026-02-05 21:53:37 [error]: Failed to proxy pollination image: Error: Failed to download image after 3 attempts: Request failed with status code 502
2026-02-05 21:53:37 [error]: AxiosError: Request failed with status code 502
    at settle (C:\Users\khade\OneDrive\Placment\Final Year VD Project\backend\node_modules\axios\lib\core\settle.js:19:12)
    at IncomingMessage.handleStreamEnd (C:\Users\khade\OneDrive\Placment\Final Year VD Project\backend\node_modules\axios\lib\adapters\http.js:798:11)
    at IncomingMessage.emit (node:events:531:35)
    at endReadableNT (node:internal/streams/readable:1698:12)
    at process.processTicksAndRejections (node:internal/process/task_queues:90:21)
    at Axios.request (C:\Users\khade\OneDrive\Placment\Final Year VD Project\backend\node_modules\axios\lib\core\Axios.js:45:41)
    at process.processTicksAndRejections (node:internal/process/task_queues:105:5)
    at async ImageService.downloadImage (C:\Users\khade\OneDrive\Placment\Final Year VD Project\backend\src\services\imageService.ts:137:34)
    at async <anonymous> (C:\Users\khade\OneDrive\Placment\Final Year VD Project\backend\src\services\aiService.ts:276:40)
    at async Promise.all (index 0)
    at async AIService.generateRoomRedesign (C:\Users\khade\OneDrive\Placment\Final Year VD Project\backend\src\services\aiService.ts:195:20)
    at async DesignController.generate (C:\Users\khade\OneDrive\Placment\Final Year VD Project\backend\src\controllers\designController.ts:67:37)
2026-02-05 21:53:37 [error]: Failed to proxy pollination image: Error: Failed to download image after 3 attempts: Request failed with status code 502
2026-02-05 21:53:37 [error]: AxiosError: Request failed with status code 502
    at settle (C:\Users\khade\OneDrive\Placment\Final Year VD Project\backend\node_modules\axios\lib\core\settle.js:19:12)
    at IncomingMessage.handleStreamEnd (C:\Users\khade\OneDrive\Placment\Final Year VD Project\backend\node_modules\axios\lib\adapters\http.js:798:11)
    at IncomingMessage.emit (node:events:531:35)
    at endReadableNT (node:internal/streams/readable:1698:12)
    at process.processTicksAndRejections (node:internal/process/task_queues:90:21)
    at Axios.request (C:\Users\khade\OneDrive\Placment\Final Year VD Project\backend\node_modules\axios\lib\core\Axios.js:45:41)
    at process.processTicksAndRejections (node:internal/process/task_queues:105:5)
    at async ImageService.downloadImage (C:\Users\khade\OneDrive\Placment\Final Year VD Project\backend\src\services\imageService.ts:137:34)
    at async <anonymous> (C:\Users\khade\OneDrive\Placment\Final Year VD Project\backend\src\services\aiService.ts:276:40)
    at async Promise.all (index 2)
    at async AIService.generateRoomRedesign (C:\Users\khade\OneDrive\Placment\Final Year VD Project\backend\src\services\aiService.ts:195:20)
    at async DesignController.generate (C:\Users\khade\OneDrive\Placment\Final Year VD Project\backend\src\controllers\designController.ts:67:37)
2026-02-05 21:53:37 [error]: Failed to proxy pollination image: Error: Failed to download image after 3 attempts: Request failed with status code 502
2026-02-05 22:03:47 [error]: Gemini prompt expansion failed, using standard template
2026-02-05 22:03:47 [error]: Gemini prompt expansion failed, using standard template
2026-02-05 22:03:47 [error]: Gemini prompt expansion failed, using standard template
2026-02-05 22:03:47 [error]: Gemini prompt expansion failed, using standard template
2026-02-05 22:03:47 [error]: Gemini prompt expansion failed, using standard template
2026-02-05 22:03:47 [error]: Gemini prompt expansion failed, using standard template
2026-02-05 22:03:50 [error]: AxiosError: Request failed with status code 502
    at settle (C:\Users\khade\OneDrive\Placment\Final Year VD Project\backend\node_modules\axios\lib\core\settle.js:19:12)
    at IncomingMessage.handleStreamEnd (C:\Users\khade\OneDrive\Placment\Final Year VD Project\backend\node_modules\axios\lib\adapters\http.js:798:11)
    at IncomingMessage.emit (node:events:531:35)
    at endReadableNT (node:internal/streams/readable:1698:12)
    at process.processTicksAndRejections (node:internal/process/task_queues:90:21)
    at Axios.request (C:\Users\khade\OneDrive\Placment\Final Year VD Project\backend\node_modules\axios\lib\core\Axios.js:45:41)
    at process.processTicksAndRejections (node:internal/process/task_queues:105:5)
    at async ImageService.downloadImage (C:\Users\khade\OneDrive\Placment\Final Year VD Project\backend\src\services\imageService.ts:137:34)
    at async <anonymous> (C:\Users\khade\OneDrive\Placment\Final Year VD Project\backend\src\services\aiService.ts:293:40)
    at async Promise.all (index 1)
    at async AIService.generateRoomRedesign (C:\Users\khade\OneDrive\Placment\Final Year VD Project\backend\src\services\aiService.ts:195:20)
    at async DesignController.generate (C:\Users\khade\OneDrive\Placment\Final Year VD Project\backend\src\controllers\designController.ts:67:37)
2026-02-05 22:03:50 [error]: AxiosError: Request failed with status code 502
    at settle (C:\Users\khade\OneDrive\Placment\Final Year VD Project\backend\node_modules\axios\lib\core\settle.js:19:12)
    at IncomingMessage.handleStreamEnd (C:\Users\khade\OneDrive\Placment\Final Year VD Project\backend\node_modules\axios\lib\adapters\http.js:798:11)
    at IncomingMessage.emit (node:events:531:35)
    at endReadableNT (node:internal/streams/readable:1698:12)
    at process.processTicksAndRejections (node:internal/process/task_queues:90:21)
    at Axios.request (C:\Users\khade\OneDrive\Placment\Final Year VD Project\backend\node_modules\axios\lib\core\Axios.js:45:41)
    at process.processTicksAndRejections (node:internal/process/task_queues:105:5)
    at async ImageService.downloadImage (C:\Users\khade\OneDrive\Placment\Final Year VD Project\backend\src\services\imageService.ts:137:34)
    at async <anonymous> (C:\Users\khade\OneDrive\Placment\Final Year VD Project\backend\src\services\aiService.ts:293:40)
    at async Promise.all (index 0)
    at async AIService.generateRoomRedesign (C:\Users\khade\OneDrive\Placment\Final Year VD Project\backend\src\services\aiService.ts:195:20)
    at async DesignController.generate (C:\Users\khade\OneDrive\Placment\Final Year VD Project\backend\src\controllers\designController.ts:67:37)
2026-02-05 22:03:50 [error]: AxiosError: Request failed with status code 502
    at settle (C:\Users\khade\OneDrive\Placment\Final Year VD Project\backend\node_modules\axios\lib\core\settle.js:19:12)
    at IncomingMessage.handleStreamEnd (C:\Users\khade\OneDrive\Placment\Final Year VD Project\backend\node_modules\axios\lib\adapters\http.js:798:11)
    at IncomingMessage.emit (node:events:531:35)
    at endReadableNT (node:internal/streams/readable:1698:12)
    at process.processTicksAndRejections (node:internal/process/task_queues:90:21)
    at Axios.request (C:\Users\khade\OneDrive\Placment\Final Year VD Project\backend\node_modules\axios\lib\core\Axios.js:45:41)
    at process.processTicksAndRejections (node:internal/process/task_queues:105:5)
    at async ImageService.downloadImage (C:\Users\khade\OneDrive\Placment\Final Year VD Project\backend\src\services\imageService.ts:137:34)
    at async <anonymous> (C:\Users\khade\OneDrive\Placment\Final Year VD Project\backend\src\services\aiService.ts:293:40)
    at async Promise.all (index 2)
    at async AIService.generateRoomRedesign (C:\Users\khade\OneDrive\Placment\Final Year VD Project\backend\src\services\aiService.ts:195:20)
    at async DesignController.generate (C:\Users\khade\OneDrive\Placment\Final Year VD Project\backend\src\controllers\designController.ts:67:37)
2026-02-05 22:03:50 [error]: AxiosError: Request failed with status code 502
    at settle (C:\Users\khade\OneDrive\Placment\Final Year VD Project\backend\node_modules\axios\lib\core\settle.js:19:12)
    at IncomingMessage.handleStreamEnd (C:\Users\khade\OneDrive\Placment\Final Year VD Project\backend\node_modules\axios\lib\adapters\http.js:798:11)
    at IncomingMessage.emit (node:events:531:35)
    at endReadableNT (node:internal/streams/readable:1698:12)
    at process.processTicksAndRejections (node:internal/process/task_queues:90:21)
    at Axios.request (C:\Users\khade\OneDrive\Placment\Final Year VD Project\backend\node_modules\axios\lib\core\Axios.js:45:41)
    at process.processTicksAndRejections (node:internal/process/task_queues:105:5)
    at async ImageService.downloadImage (C:\Users\khade\OneDrive\Placment\Final Year VD Project\backend\src\services\imageService.ts:137:34)
    at async <anonymous> (C:\Users\khade\OneDrive\Placment\Final Year VD Project\backend\src\services\aiService.ts:293:40)
    at async Promise.all (index 1)
    at async AIService.generateRoomRedesign (C:\Users\khade\OneDrive\Placment\Final Year VD Project\backend\src\services\aiService.ts:195:20)
    at async DesignController.generate (C:\Users\khade\OneDrive\Placment\Final Year VD Project\backend\src\controllers\designController.ts:67:37)
2026-02-05 22:03:50 [error]: AxiosError: Request failed with status code 502
    at settle (C:\Users\khade\OneDrive\Placment\Final Year VD Project\backend\node_modules\axios\lib\core\settle.js:19:12)
    at IncomingMessage.handleStreamEnd (C:\Users\khade\OneDrive\Placment\Final Year VD Project\backend\node_modules\axios\lib\adapters\http.js:798:11)
    at IncomingMessage.emit (node:events:531:35)
    at endReadableNT (node:internal/streams/readable:1698:12)
    at process.processTicksAndRejections (node:internal/process/task_queues:90:21)
    at Axios.request (C:\Users\khade\OneDrive\Placment\Final Year VD Project\backend\node_modules\axios\lib\core\Axios.js:45:41)
    at process.processTicksAndRejections (node:internal/process/task_queues:105:5)
    at async ImageService.downloadImage (C:\Users\khade\OneDrive\Placment\Final Year VD Project\backend\src\services\imageService.ts:137:34)
    at async <anonymous> (C:\Users\khade\OneDrive\Placment\Final Year VD Project\backend\src\services\aiService.ts:293:40)
    at async Promise.all (index 2)
    at async AIService.generateRoomRedesign (C:\Users\khade\OneDrive\Placment\Final Year VD Project\backend\src\services\aiService.ts:195:20)
    at async DesignController.generate (C:\Users\khade\OneDrive\Placment\Final Year VD Project\backend\src\controllers\designController.ts:67:37)
2026-02-05 22:03:50 [error]: AxiosError: Request failed with status code 502
    at settle (C:\Users\khade\OneDrive\Placment\Final Year VD Project\backend\node_modules\axios\lib\core\settle.js:19:12)
    at IncomingMessage.handleStreamEnd (C:\Users\khade\OneDrive\Placment\Final Year VD Project\backend\node_modules\axios\lib\adapters\http.js:798:11)
    at IncomingMessage.emit (node:events:531:35)
    at endReadableNT (node:internal/streams/readable:1698:12)
    at process.processTicksAndRejections (node:internal/process/task_queues:90:21)
    at Axios.request (C:\Users\khade\OneDrive\Placment\Final Year VD Project\backend\node_modules\axios\lib\core\Axios.js:45:41)
    at process.processTicksAndRejections (node:internal/process/task_queues:105:5)
    at async ImageService.downloadImage (C:\Users\khade\OneDrive\Placment\Final Year VD Project\backend\src\services\imageService.ts:137:34)
    at async <anonymous> (C:\Users\khade\OneDrive\Placment\Final Year VD Project\backend\src\services\aiService.ts:293:40)
    at async Promise.all (index 0)
    at async AIService.generateRoomRedesign (C:\Users\khade\OneDrive\Placment\Final Year VD Project\backend\src\services\aiService.ts:195:20)
    at async DesignController.generate (C:\Users\khade\OneDrive\Placment\Final Year VD Project\backend\src\controllers\designController.ts:67:37)
2026-02-05 22:03:53 [error]: AxiosError: Request failed with status code 502
    at settle (C:\Users\khade\OneDrive\Placment\Final Year VD Project\backend\node_modules\axios\lib\core\settle.js:19:12)
    at IncomingMessage.handleStreamEnd (C:\Users\khade\OneDrive\Placment\Final Year VD Project\backend\node_modules\axios\lib\adapters\http.js:798:11)
    at IncomingMessage.emit (node:events:531:35)
    at endReadableNT (node:internal/streams/readable:1698:12)
    at process.processTicksAndRejections (node:internal/process/task_queues:90:21)
    at Axios.request (C:\Users\khade\OneDrive\Placment\Final Year VD Project\backend\node_modules\axios\lib\core\Axios.js:45:41)
    at process.processTicksAndRejections (node:internal/process/task_queues:105:5)
    at async ImageService.downloadImage (C:\Users\khade\OneDrive\Placment\Final Year VD Project\backend\src\services\imageService.ts:137:34)
    at async <anonymous> (C:\Users\khade\OneDrive\Placment\Final Year VD Project\backend\src\services\aiService.ts:293:40)
    at async Promise.all (index 1)
    at async AIService.generateRoomRedesign (C:\Users\khade\OneDrive\Placment\Final Year VD Project\backend\src\services\aiService.ts:195:20)
    at async DesignController.generate (C:\Users\khade\OneDrive\Placment\Final Year VD Project\backend\src\controllers\designController.ts:67:37)
2026-02-05 22:03:53 [error]: AxiosError: Request failed with status code 502
    at settle (C:\Users\khade\OneDrive\Placment\Final Year VD Project\backend\node_modules\axios\lib\core\settle.js:19:12)
    at IncomingMessage.handleStreamEnd (C:\Users\khade\OneDrive\Placment\Final Year VD Project\backend\node_modules\axios\lib\adapters\http.js:798:11)
    at IncomingMessage.emit (node:events:531:35)
    at endReadableNT (node:internal/streams/readable:1698:12)
    at process.processTicksAndRejections (node:internal/process/task_queues:90:21)
    at Axios.request (C:\Users\khade\OneDrive\Placment\Final Year VD Project\backend\node_modules\axios\lib\core\Axios.js:45:41)
    at process.processTicksAndRejections (node:internal/process/task_queues:105:5)
    at async ImageService.downloadImage (C:\Users\khade\OneDrive\Placment\Final Year VD Project\backend\src\services\imageService.ts:137:34)
    at async <anonymous> (C:\Users\khade\OneDrive\Placment\Final Year VD Project\backend\src\services\aiService.ts:293:40)
    at async Promise.all (index 1)
    at async AIService.generateRoomRedesign (C:\Users\khade\OneDrive\Placment\Final Year VD Project\backend\src\services\aiService.ts:195:20)
    at async DesignController.generate (C:\Users\khade\OneDrive\Placment\Final Year VD Project\backend\src\controllers\designController.ts:67:37)
2026-02-05 22:03:53 [error]: AxiosError: Request failed with status code 502
    at settle (C:\Users\khade\OneDrive\Placment\Final Year VD Project\backend\node_modules\axios\lib\core\settle.js:19:12)
    at IncomingMessage.handleStreamEnd (C:\Users\khade\OneDrive\Placment\Final Year VD Project\backend\node_modules\axios\lib\adapters\http.js:798:11)
    at IncomingMessage.emit (node:events:531:35)
    at endReadableNT (node:internal/streams/readable:1698:12)
    at process.processTicksAndRejections (node:internal/process/task_queues:90:21)
    at Axios.request (C:\Users\khade\OneDrive\Placment\Final Year VD Project\backend\node_modules\axios\lib\core\Axios.js:45:41)
    at process.processTicksAndRejections (node:internal/process/task_queues:105:5)
    at async ImageService.downloadImage (C:\Users\khade\OneDrive\Placment\Final Year VD Project\backend\src\services\imageService.ts:137:34)
    at async <anonymous> (C:\Users\khade\OneDrive\Placment\Final Year VD Project\backend\src\services\aiService.ts:293:40)
    at async Promise.all (index 0)
    at async AIService.generateRoomRedesign (C:\Users\khade\OneDrive\Placment\Final Year VD Project\backend\src\services\aiService.ts:195:20)
    at async DesignController.generate (C:\Users\khade\OneDrive\Placment\Final Year VD Project\backend\src\controllers\designController.ts:67:37)
2026-02-05 22:03:53 [error]: AxiosError: Request failed with status code 502
    at settle (C:\Users\khade\OneDrive\Placment\Final Year VD Project\backend\node_modules\axios\lib\core\settle.js:19:12)
    at IncomingMessage.handleStreamEnd (C:\Users\khade\OneDrive\Placment\Final Year VD Project\backend\node_modules\axios\lib\adapters\http.js:798:11)
    at IncomingMessage.emit (node:events:531:35)
    at endReadableNT (node:internal/streams/readable:1698:12)
    at process.processTicksAndRejections (node:internal/process/task_queues:90:21)
    at Axios.request (C:\Users\khade\OneDrive\Placment\Final Year VD Project\backend\node_modules\axios\lib\core\Axios.js:45:41)
    at process.processTicksAndRejections (node:internal/process/task_queues:105:5)
    at async ImageService.downloadImage (C:\Users\khade\OneDrive\Placment\Final Year VD Project\backend\src\services\imageService.ts:137:34)
    at async <anonymous> (C:\Users\khade\OneDrive\Placment\Final Year VD Project\backend\src\services\aiService.ts:293:40)
    at async Promise.all (index 2)
    at async AIService.generateRoomRedesign (C:\Users\khade\OneDrive\Placment\Final Year VD Project\backend\src\services\aiService.ts:195:20)
    at async DesignController.generate (C:\Users\khade\OneDrive\Placment\Final Year VD Project\backend\src\controllers\designController.ts:67:37)
2026-02-05 22:03:53 [error]: AxiosError: Request failed with status code 502
    at settle (C:\Users\khade\OneDrive\Placment\Final Year VD Project\backend\node_modules\axios\lib\core\settle.js:19:12)
    at IncomingMessage.handleStreamEnd (C:\Users\khade\OneDrive\Placment\Final Year VD Project\backend\node_modules\axios\lib\adapters\http.js:798:11)
    at IncomingMessage.emit (node:events:531:35)
    at endReadableNT (node:internal/streams/readable:1698:12)
    at process.processTicksAndRejections (node:internal/process/task_queues:90:21)
    at Axios.request (C:\Users\khade\OneDrive\Placment\Final Year VD Project\backend\node_modules\axios\lib\core\Axios.js:45:41)
    at process.processTicksAndRejections (node:internal/process/task_queues:105:5)
    at async ImageService.downloadImage (C:\Users\khade\OneDrive\Placment\Final Year VD Project\backend\src\services\imageService.ts:137:34)
    at async <anonymous> (C:\Users\khade\OneDrive\Placment\Final Year VD Project\backend\src\services\aiService.ts:293:40)
    at async Promise.all (index 0)
    at async AIService.generateRoomRedesign (C:\Users\khade\OneDrive\Placment\Final Year VD Project\backend\src\services\aiService.ts:195:20)
    at async DesignController.generate (C:\Users\khade\OneDrive\Placment\Final Year VD Project\backend\src\controllers\designController.ts:67:37)
2026-02-05 22:03:53 [error]: AxiosError: Request failed with status code 502
    at settle (C:\Users\khade\OneDrive\Placment\Final Year VD Project\backend\node_modules\axios\lib\core\settle.js:19:12)
    at IncomingMessage.handleStreamEnd (C:\Users\khade\OneDrive\Placment\Final Year VD Project\backend\node_modules\axios\lib\adapters\http.js:798:11)
    at IncomingMessage.emit (node:events:531:35)
    at endReadableNT (node:internal/streams/readable:1698:12)
    at process.processTicksAndRejections (node:internal/process/task_queues:90:21)
    at Axios.request (C:\Users\khade\OneDrive\Placment\Final Year VD Project\backend\node_modules\axios\lib\core\Axios.js:45:41)
    at process.processTicksAndRejections (node:internal/process/task_queues:105:5)
    at async ImageService.downloadImage (C:\Users\khade\OneDrive\Placment\Final Year VD Project\backend\src\services\imageService.ts:137:34)
    at async <anonymous> (C:\Users\khade\OneDrive\Placment\Final Year VD Project\backend\src\services\aiService.ts:293:40)
    at async Promise.all (index 2)
    at async AIService.generateRoomRedesign (C:\Users\khade\OneDrive\Placment\Final Year VD Project\backend\src\services\aiService.ts:195:20)
    at async DesignController.generate (C:\Users\khade\OneDrive\Placment\Final Year VD Project\backend\src\controllers\designController.ts:67:37)
2026-02-05 22:03:58 [error]: AxiosError: Request failed with status code 502
    at settle (C:\Users\khade\OneDrive\Placment\Final Year VD Project\backend\node_modules\axios\lib\core\settle.js:19:12)
    at IncomingMessage.handleStreamEnd (C:\Users\khade\OneDrive\Placment\Final Year VD Project\backend\node_modules\axios\lib\adapters\http.js:798:11)
    at IncomingMessage.emit (node:events:531:35)
    at endReadableNT (node:internal/streams/readable:1698:12)
    at process.processTicksAndRejections (node:internal/process/task_queues:90:21)
    at Axios.request (C:\Users\khade\OneDrive\Placment\Final Year VD Project\backend\node_modules\axios\lib\core\Axios.js:45:41)
    at process.processTicksAndRejections (node:internal/process/task_queues:105:5)
    at async ImageService.downloadImage (C:\Users\khade\OneDrive\Placment\Final Year VD Project\backend\src\services\imageService.ts:137:34)
    at async <anonymous> (C:\Users\khade\OneDrive\Placment\Final Year VD Project\backend\src\services\aiService.ts:293:40)
    at async Promise.all (index 1)
    at async AIService.generateRoomRedesign (C:\Users\khade\OneDrive\Placment\Final Year VD Project\backend\src\services\aiService.ts:195:20)
    at async DesignController.generate (C:\Users\khade\OneDrive\Placment\Final Year VD Project\backend\src\controllers\designController.ts:67:37)
2026-02-05 22:03:58 [error]: Failed to download AI image, using direct link: Error: Failed to download image after 3 attempts: Request failed with status code 502
2026-02-05 22:03:59 [error]: AxiosError: Request failed with status code 502
    at settle (C:\Users\khade\OneDrive\Placment\Final Year VD Project\backend\node_modules\axios\lib\core\settle.js:19:12)
    at IncomingMessage.handleStreamEnd (C:\Users\khade\OneDrive\Placment\Final Year VD Project\backend\node_modules\axios\lib\adapters\http.js:798:11)
    at IncomingMessage.emit (node:events:531:35)
    at endReadableNT (node:internal/streams/readable:1698:12)
    at process.processTicksAndRejections (node:internal/process/task_queues:90:21)
    at Axios.request (C:\Users\khade\OneDrive\Placment\Final Year VD Project\backend\node_modules\axios\lib\core\Axios.js:45:41)
    at process.processTicksAndRejections (node:internal/process/task_queues:105:5)
    at async ImageService.downloadImage (C:\Users\khade\OneDrive\Placment\Final Year VD Project\backend\src\services\imageService.ts:137:34)
    at async <anonymous> (C:\Users\khade\OneDrive\Placment\Final Year VD Project\backend\src\services\aiService.ts:293:40)
    at async Promise.all (index 1)
    at async AIService.generateRoomRedesign (C:\Users\khade\OneDrive\Placment\Final Year VD Project\backend\src\services\aiService.ts:195:20)
    at async DesignController.generate (C:\Users\khade\OneDrive\Placment\Final Year VD Project\backend\src\controllers\designController.ts:67:37)
2026-02-05 22:03:59 [error]: Failed to download AI image, using direct link: Error: Failed to download image after 3 attempts: Request failed with status code 502
2026-02-05 22:03:59 [error]: AxiosError: Request failed with status code 502
    at settle (C:\Users\khade\OneDrive\Placment\Final Year VD Project\backend\node_modules\axios\lib\core\settle.js:19:12)
    at IncomingMessage.handleStreamEnd (C:\Users\khade\OneDrive\Placment\Final Year VD Project\backend\node_modules\axios\lib\adapters\http.js:798:11)
    at IncomingMessage.emit (node:events:531:35)
    at endReadableNT (node:internal/streams/readable:1698:12)
    at process.processTicksAndRejections (node:internal/process/task_queues:90:21)
    at Axios.request (C:\Users\khade\OneDrive\Placment\Final Year VD Project\backend\node_modules\axios\lib\core\Axios.js:45:41)
    at process.processTicksAndRejections (node:internal/process/task_queues:105:5)
    at async ImageService.downloadImage (C:\Users\khade\OneDrive\Placment\Final Year VD Project\backend\src\services\imageService.ts:137:34)
    at async <anonymous> (C:\Users\khade\OneDrive\Placment\Final Year VD Project\backend\src\services\aiService.ts:293:40)
    at async Promise.all (index 2)
    at async AIService.generateRoomRedesign (C:\Users\khade\OneDrive\Placment\Final Year VD Project\backend\src\services\aiService.ts:195:20)
    at async DesignController.generate (C:\Users\khade\OneDrive\Placment\Final Year VD Project\backend\src\controllers\designController.ts:67:37)
2026-02-05 22:03:59 [error]: Failed to download AI image, using direct link: Error: Failed to download image after 3 attempts: Request failed with status code 502
2026-02-05 22:03:59 [error]: AxiosError: Request failed with status code 502
    at settle (C:\Users\khade\OneDrive\Placment\Final Year VD Project\backend\node_modules\axios\lib\core\settle.js:19:12)
    at IncomingMessage.handleStreamEnd (C:\Users\khade\OneDrive\Placment\Final Year VD Project\backend\node_modules\axios\lib\adapters\http.js:798:11)
    at IncomingMessage.emit (node:events:531:35)
    at endReadableNT (node:internal/streams/readable:1698:12)
    at process.processTicksAndRejections (node:internal/process/task_queues:90:21)
    at Axios.request (C:\Users\khade\OneDrive\Placment\Final Year VD Project\backend\node_modules\axios\lib\core\Axios.js:45:41)
    at process.processTicksAndRejections (node:internal/process/task_queues:105:5)
    at async ImageService.downloadImage (C:\Users\khade\OneDrive\Placment\Final Year VD Project\backend\src\services\imageService.ts:137:34)
    at async <anonymous> (C:\Users\khade\OneDrive\Placment\Final Year VD Project\backend\src\services\aiService.ts:293:40)
    at async Promise.all (index 2)
    at async AIService.generateRoomRedesign (C:\Users\khade\OneDrive\Placment\Final Year VD Project\backend\src\services\aiService.ts:195:20)
    at async DesignController.generate (C:\Users\khade\OneDrive\Placment\Final Year VD Project\backend\src\controllers\designController.ts:67:37)
2026-02-05 22:03:59 [error]: Failed to download AI image, using direct link: Error: Failed to download image after 3 attempts: Request failed with status code 502
2026-02-05 22:03:59 [error]: AxiosError: Request failed with status code 502
    at settle (C:\Users\khade\OneDrive\Placment\Final Year VD Project\backend\node_modules\axios\lib\core\settle.js:19:12)
    at IncomingMessage.handleStreamEnd (C:\Users\khade\OneDrive\Placment\Final Year VD Project\backend\node_modules\axios\lib\adapters\http.js:798:11)
    at IncomingMessage.emit (node:events:531:35)
    at endReadableNT (node:internal/streams/readable:1698:12)
    at process.processTicksAndRejections (node:internal/process/task_queues:90:21)
    at Axios.request (C:\Users\khade\OneDrive\Placment\Final Year VD Project\backend\node_modules\axios\lib\core\Axios.js:45:41)
    at process.processTicksAndRejections (node:internal/process/task_queues:105:5)
    at async ImageService.downloadImage (C:\Users\khade\OneDrive\Placment\Final Year VD Project\backend\src\services\imageService.ts:137:34)
    at async <anonymous> (C:\Users\khade\OneDrive\Placment\Final Year VD Project\backend\src\services\aiService.ts:293:40)
    at async Promise.all (index 0)
    at async AIService.generateRoomRedesign (C:\Users\khade\OneDrive\Placment\Final Year VD Project\backend\src\services\aiService.ts:195:20)
    at async DesignController.generate (C:\Users\khade\OneDrive\Placment\Final Year VD Project\backend\src\controllers\designController.ts:67:37)
2026-02-05 22:03:59 [error]: Failed to download AI image, using direct link: Error: Failed to download image after 3 attempts: Request failed with status code 502
2026-02-05 22:03:59 [error]: AxiosError: Request failed with status code 502
    at settle (C:\Users\khade\OneDrive\Placment\Final Year VD Project\backend\node_modules\axios\lib\core\settle.js:19:12)
    at IncomingMessage.handleStreamEnd (C:\Users\khade\OneDrive\Placment\Final Year VD Project\backend\node_modules\axios\lib\adapters\http.js:798:11)
    at IncomingMessage.emit (node:events:531:35)
    at endReadableNT (node:internal/streams/readable:1698:12)
    at process.processTicksAndRejections (node:internal/process/task_queues:90:21)
    at Axios.request (C:\Users\khade\OneDrive\Placment\Final Year VD Project\backend\node_modules\axios\lib\core\Axios.js:45:41)
    at process.processTicksAndRejections (node:internal/process/task_queues:105:5)
    at async ImageService.downloadImage (C:\Users\khade\OneDrive\Placment\Final Year VD Project\backend\src\services\imageService.ts:137:34)
    at async <anonymous> (C:\Users\khade\OneDrive\Placment\Final Year VD Project\backend\src\services\aiService.ts:293:40)
    at async Promise.all (index 0)
    at async AIService.generateRoomRedesign (C:\Users\khade\OneDrive\Placment\Final Year VD Project\backend\src\services\aiService.ts:195:20)
    at async DesignController.generate (C:\Users\khade\OneDrive\Placment\Final Year VD Project\backend\src\controllers\designController.ts:67:37)
2026-02-05 22:03:59 [error]: Failed to download AI image, using direct link: Error: Failed to download image after 3 attempts: Request failed with status code 502
2026-02-05 22:07:43 [error]: Gemini prompt expansion failed, using standard template
2026-02-05 22:07:43 [error]: Gemini prompt expansion failed, using standard template
2026-02-05 22:07:43 [error]: Gemini prompt expansion failed, using standard template
2026-02-05 22:07:43 [error]: Gemini prompt expansion failed, using standard template
2026-02-05 22:07:43 [error]: Gemini prompt expansion failed, using standard template
2026-02-05 22:07:43 [error]: Gemini prompt expansion failed, using standard template
2026-02-05 22:07:44 [error]: AxiosError: Request failed with status code 502
    at settle (C:\Users\khade\OneDrive\Placment\Final Year VD Project\backend\node_modules\axios\lib\core\settle.js:19:12)
    at IncomingMessage.handleStreamEnd (C:\Users\khade\OneDrive\Placment\Final Year VD Project\backend\node_modules\axios\lib\adapters\http.js:798:11)
    at IncomingMessage.emit (node:events:531:35)
    at endReadableNT (node:internal/streams/readable:1698:12)
    at process.processTicksAndRejections (node:internal/process/task_queues:90:21)
    at Axios.request (C:\Users\khade\OneDrive\Placment\Final Year VD Project\backend\node_modules\axios\lib\core\Axios.js:45:41)
    at process.processTicksAndRejections (node:internal/process/task_queues:105:5)
    at async ImageService.downloadImage (C:\Users\khade\OneDrive\Placment\Final Year VD Project\backend\src\services\imageService.ts:137:34)
    at async <anonymous> (C:\Users\khade\OneDrive\Placment\Final Year VD Project\backend\src\services\aiService.ts:296:40)
    at async Promise.all (index 2)
    at async AIService.generateRoomRedesign (C:\Users\khade\OneDrive\Placment\Final Year VD Project\backend\src\services\aiService.ts:195:20)
    at async DesignController.generate (C:\Users\khade\OneDrive\Placment\Final Year VD Project\backend\src\controllers\designController.ts:67:37)
2026-02-05 22:07:44 [error]: AxiosError: Request failed with status code 502
    at settle (C:\Users\khade\OneDrive\Placment\Final Year VD Project\backend\node_modules\axios\lib\core\settle.js:19:12)
    at IncomingMessage.handleStreamEnd (C:\Users\khade\OneDrive\Placment\Final Year VD Project\backend\node_modules\axios\lib\adapters\http.js:798:11)
    at IncomingMessage.emit (node:events:531:35)
    at endReadableNT (node:internal/streams/readable:1698:12)
    at process.processTicksAndRejections (node:internal/process/task_queues:90:21)
    at Axios.request (C:\Users\khade\OneDrive\Placment\Final Year VD Project\backend\node_modules\axios\lib\core\Axios.js:45:41)
    at process.processTicksAndRejections (node:internal/process/task_queues:105:5)
    at async ImageService.downloadImage (C:\Users\khade\OneDrive\Placment\Final Year VD Project\backend\src\services\imageService.ts:137:34)
    at async <anonymous> (C:\Users\khade\OneDrive\Placment\Final Year VD Project\backend\src\services\aiService.ts:296:40)
    at async Promise.all (index 1)
    at async AIService.generateRoomRedesign (C:\Users\khade\OneDrive\Placment\Final Year VD Project\backend\src\services\aiService.ts:195:20)
    at async DesignController.generate (C:\Users\khade\OneDrive\Placment\Final Year VD Project\backend\src\controllers\designController.ts:67:37)
2026-02-05 22:07:45 [error]: AxiosError: Request failed with status code 502
    at settle (C:\Users\khade\OneDrive\Placment\Final Year VD Project\backend\node_modules\axios\lib\core\settle.js:19:12)
    at IncomingMessage.handleStreamEnd (C:\Users\khade\OneDrive\Placment\Final Year VD Project\backend\node_modules\axios\lib\adapters\http.js:798:11)
    at IncomingMessage.emit (node:events:531:35)
    at endReadableNT (node:internal/streams/readable:1698:12)
    at process.processTicksAndRejections (node:internal/process/task_queues:90:21)
    at Axios.request (C:\Users\khade\OneDrive\Placment\Final Year VD Project\backend\node_modules\axios\lib\core\Axios.js:45:41)
    at process.processTicksAndRejections (node:internal/process/task_queues:105:5)
    at async ImageService.downloadImage (C:\Users\khade\OneDrive\Placment\Final Year VD Project\backend\src\services\imageService.ts:137:34)
    at async <anonymous> (C:\Users\khade\OneDrive\Placment\Final Year VD Project\backend\src\services\aiService.ts:296:40)
    at async Promise.all (index 0)
    at async AIService.generateRoomRedesign (C:\Users\khade\OneDrive\Placment\Final Year VD Project\backend\src\services\aiService.ts:195:20)
    at async DesignController.generate (C:\Users\khade\OneDrive\Placment\Final Year VD Project\backend\src\controllers\designController.ts:67:37)
2026-02-05 22:07:45 [error]: AxiosError: Request failed with status code 502
    at settle (C:\Users\khade\OneDrive\Placment\Final Year VD Project\backend\node_modules\axios\lib\core\settle.js:19:12)
    at IncomingMessage.handleStreamEnd (C:\Users\khade\OneDrive\Placment\Final Year VD Project\backend\node_modules\axios\lib\adapters\http.js:798:11)
    at IncomingMessage.emit (node:events:531:35)
    at endReadableNT (node:internal/streams/readable:1698:12)
    at process.processTicksAndRejections (node:internal/process/task_queues:90:21)
    at Axios.request (C:\Users\khade\OneDrive\Placment\Final Year VD Project\backend\node_modules\axios\lib\core\Axios.js:45:41)
    at process.processTicksAndRejections (node:internal/process/task_queues:105:5)
    at async ImageService.downloadImage (C:\Users\khade\OneDrive\Placment\Final Year VD Project\backend\src\services\imageService.ts:137:34)
    at async <anonymous> (C:\Users\khade\OneDrive\Placment\Final Year VD Project\backend\src\services\aiService.ts:296:40)
    at async Promise.all (index 0)
    at async AIService.generateRoomRedesign (C:\Users\khade\OneDrive\Placment\Final Year VD Project\backend\src\services\aiService.ts:195:20)
    at async DesignController.generate (C:\Users\khade\OneDrive\Placment\Final Year VD Project\backend\src\controllers\designController.ts:67:37)
2026-02-05 22:07:45 [error]: AxiosError: Request failed with status code 502
    at settle (C:\Users\khade\OneDrive\Placment\Final Year VD Project\backend\node_modules\axios\lib\core\settle.js:19:12)
    at IncomingMessage.handleStreamEnd (C:\Users\khade\OneDrive\Placment\Final Year VD Project\backend\node_modules\axios\lib\adapters\http.js:798:11)
    at IncomingMessage.emit (node:events:531:35)
    at endReadableNT (node:internal/streams/readable:1698:12)
    at process.processTicksAndRejections (node:internal/process/task_queues:90:21)
    at Axios.request (C:\Users\khade\OneDrive\Placment\Final Year VD Project\backend\node_modules\axios\lib\core\Axios.js:45:41)
    at process.processTicksAndRejections (node:internal/process/task_queues:105:5)
    at async ImageService.downloadImage (C:\Users\khade\OneDrive\Placment\Final Year VD Project\backend\src\services\imageService.ts:137:34)
    at async <anonymous> (C:\Users\khade\OneDrive\Placment\Final Year VD Project\backend\src\services\aiService.ts:296:40)
    at async Promise.all (index 1)
    at async AIService.generateRoomRedesign (C:\Users\khade\OneDrive\Placment\Final Year VD Project\backend\src\services\aiService.ts:195:20)
    at async DesignController.generate (C:\Users\khade\OneDrive\Placment\Final Year VD Project\backend\src\controllers\designController.ts:67:37)
2026-02-05 22:07:46 [error]: AxiosError: Request failed with status code 502
    at settle (C:\Users\khade\OneDrive\Placment\Final Year VD Project\backend\node_modules\axios\lib\core\settle.js:19:12)
    at IncomingMessage.handleStreamEnd (C:\Users\khade\OneDrive\Placment\Final Year VD Project\backend\node_modules\axios\lib\adapters\http.js:798:11)
    at IncomingMessage.emit (node:events:531:35)
    at endReadableNT (node:internal/streams/readable:1698:12)
    at process.processTicksAndRejections (node:internal/process/task_queues:90:21)
    at Axios.request (C:\Users\khade\OneDrive\Placment\Final Year VD Project\backend\node_modules\axios\lib\core\Axios.js:45:41)
    at process.processTicksAndRejections (node:internal/process/task_queues:105:5)
    at async ImageService.downloadImage (C:\Users\khade\OneDrive\Placment\Final Year VD Project\backend\src\services\imageService.ts:137:34)
    at async <anonymous> (C:\Users\khade\OneDrive\Placment\Final Year VD Project\backend\src\services\aiService.ts:296:40)
    at async Promise.all (index 2)
    at async AIService.generateRoomRedesign (C:\Users\khade\OneDrive\Placment\Final Year VD Project\backend\src\services\aiService.ts:195:20)
    at async DesignController.generate (C:\Users\khade\OneDrive\Placment\Final Year VD Project\backend\src\controllers\designController.ts:67:37)
2026-02-05 22:07:47 [error]: AxiosError: Request failed with status code 502
    at settle (C:\Users\khade\OneDrive\Placment\Final Year VD Project\backend\node_modules\axios\lib\core\settle.js:19:12)
    at IncomingMessage.handleStreamEnd (C:\Users\khade\OneDrive\Placment\Final Year VD Project\backend\node_modules\axios\lib\adapters\http.js:798:11)
    at IncomingMessage.emit (node:events:531:35)
    at endReadableNT (node:internal/streams/readable:1698:12)
    at process.processTicksAndRejections (node:internal/process/task_queues:90:21)
    at Axios.request (C:\Users\khade\OneDrive\Placment\Final Year VD Project\backend\node_modules\axios\lib\core\Axios.js:45:41)
    at process.processTicksAndRejections (node:internal/process/task_queues:105:5)
    at async ImageService.downloadImage (C:\Users\khade\OneDrive\Placment\Final Year VD Project\backend\src\services\imageService.ts:137:34)
    at async <anonymous> (C:\Users\khade\OneDrive\Placment\Final Year VD Project\backend\src\services\aiService.ts:296:40)
    at async Promise.all (index 2)
    at async AIService.generateRoomRedesign (C:\Users\khade\OneDrive\Placment\Final Year VD Project\backend\src\services\aiService.ts:195:20)
    at async DesignController.generate (C:\Users\khade\OneDrive\Placment\Final Year VD Project\backend\src\controllers\designController.ts:67:37)
2026-02-05 22:07:47 [error]: AxiosError: Request failed with status code 502
    at settle (C:\Users\khade\OneDrive\Placment\Final Year VD Project\backend\node_modules\axios\lib\core\settle.js:19:12)
    at IncomingMessage.handleStreamEnd (C:\Users\khade\OneDrive\Placment\Final Year VD Project\backend\node_modules\axios\lib\adapters\http.js:798:11)
    at IncomingMessage.emit (node:events:531:35)
    at endReadableNT (node:internal/streams/readable:1698:12)
    at process.processTicksAndRejections (node:internal/process/task_queues:90:21)
    at Axios.request (C:\Users\khade\OneDrive\Placment\Final Year VD Project\backend\node_modules\axios\lib\core\Axios.js:45:41)
    at process.processTicksAndRejections (node:internal/process/task_queues:105:5)
    at async ImageService.downloadImage (C:\Users\khade\OneDrive\Placment\Final Year VD Project\backend\src\services\imageService.ts:137:34)
    at async <anonymous> (C:\Users\khade\OneDrive\Placment\Final Year VD Project\backend\src\services\aiService.ts:296:40)
    at async Promise.all (index 1)
    at async AIService.generateRoomRedesign (C:\Users\khade\OneDrive\Placment\Final Year VD Project\backend\src\services\aiService.ts:195:20)
    at async DesignController.generate (C:\Users\khade\OneDrive\Placment\Final Year VD Project\backend\src\controllers\designController.ts:67:37)
2026-02-05 22:07:48 [error]: AxiosError: Request failed with status code 502
    at settle (C:\Users\khade\OneDrive\Placment\Final Year VD Project\backend\node_modules\axios\lib\core\settle.js:19:12)
    at IncomingMessage.handleStreamEnd (C:\Users\khade\OneDrive\Placment\Final Year VD Project\backend\node_modules\axios\lib\adapters\http.js:798:11)
    at IncomingMessage.emit (node:events:531:35)
    at endReadableNT (node:internal/streams/readable:1698:12)
    at process.processTicksAndRejections (node:internal/process/task_queues:90:21)
    at Axios.request (C:\Users\khade\OneDrive\Placment\Final Year VD Project\backend\node_modules\axios\lib\core\Axios.js:45:41)
    at process.processTicksAndRejections (node:internal/process/task_queues:105:5)
    at async ImageService.downloadImage (C:\Users\khade\OneDrive\Placment\Final Year VD Project\backend\src\services\imageService.ts:137:34)
    at async <anonymous> (C:\Users\khade\OneDrive\Placment\Final Year VD Project\backend\src\services\aiService.ts:296:40)
    at async Promise.all (index 0)
    at async AIService.generateRoomRedesign (C:\Users\khade\OneDrive\Placment\Final Year VD Project\backend\src\services\aiService.ts:195:20)
    at async DesignController.generate (C:\Users\khade\OneDrive\Placment\Final Year VD Project\backend\src\controllers\designController.ts:67:37)
2026-02-05 22:07:48 [error]: AxiosError: Request failed with status code 502
    at settle (C:\Users\khade\OneDrive\Placment\Final Year VD Project\backend\node_modules\axios\lib\core\settle.js:19:12)
    at IncomingMessage.handleStreamEnd (C:\Users\khade\OneDrive\Placment\Final Year VD Project\backend\node_modules\axios\lib\adapters\http.js:798:11)
    at IncomingMessage.emit (node:events:531:35)
    at endReadableNT (node:internal/streams/readable:1698:12)
    at process.processTicksAndRejections (node:internal/process/task_queues:90:21)
    at Axios.request (C:\Users\khade\OneDrive\Placment\Final Year VD Project\backend\node_modules\axios\lib\core\Axios.js:45:41)
    at process.processTicksAndRejections (node:internal/process/task_queues:105:5)
    at async ImageService.downloadImage (C:\Users\khade\OneDrive\Placment\Final Year VD Project\backend\src\services\imageService.ts:137:34)
    at async <anonymous> (C:\Users\khade\OneDrive\Placment\Final Year VD Project\backend\src\services\aiService.ts:296:40)
    at async Promise.all (index 0)
    at async AIService.generateRoomRedesign (C:\Users\khade\OneDrive\Placment\Final Year VD Project\backend\src\services\aiService.ts:195:20)
    at async DesignController.generate (C:\Users\khade\OneDrive\Placment\Final Year VD Project\backend\src\controllers\designController.ts:67:37)
2026-02-05 22:07:49 [error]: AxiosError: Request failed with status code 502
    at settle (C:\Users\khade\OneDrive\Placment\Final Year VD Project\backend\node_modules\axios\lib\core\settle.js:19:12)
    at IncomingMessage.handleStreamEnd (C:\Users\khade\OneDrive\Placment\Final Year VD Project\backend\node_modules\axios\lib\adapters\http.js:798:11)
    at IncomingMessage.emit (node:events:531:35)
    at endReadableNT (node:internal/streams/readable:1698:12)
    at process.processTicksAndRejections (node:internal/process/task_queues:90:21)
    at Axios.request (C:\Users\khade\OneDrive\Placment\Final Year VD Project\backend\node_modules\axios\lib\core\Axios.js:45:41)
    at process.processTicksAndRejections (node:internal/process/task_queues:105:5)
    at async ImageService.downloadImage (C:\Users\khade\OneDrive\Placment\Final Year VD Project\backend\src\services\imageService.ts:137:34)
    at async <anonymous> (C:\Users\khade\OneDrive\Placment\Final Year VD Project\backend\src\services\aiService.ts:296:40)
    at async Promise.all (index 2)
    at async AIService.generateRoomRedesign (C:\Users\khade\OneDrive\Placment\Final Year VD Project\backend\src\services\aiService.ts:195:20)
    at async DesignController.generate (C:\Users\khade\OneDrive\Placment\Final Year VD Project\backend\src\controllers\designController.ts:67:37)
2026-02-05 22:07:49 [error]: AxiosError: Request failed with status code 502
    at settle (C:\Users\khade\OneDrive\Placment\Final Year VD Project\backend\node_modules\axios\lib\core\settle.js:19:12)
    at IncomingMessage.handleStreamEnd (C:\Users\khade\OneDrive\Placment\Final Year VD Project\backend\node_modules\axios\lib\adapters\http.js:798:11)
    at IncomingMessage.emit (node:events:531:35)
    at endReadableNT (node:internal/streams/readable:1698:12)
    at process.processTicksAndRejections (node:internal/process/task_queues:90:21)
    at Axios.request (C:\Users\khade\OneDrive\Placment\Final Year VD Project\backend\node_modules\axios\lib\core\Axios.js:45:41)
    at process.processTicksAndRejections (node:internal/process/task_queues:105:5)
    at async ImageService.downloadImage (C:\Users\khade\OneDrive\Placment\Final Year VD Project\backend\src\services\imageService.ts:137:34)
    at async <anonymous> (C:\Users\khade\OneDrive\Placment\Final Year VD Project\backend\src\services\aiService.ts:296:40)
    at async Promise.all (index 1)
    at async AIService.generateRoomRedesign (C:\Users\khade\OneDrive\Placment\Final Year VD Project\backend\src\services\aiService.ts:195:20)
    at async DesignController.generate (C:\Users\khade\OneDrive\Placment\Final Year VD Project\backend\src\controllers\designController.ts:67:37)
2026-02-05 22:07:53 [error]: AxiosError: Request failed with status code 502
    at settle (C:\Users\khade\OneDrive\Placment\Final Year VD Project\backend\node_modules\axios\lib\core\settle.js:19:12)
    at IncomingMessage.handleStreamEnd (C:\Users\khade\OneDrive\Placment\Final Year VD Project\backend\node_modules\axios\lib\adapters\http.js:798:11)
    at IncomingMessage.emit (node:events:531:35)
    at endReadableNT (node:internal/streams/readable:1698:12)
    at process.processTicksAndRejections (node:internal/process/task_queues:90:21)
    at Axios.request (C:\Users\khade\OneDrive\Placment\Final Year VD Project\backend\node_modules\axios\lib\core\Axios.js:45:41)
    at process.processTicksAndRejections (node:internal/process/task_queues:105:5)
    at async ImageService.downloadImage (C:\Users\khade\OneDrive\Placment\Final Year VD Project\backend\src\services\imageService.ts:137:34)
    at async <anonymous> (C:\Users\khade\OneDrive\Placment\Final Year VD Project\backend\src\services\aiService.ts:296:40)
    at async Promise.all (index 0)
    at async AIService.generateRoomRedesign (C:\Users\khade\OneDrive\Placment\Final Year VD Project\backend\src\services\aiService.ts:195:20)
    at async DesignController.generate (C:\Users\khade\OneDrive\Placment\Final Year VD Project\backend\src\controllers\designController.ts:67:37)
2026-02-05 22:07:53 [error]: Failed to download AI image, using direct link: Error: Failed to download image after 3 attempts: Request failed with status code 502
2026-02-05 22:07:53 [error]: AxiosError: Request failed with status code 502
    at settle (C:\Users\khade\OneDrive\Placment\Final Year VD Project\backend\node_modules\axios\lib\core\settle.js:19:12)
    at IncomingMessage.handleStreamEnd (C:\Users\khade\OneDrive\Placment\Final Year VD Project\backend\node_modules\axios\lib\adapters\http.js:798:11)
    at IncomingMessage.emit (node:events:531:35)
    at endReadableNT (node:internal/streams/readable:1698:12)
    at process.processTicksAndRejections (node:internal/process/task_queues:90:21)
    at Axios.request (C:\Users\khade\OneDrive\Placment\Final Year VD Project\backend\node_modules\axios\lib\core\Axios.js:45:41)
    at process.processTicksAndRejections (node:internal/process/task_queues:105:5)
    at async ImageService.downloadImage (C:\Users\khade\OneDrive\Placment\Final Year VD Project\backend\src\services\imageService.ts:137:34)
    at async <anonymous> (C:\Users\khade\OneDrive\Placment\Final Year VD Project\backend\src\services\aiService.ts:296:40)
    at async Promise.all (index 2)
    at async AIService.generateRoomRedesign (C:\Users\khade\OneDrive\Placment\Final Year VD Project\backend\src\services\aiService.ts:195:20)
    at async DesignController.generate (C:\Users\khade\OneDrive\Placment\Final Year VD Project\backend\src\controllers\designController.ts:67:37)
2026-02-05 22:07:53 [error]: Failed to download AI image, using direct link: Error: Failed to download image after 3 attempts: Request failed with status code 502
2026-02-05 22:07:53 [error]: AxiosError: Request failed with status code 502
    at settle (C:\Users\khade\OneDrive\Placment\Final Year VD Project\backend\node_modules\axios\lib\core\settle.js:19:12)
    at IncomingMessage.handleStreamEnd (C:\Users\khade\OneDrive\Placment\Final Year VD Project\backend\node_modules\axios\lib\adapters\http.js:798:11)
    at IncomingMessage.emit (node:events:531:35)
    at endReadableNT (node:internal/streams/readable:1698:12)
    at process.processTicksAndRejections (node:internal/process/task_queues:90:21)
    at Axios.request (C:\Users\khade\OneDrive\Placment\Final Year VD Project\backend\node_modules\axios\lib\core\Axios.js:45:41)
    at process.processTicksAndRejections (node:internal/process/task_queues:105:5)
    at async ImageService.downloadImage (C:\Users\khade\OneDrive\Placment\Final Year VD Project\backend\src\services\imageService.ts:137:34)
    at async <anonymous> (C:\Users\khade\OneDrive\Placment\Final Year VD Project\backend\src\services\aiService.ts:296:40)
    at async Promise.all (index 1)
    at async AIService.generateRoomRedesign (C:\Users\khade\OneDrive\Placment\Final Year VD Project\backend\src\services\aiService.ts:195:20)
    at async DesignController.generate (C:\Users\khade\OneDrive\Placment\Final Year VD Project\backend\src\controllers\designController.ts:67:37)
2026-02-05 22:07:53 [error]: Failed to download AI image, using direct link: Error: Failed to download image after 3 attempts: Request failed with status code 502
2026-02-05 22:07:53 [error]: AxiosError: Request failed with status code 502
    at settle (C:\Users\khade\OneDrive\Placment\Final Year VD Project\backend\node_modules\axios\lib\core\settle.js:19:12)
    at IncomingMessage.handleStreamEnd (C:\Users\khade\OneDrive\Placment\Final Year VD Project\backend\node_modules\axios\lib\adapters\http.js:798:11)
    at IncomingMessage.emit (node:events:531:35)
    at endReadableNT (node:internal/streams/readable:1698:12)
    at process.processTicksAndRejections (node:internal/process/task_queues:90:21)
    at Axios.request (C:\Users\khade\OneDrive\Placment\Final Year VD Project\backend\node_modules\axios\lib\core\Axios.js:45:41)
    at process.processTicksAndRejections (node:internal/process/task_queues:105:5)
    at async ImageService.downloadImage (C:\Users\khade\OneDrive\Placment\Final Year VD Project\backend\src\services\imageService.ts:137:34)
    at async <anonymous> (C:\Users\khade\OneDrive\Placment\Final Year VD Project\backend\src\services\aiService.ts:296:40)
    at async Promise.all (index 0)
    at async AIService.generateRoomRedesign (C:\Users\khade\OneDrive\Placment\Final Year VD Project\backend\src\services\aiService.ts:195:20)
    at async DesignController.generate (C:\Users\khade\OneDrive\Placment\Final Year VD Project\backend\src\controllers\designController.ts:67:37)
2026-02-05 22:07:53 [error]: Failed to download AI image, using direct link: Error: Failed to download image after 3 attempts: Request failed with status code 502
2026-02-05 22:07:55 [error]: AxiosError: Request failed with status code 502
    at settle (C:\Users\khade\OneDrive\Placment\Final Year VD Project\backend\node_modules\axios\lib\core\settle.js:19:12)
    at IncomingMessage.handleStreamEnd (C:\Users\khade\OneDrive\Placment\Final Year VD Project\backend\node_modules\axios\lib\adapters\http.js:798:11)
    at IncomingMessage.emit (node:events:531:35)
    at endReadableNT (node:internal/streams/readable:1698:12)
    at process.processTicksAndRejections (node:internal/process/task_queues:90:21)
    at Axios.request (C:\Users\khade\OneDrive\Placment\Final Year VD Project\backend\node_modules\axios\lib\core\Axios.js:45:41)
    at process.processTicksAndRejections (node:internal/process/task_queues:105:5)
    at async ImageService.downloadImage (C:\Users\khade\OneDrive\Placment\Final Year VD Project\backend\src\services\imageService.ts:137:34)
    at async <anonymous> (C:\Users\khade\OneDrive\Placment\Final Year VD Project\backend\src\services\aiService.ts:296:40)
    at async Promise.all (index 2)
    at async AIService.generateRoomRedesign (C:\Users\khade\OneDrive\Placment\Final Year VD Project\backend\src\services\aiService.ts:195:20)
    at async DesignController.generate (C:\Users\khade\OneDrive\Placment\Final Year VD Project\backend\src\controllers\designController.ts:67:37)
2026-02-05 22:07:55 [error]: Failed to download AI image, using direct link: Error: Failed to download image after 3 attempts: Request failed with status code 502
2026-02-05 22:07:55 [error]: AxiosError: Request failed with status code 502
    at settle (C:\Users\khade\OneDrive\Placment\Final Year VD Project\backend\node_modules\axios\lib\core\settle.js:19:12)
    at IncomingMessage.handleStreamEnd (C:\Users\khade\OneDrive\Placment\Final Year VD Project\backend\node_modules\axios\lib\adapters\http.js:798:11)
    at IncomingMessage.emit (node:events:531:35)
    at endReadableNT (node:internal/streams/readable:1698:12)
    at process.processTicksAndRejections (node:internal/process/task_queues:90:21)
    at Axios.request (C:\Users\khade\OneDrive\Placment\Final Year VD Project\backend\node_modules\axios\lib\core\Axios.js:45:41)
    at process.processTicksAndRejections (node:internal/process/task_queues:105:5)
    at async ImageService.downloadImage (C:\Users\khade\OneDrive\Placment\Final Year VD Project\backend\src\services\imageService.ts:137:34)
    at async <anonymous> (C:\Users\khade\OneDrive\Placment\Final Year VD Project\backend\src\services\aiService.ts:296:40)
    at async Promise.all (index 1)
    at async AIService.generateRoomRedesign (C:\Users\khade\OneDrive\Placment\Final Year VD Project\backend\src\services\aiService.ts:195:20)
    at async DesignController.generate (C:\Users\khade\OneDrive\Placment\Final Year VD Project\backend\src\controllers\designController.ts:67:37)
2026-02-05 22:07:55 [error]: Failed to download AI image, using direct link: Error: Failed to download image after 3 attempts: Request failed with status code 502
2026-02-05 22:17:17 [error]: AxiosError: Request failed with status code 502
    at settle (C:\Users\khade\OneDrive\Placment\Final Year VD Project\backend\node_modules\axios\lib\core\settle.js:19:12)
    at IncomingMessage.handleStreamEnd (C:\Users\khade\OneDrive\Placment\Final Year VD Project\backend\node_modules\axios\lib\adapters\http.js:798:11)
    at IncomingMessage.emit (node:events:531:35)
    at endReadableNT (node:internal/streams/readable:1698:12)
    at process.processTicksAndRejections (node:internal/process/task_queues:90:21)
    at Axios.request (C:\Users\khade\OneDrive\Placment\Final Year VD Project\backend\node_modules\axios\lib\core\Axios.js:45:41)
    at process.processTicksAndRejections (node:internal/process/task_queues:105:5)
    at async ImageService.downloadImage (C:\Users\khade\OneDrive\Placment\Final Year VD Project\backend\src\services\imageService.ts:140:34)
    at async <anonymous> (C:\Users\khade\OneDrive\Placment\Final Year VD Project\backend\src\services\aiService.ts:293:40)
    at async Promise.all (index 0)
    at async AIService.generateRoomRedesign (C:\Users\khade\OneDrive\Placment\Final Year VD Project\backend\src\services\aiService.ts:195:20)
    at async DesignController.generate (C:\Users\khade\OneDrive\Placment\Final Year VD Project\backend\src\controllers\designController.ts:67:37)
2026-02-05 22:17:17 [error]: AxiosError: Request failed with status code 502
    at settle (C:\Users\khade\OneDrive\Placment\Final Year VD Project\backend\node_modules\axios\lib\core\settle.js:19:12)
    at IncomingMessage.handleStreamEnd (C:\Users\khade\OneDrive\Placment\Final Year VD Project\backend\node_modules\axios\lib\adapters\http.js:798:11)
    at IncomingMessage.emit (node:events:531:35)
    at endReadableNT (node:internal/streams/readable:1698:12)
    at process.processTicksAndRejections (node:internal/process/task_queues:90:21)
    at Axios.request (C:\Users\khade\OneDrive\Placment\Final Year VD Project\backend\node_modules\axios\lib\core\Axios.js:45:41)
    at process.processTicksAndRejections (node:internal/process/task_queues:105:5)
    at async ImageService.downloadImage (C:\Users\khade\OneDrive\Placment\Final Year VD Project\backend\src\services\imageService.ts:140:34)
    at async <anonymous> (C:\Users\khade\OneDrive\Placment\Final Year VD Project\backend\src\services\aiService.ts:293:40)
    at async Promise.all (index 1)
    at async AIService.generateRoomRedesign (C:\Users\khade\OneDrive\Placment\Final Year VD Project\backend\src\services\aiService.ts:195:20)
    at async DesignController.generate (C:\Users\khade\OneDrive\Placment\Final Year VD Project\backend\src\controllers\designController.ts:67:37)
2026-02-05 22:17:17 [error]: AxiosError: Request failed with status code 502
    at settle (C:\Users\khade\OneDrive\Placment\Final Year VD Project\backend\node_modules\axios\lib\core\settle.js:19:12)
    at IncomingMessage.handleStreamEnd (C:\Users\khade\OneDrive\Placment\Final Year VD Project\backend\node_modules\axios\lib\adapters\http.js:798:11)
    at IncomingMessage.emit (node:events:531:35)
    at endReadableNT (node:internal/streams/readable:1698:12)
    at process.processTicksAndRejections (node:internal/process/task_queues:90:21)
    at Axios.request (C:\Users\khade\OneDrive\Placment\Final Year VD Project\backend\node_modules\axios\lib\core\Axios.js:45:41)
    at process.processTicksAndRejections (node:internal/process/task_queues:105:5)
    at async ImageService.downloadImage (C:\Users\khade\OneDrive\Placment\Final Year VD Project\backend\src\services\imageService.ts:140:34)
    at async <anonymous> (C:\Users\khade\OneDrive\Placment\Final Year VD Project\backend\src\services\aiService.ts:293:40)
    at async Promise.all (index 2)
    at async AIService.generateRoomRedesign (C:\Users\khade\OneDrive\Placment\Final Year VD Project\backend\src\services\aiService.ts:195:20)
    at async DesignController.generate (C:\Users\khade\OneDrive\Placment\Final Year VD Project\backend\src\controllers\designController.ts:67:37)
2026-02-05 22:17:17 [error]: AxiosError: Request failed with status code 502
    at settle (C:\Users\khade\OneDrive\Placment\Final Year VD Project\backend\node_modules\axios\lib\core\settle.js:19:12)
    at IncomingMessage.handleStreamEnd (C:\Users\khade\OneDrive\Placment\Final Year VD Project\backend\node_modules\axios\lib\adapters\http.js:798:11)
    at IncomingMessage.emit (node:events:531:35)
    at endReadableNT (node:internal/streams/readable:1698:12)
    at process.processTicksAndRejections (node:internal/process/task_queues:90:21)
    at Axios.request (C:\Users\khade\OneDrive\Placment\Final Year VD Project\backend\node_modules\axios\lib\core\Axios.js:45:41)
    at process.processTicksAndRejections (node:internal/process/task_queues:105:5)
    at async ImageService.downloadImage (C:\Users\khade\OneDrive\Placment\Final Year VD Project\backend\src\services\imageService.ts:140:34)
    at async <anonymous> (C:\Users\khade\OneDrive\Placment\Final Year VD Project\backend\src\services\aiService.ts:293:40)
    at async Promise.all (index 0)
    at async AIService.generateRoomRedesign (C:\Users\khade\OneDrive\Placment\Final Year VD Project\backend\src\services\aiService.ts:195:20)
    at async DesignController.generate (C:\Users\khade\OneDrive\Placment\Final Year VD Project\backend\src\controllers\designController.ts:67:37)
2026-02-05 22:17:17 [error]: AxiosError: Request failed with status code 502
    at settle (C:\Users\khade\OneDrive\Placment\Final Year VD Project\backend\node_modules\axios\lib\core\settle.js:19:12)
    at IncomingMessage.handleStreamEnd (C:\Users\khade\OneDrive\Placment\Final Year VD Project\backend\node_modules\axios\lib\adapters\http.js:798:11)
    at IncomingMessage.emit (node:events:531:35)
    at endReadableNT (node:internal/streams/readable:1698:12)
    at process.processTicksAndRejections (node:internal/process/task_queues:90:21)
    at Axios.request (C:\Users\khade\OneDrive\Placment\Final Year VD Project\backend\node_modules\axios\lib\core\Axios.js:45:41)
    at process.processTicksAndRejections (node:internal/process/task_queues:105:5)
    at async ImageService.downloadImage (C:\Users\khade\OneDrive\Placment\Final Year VD Project\backend\src\services\imageService.ts:140:34)
    at async <anonymous> (C:\Users\khade\OneDrive\Placment\Final Year VD Project\backend\src\services\aiService.ts:293:40)
    at async Promise.all (index 1)
    at async AIService.generateRoomRedesign (C:\Users\khade\OneDrive\Placment\Final Year VD Project\backend\src\services\aiService.ts:195:20)
    at async DesignController.generate (C:\Users\khade\OneDrive\Placment\Final Year VD Project\backend\src\controllers\designController.ts:67:37)
2026-02-05 22:17:17 [error]: AxiosError: Request failed with status code 502
    at settle (C:\Users\khade\OneDrive\Placment\Final Year VD Project\backend\node_modules\axios\lib\core\settle.js:19:12)
    at IncomingMessage.handleStreamEnd (C:\Users\khade\OneDrive\Placment\Final Year VD Project\backend\node_modules\axios\lib\adapters\http.js:798:11)
    at IncomingMessage.emit (node:events:531:35)
    at endReadableNT (node:internal/streams/readable:1698:12)
    at process.processTicksAndRejections (node:internal/process/task_queues:90:21)
    at Axios.request (C:\Users\khade\OneDrive\Placment\Final Year VD Project\backend\node_modules\axios\lib\core\Axios.js:45:41)
    at process.processTicksAndRejections (node:internal/process/task_queues:105:5)
    at async ImageService.downloadImage (C:\Users\khade\OneDrive\Placment\Final Year VD Project\backend\src\services\imageService.ts:140:34)
    at async <anonymous> (C:\Users\khade\OneDrive\Placment\Final Year VD Project\backend\src\services\aiService.ts:293:40)
    at async Promise.all (index 2)
    at async AIService.generateRoomRedesign (C:\Users\khade\OneDrive\Placment\Final Year VD Project\backend\src\services\aiService.ts:195:20)
    at async DesignController.generate (C:\Users\khade\OneDrive\Placment\Final Year VD Project\backend\src\controllers\designController.ts:67:37)
2026-02-05 22:17:20 [error]: AxiosError: Request failed with status code 502
    at settle (C:\Users\khade\OneDrive\Placment\Final Year VD Project\backend\node_modules\axios\lib\core\settle.js:19:12)
    at IncomingMessage.handleStreamEnd (C:\Users\khade\OneDrive\Placment\Final Year VD Project\backend\node_modules\axios\lib\adapters\http.js:798:11)
    at IncomingMessage.emit (node:events:531:35)
    at endReadableNT (node:internal/streams/readable:1698:12)
    at process.processTicksAndRejections (node:internal/process/task_queues:90:21)
    at Axios.request (C:\Users\khade\OneDrive\Placment\Final Year VD Project\backend\node_modules\axios\lib\core\Axios.js:45:41)
    at process.processTicksAndRejections (node:internal/process/task_queues:105:5)
    at async ImageService.downloadImage (C:\Users\khade\OneDrive\Placment\Final Year VD Project\backend\src\services\imageService.ts:140:34)
    at async <anonymous> (C:\Users\khade\OneDrive\Placment\Final Year VD Project\backend\src\services\aiService.ts:293:40)
    at async Promise.all (index 0)
    at async AIService.generateRoomRedesign (C:\Users\khade\OneDrive\Placment\Final Year VD Project\backend\src\services\aiService.ts:195:20)
    at async DesignController.generate (C:\Users\khade\OneDrive\Placment\Final Year VD Project\backend\src\controllers\designController.ts:67:37)
2026-02-05 22:17:20 [error]: AxiosError: Request failed with status code 502
    at settle (C:\Users\khade\OneDrive\Placment\Final Year VD Project\backend\node_modules\axios\lib\core\settle.js:19:12)
    at IncomingMessage.handleStreamEnd (C:\Users\khade\OneDrive\Placment\Final Year VD Project\backend\node_modules\axios\lib\adapters\http.js:798:11)
    at IncomingMessage.emit (node:events:531:35)
    at endReadableNT (node:internal/streams/readable:1698:12)
    at process.processTicksAndRejections (node:internal/process/task_queues:90:21)
    at Axios.request (C:\Users\khade\OneDrive\Placment\Final Year VD Project\backend\node_modules\axios\lib\core\Axios.js:45:41)
    at process.processTicksAndRejections (node:internal/process/task_queues:105:5)
    at async ImageService.downloadImage (C:\Users\khade\OneDrive\Placment\Final Year VD Project\backend\src\services\imageService.ts:140:34)
    at async <anonymous> (C:\Users\khade\OneDrive\Placment\Final Year VD Project\backend\src\services\aiService.ts:293:40)
    at async Promise.all (index 0)
    at async AIService.generateRoomRedesign (C:\Users\khade\OneDrive\Placment\Final Year VD Project\backend\src\services\aiService.ts:195:20)
    at async DesignController.generate (C:\Users\khade\OneDrive\Placment\Final Year VD Project\backend\src\controllers\designController.ts:67:37)
2026-02-05 22:17:20 [error]: AxiosError: Request failed with status code 502
    at settle (C:\Users\khade\OneDrive\Placment\Final Year VD Project\backend\node_modules\axios\lib\core\settle.js:19:12)
    at IncomingMessage.handleStreamEnd (C:\Users\khade\OneDrive\Placment\Final Year VD Project\backend\node_modules\axios\lib\adapters\http.js:798:11)
    at IncomingMessage.emit (node:events:531:35)
    at endReadableNT (node:internal/streams/readable:1698:12)
    at process.processTicksAndRejections (node:internal/process/task_queues:90:21)
    at Axios.request (C:\Users\khade\OneDrive\Placment\Final Year VD Project\backend\node_modules\axios\lib\core\Axios.js:45:41)
    at process.processTicksAndRejections (node:internal/process/task_queues:105:5)
    at async ImageService.downloadImage (C:\Users\khade\OneDrive\Placment\Final Year VD Project\backend\src\services\imageService.ts:140:34)
    at async <anonymous> (C:\Users\khade\OneDrive\Placment\Final Year VD Project\backend\src\services\aiService.ts:293:40)
    at async Promise.all (index 2)
    at async AIService.generateRoomRedesign (C:\Users\khade\OneDrive\Placment\Final Year VD Project\backend\src\services\aiService.ts:195:20)
    at async DesignController.generate (C:\Users\khade\OneDrive\Placment\Final Year VD Project\backend\src\controllers\designController.ts:67:37)
2026-02-05 22:17:20 [error]: AxiosError: Request failed with status code 502
    at settle (C:\Users\khade\OneDrive\Placment\Final Year VD Project\backend\node_modules\axios\lib\core\settle.js:19:12)
    at IncomingMessage.handleStreamEnd (C:\Users\khade\OneDrive\Placment\Final Year VD Project\backend\node_modules\axios\lib\adapters\http.js:798:11)
    at IncomingMessage.emit (node:events:531:35)
    at endReadableNT (node:internal/streams/readable:1698:12)
    at process.processTicksAndRejections (node:internal/process/task_queues:90:21)
    at Axios.request (C:\Users\khade\OneDrive\Placment\Final Year VD Project\backend\node_modules\axios\lib\core\Axios.js:45:41)
    at process.processTicksAndRejections (node:internal/process/task_queues:105:5)
    at async ImageService.downloadImage (C:\Users\khade\OneDrive\Placment\Final Year VD Project\backend\src\services\imageService.ts:140:34)
    at async <anonymous> (C:\Users\khade\OneDrive\Placment\Final Year VD Project\backend\src\services\aiService.ts:293:40)
    at async Promise.all (index 1)
    at async AIService.generateRoomRedesign (C:\Users\khade\OneDrive\Placment\Final Year VD Project\backend\src\services\aiService.ts:195:20)
    at async DesignController.generate (C:\Users\khade\OneDrive\Placment\Final Year VD Project\backend\src\controllers\designController.ts:67:37)
2026-02-05 22:17:20 [error]: AxiosError: Request failed with status code 502
    at settle (C:\Users\khade\OneDrive\Placment\Final Year VD Project\backend\node_modules\axios\lib\core\settle.js:19:12)
    at IncomingMessage.handleStreamEnd (C:\Users\khade\OneDrive\Placment\Final Year VD Project\backend\node_modules\axios\lib\adapters\http.js:798:11)
    at IncomingMessage.emit (node:events:531:35)
    at endReadableNT (node:internal/streams/readable:1698:12)
    at process.processTicksAndRejections (node:internal/process/task_queues:90:21)
    at Axios.request (C:\Users\khade\OneDrive\Placment\Final Year VD Project\backend\node_modules\axios\lib\core\Axios.js:45:41)
    at process.processTicksAndRejections (node:internal/process/task_queues:105:5)
    at async ImageService.downloadImage (C:\Users\khade\OneDrive\Placment\Final Year VD Project\backend\src\services\imageService.ts:140:34)
    at async <anonymous> (C:\Users\khade\OneDrive\Placment\Final Year VD Project\backend\src\services\aiService.ts:293:40)
    at async Promise.all (index 1)
    at async AIService.generateRoomRedesign (C:\Users\khade\OneDrive\Placment\Final Year VD Project\backend\src\services\aiService.ts:195:20)
    at async DesignController.generate (C:\Users\khade\OneDrive\Placment\Final Year VD Project\backend\src\controllers\designController.ts:67:37)
2026-02-05 22:17:21 [error]: AxiosError: Request failed with status code 502
    at settle (C:\Users\khade\OneDrive\Placment\Final Year VD Project\backend\node_modules\axios\lib\core\settle.js:19:12)
    at IncomingMessage.handleStreamEnd (C:\Users\khade\OneDrive\Placment\Final Year VD Project\backend\node_modules\axios\lib\adapters\http.js:798:11)
    at IncomingMessage.emit (node:events:531:35)
    at endReadableNT (node:internal/streams/readable:1698:12)
    at process.processTicksAndRejections (node:internal/process/task_queues:90:21)
    at Axios.request (C:\Users\khade\OneDrive\Placment\Final Year VD Project\backend\node_modules\axios\lib\core\Axios.js:45:41)
    at process.processTicksAndRejections (node:internal/process/task_queues:105:5)
    at async ImageService.downloadImage (C:\Users\khade\OneDrive\Placment\Final Year VD Project\backend\src\services\imageService.ts:140:34)
    at async <anonymous> (C:\Users\khade\OneDrive\Placment\Final Year VD Project\backend\src\services\aiService.ts:293:40)
    at async Promise.all (index 2)
    at async AIService.generateRoomRedesign (C:\Users\khade\OneDrive\Placment\Final Year VD Project\backend\src\services\aiService.ts:195:20)
    at async DesignController.generate (C:\Users\khade\OneDrive\Placment\Final Year VD Project\backend\src\controllers\designController.ts:67:37)
2026-02-05 22:17:24 [error]: AxiosError: Request failed with status code 502
    at settle (C:\Users\khade\OneDrive\Placment\Final Year VD Project\backend\node_modules\axios\lib\core\settle.js:19:12)
    at IncomingMessage.handleStreamEnd (C:\Users\khade\OneDrive\Placment\Final Year VD Project\backend\node_modules\axios\lib\adapters\http.js:798:11)
    at IncomingMessage.emit (node:events:531:35)
    at endReadableNT (node:internal/streams/readable:1698:12)
    at process.processTicksAndRejections (node:internal/process/task_queues:90:21)
    at Axios.request (C:\Users\khade\OneDrive\Placment\Final Year VD Project\backend\node_modules\axios\lib\core\Axios.js:45:41)
    at process.processTicksAndRejections (node:internal/process/task_queues:105:5)
    at async ImageService.downloadImage (C:\Users\khade\OneDrive\Placment\Final Year VD Project\backend\src\services\imageService.ts:140:34)
    at async <anonymous> (C:\Users\khade\OneDrive\Placment\Final Year VD Project\backend\src\services\aiService.ts:293:40)
    at async Promise.all (index 0)
    at async AIService.generateRoomRedesign (C:\Users\khade\OneDrive\Placment\Final Year VD Project\backend\src\services\aiService.ts:195:20)
    at async DesignController.generate (C:\Users\khade\OneDrive\Placment\Final Year VD Project\backend\src\controllers\designController.ts:67:37)
2026-02-05 22:17:25 [error]: AxiosError: Request failed with status code 502
    at settle (C:\Users\khade\OneDrive\Placment\Final Year VD Project\backend\node_modules\axios\lib\core\settle.js:19:12)
    at IncomingMessage.handleStreamEnd (C:\Users\khade\OneDrive\Placment\Final Year VD Project\backend\node_modules\axios\lib\adapters\http.js:798:11)
    at IncomingMessage.emit (node:events:531:35)
    at endReadableNT (node:internal/streams/readable:1698:12)
    at process.processTicksAndRejections (node:internal/process/task_queues:90:21)
    at Axios.request (C:\Users\khade\OneDrive\Placment\Final Year VD Project\backend\node_modules\axios\lib\core\Axios.js:45:41)
    at process.processTicksAndRejections (node:internal/process/task_queues:105:5)
    at async ImageService.downloadImage (C:\Users\khade\OneDrive\Placment\Final Year VD Project\backend\src\services\imageService.ts:140:34)
    at async <anonymous> (C:\Users\khade\OneDrive\Placment\Final Year VD Project\backend\src\services\aiService.ts:293:40)
    at async Promise.all (index 0)
    at async AIService.generateRoomRedesign (C:\Users\khade\OneDrive\Placment\Final Year VD Project\backend\src\services\aiService.ts:195:20)
    at async DesignController.generate (C:\Users\khade\OneDrive\Placment\Final Year VD Project\backend\src\controllers\designController.ts:67:37)
2026-02-05 22:17:25 [error]: AxiosError: Request failed with status code 502
    at settle (C:\Users\khade\OneDrive\Placment\Final Year VD Project\backend\node_modules\axios\lib\core\settle.js:19:12)
    at IncomingMessage.handleStreamEnd (C:\Users\khade\OneDrive\Placment\Final Year VD Project\backend\node_modules\axios\lib\adapters\http.js:798:11)
    at IncomingMessage.emit (node:events:531:35)
    at endReadableNT (node:internal/streams/readable:1698:12)
    at process.processTicksAndRejections (node:internal/process/task_queues:90:21)
    at Axios.request (C:\Users\khade\OneDrive\Placment\Final Year VD Project\backend\node_modules\axios\lib\core\Axios.js:45:41)
    at process.processTicksAndRejections (node:internal/process/task_queues:105:5)
    at async ImageService.downloadImage (C:\Users\khade\OneDrive\Placment\Final Year VD Project\backend\src\services\imageService.ts:140:34)
    at async <anonymous> (C:\Users\khade\OneDrive\Placment\Final Year VD Project\backend\src\services\aiService.ts:293:40)
    at async Promise.all (index 1)
    at async AIService.generateRoomRedesign (C:\Users\khade\OneDrive\Placment\Final Year VD Project\backend\src\services\aiService.ts:195:20)
    at async DesignController.generate (C:\Users\khade\OneDrive\Placment\Final Year VD Project\backend\src\controllers\designController.ts:67:37)
2026-02-05 22:17:25 [error]: AxiosError: Request failed with status code 502
    at settle (C:\Users\khade\OneDrive\Placment\Final Year VD Project\backend\node_modules\axios\lib\core\settle.js:19:12)
    at IncomingMessage.handleStreamEnd (C:\Users\khade\OneDrive\Placment\Final Year VD Project\backend\node_modules\axios\lib\adapters\http.js:798:11)
    at IncomingMessage.emit (node:events:531:35)
    at endReadableNT (node:internal/streams/readable:1698:12)
    at process.processTicksAndRejections (node:internal/process/task_queues:90:21)
    at Axios.request (C:\Users\khade\OneDrive\Placment\Final Year VD Project\backend\node_modules\axios\lib\core\Axios.js:45:41)
    at process.processTicksAndRejections (node:internal/process/task_queues:105:5)
    at async ImageService.downloadImage (C:\Users\khade\OneDrive\Placment\Final Year VD Project\backend\src\services\imageService.ts:140:34)
    at async <anonymous> (C:\Users\khade\OneDrive\Placment\Final Year VD Project\backend\src\services\aiService.ts:293:40)
    at async Promise.all (index 1)
    at async AIService.generateRoomRedesign (C:\Users\khade\OneDrive\Placment\Final Year VD Project\backend\src\services\aiService.ts:195:20)
    at async DesignController.generate (C:\Users\khade\OneDrive\Placment\Final Year VD Project\backend\src\controllers\designController.ts:67:37)
2026-02-05 22:17:25 [error]: AxiosError: Request failed with status code 502
    at settle (C:\Users\khade\OneDrive\Placment\Final Year VD Project\backend\node_modules\axios\lib\core\settle.js:19:12)
    at IncomingMessage.handleStreamEnd (C:\Users\khade\OneDrive\Placment\Final Year VD Project\backend\node_modules\axios\lib\adapters\http.js:798:11)
    at IncomingMessage.emit (node:events:531:35)
    at endReadableNT (node:internal/streams/readable:1698:12)
    at process.processTicksAndRejections (node:internal/process/task_queues:90:21)
    at Axios.request (C:\Users\khade\OneDrive\Placment\Final Year VD Project\backend\node_modules\axios\lib\core\Axios.js:45:41)
    at process.processTicksAndRejections (node:internal/process/task_queues:105:5)
    at async ImageService.downloadImage (C:\Users\khade\OneDrive\Placment\Final Year VD Project\backend\src\services\imageService.ts:140:34)
    at async <anonymous> (C:\Users\khade\OneDrive\Placment\Final Year VD Project\backend\src\services\aiService.ts:293:40)
    at async Promise.all (index 2)
    at async AIService.generateRoomRedesign (C:\Users\khade\OneDrive\Placment\Final Year VD Project\backend\src\services\aiService.ts:195:20)
    at async DesignController.generate (C:\Users\khade\OneDrive\Placment\Final Year VD Project\backend\src\controllers\designController.ts:67:37)
2026-02-05 22:17:27 [error]: AxiosError: Request failed with status code 502
    at settle (C:\Users\khade\OneDrive\Placment\Final Year VD Project\backend\node_modules\axios\lib\core\settle.js:19:12)
    at IncomingMessage.handleStreamEnd (C:\Users\khade\OneDrive\Placment\Final Year VD Project\backend\node_modules\axios\lib\adapters\http.js:798:11)
    at IncomingMessage.emit (node:events:531:35)
    at endReadableNT (node:internal/streams/readable:1698:12)
    at process.processTicksAndRejections (node:internal/process/task_queues:90:21)
    at Axios.request (C:\Users\khade\OneDrive\Placment\Final Year VD Project\backend\node_modules\axios\lib\core\Axios.js:45:41)
    at process.processTicksAndRejections (node:internal/process/task_queues:105:5)
    at async ImageService.downloadImage (C:\Users\khade\OneDrive\Placment\Final Year VD Project\backend\src\services\imageService.ts:140:34)
    at async <anonymous> (C:\Users\khade\OneDrive\Placment\Final Year VD Project\backend\src\services\aiService.ts:293:40)
    at async Promise.all (index 2)
    at async AIService.generateRoomRedesign (C:\Users\khade\OneDrive\Placment\Final Year VD Project\backend\src\services\aiService.ts:195:20)
    at async DesignController.generate (C:\Users\khade\OneDrive\Placment\Final Year VD Project\backend\src\controllers\designController.ts:67:37)
2026-02-05 22:17:35 [error]: AxiosError: Request failed with status code 502
    at settle (C:\Users\khade\OneDrive\Placment\Final Year VD Project\backend\node_modules\axios\lib\core\settle.js:19:12)
    at RedirectableRequest.handleResponse (C:\Users\khade\OneDrive\Placment\Final Year VD Project\backend\node_modules\axios\lib\adapters\http.js:746:9)
    at RedirectableRequest.emit (node:events:519:28)
    at RedirectableRequest._processResponse (C:\Users\khade\OneDrive\Placment\Final Year VD Project\backend\node_modules\follow-redirects\index.js:409:10)
    at RedirectableRequest._onNativeResponse (C:\Users\khade\OneDrive\Placment\Final Year VD Project\backend\node_modules\follow-redirects\index.js:102:12)
    at Object.onceWrapper (node:events:634:26)
    at ClientRequest.emit (node:events:519:28)
    at HTTPParser.parserOnIncomingClient (node:_http_client:716:27)
    at HTTPParser.parserOnHeadersComplete (node:_http_common:117:17)
    at TLSSocket.socketOnData (node:_http_client:558:22)
    at Axios.request (C:\Users\khade\OneDrive\Placment\Final Year VD Project\backend\node_modules\axios\lib\core\Axios.js:45:41)
    at process.processTicksAndRejections (node:internal/process/task_queues:105:5)
    at async <anonymous> (C:\Users\khade\OneDrive\Placment\Final Year VD Project\backend\src\index.ts:103:26)
2026-02-05 22:17:35 [error]: AxiosError: Request failed with status code 502
    at settle (C:\Users\khade\OneDrive\Placment\Final Year VD Project\backend\node_modules\axios\lib\core\settle.js:19:12)
    at RedirectableRequest.handleResponse (C:\Users\khade\OneDrive\Placment\Final Year VD Project\backend\node_modules\axios\lib\adapters\http.js:746:9)
    at RedirectableRequest.emit (node:events:519:28)
    at RedirectableRequest._processResponse (C:\Users\khade\OneDrive\Placment\Final Year VD Project\backend\node_modules\follow-redirects\index.js:409:10)
    at RedirectableRequest._onNativeResponse (C:\Users\khade\OneDrive\Placment\Final Year VD Project\backend\node_modules\follow-redirects\index.js:102:12)
    at Object.onceWrapper (node:events:634:26)
    at ClientRequest.emit (node:events:519:28)
    at HTTPParser.parserOnIncomingClient (node:_http_client:716:27)
    at HTTPParser.parserOnHeadersComplete (node:_http_common:117:17)
    at TLSSocket.socketOnData (node:_http_client:558:22)
    at Axios.request (C:\Users\khade\OneDrive\Placment\Final Year VD Project\backend\node_modules\axios\lib\core\Axios.js:45:41)
    at process.processTicksAndRejections (node:internal/process/task_queues:105:5)
    at async <anonymous> (C:\Users\khade\OneDrive\Placment\Final Year VD Project\backend\src\index.ts:103:26)
2026-02-05 22:21:30 [error]: AxiosError: Request failed with status code 502
    at settle (C:\Users\khade\OneDrive\Placment\Final Year VD Project\backend\node_modules\axios\lib\core\settle.js:19:12)
    at RedirectableRequest.handleResponse (C:\Users\khade\OneDrive\Placment\Final Year VD Project\backend\node_modules\axios\lib\adapters\http.js:746:9)
    at RedirectableRequest.emit (node:events:531:35)
    at RedirectableRequest._processResponse (C:\Users\khade\OneDrive\Placment\Final Year VD Project\backend\node_modules\follow-redirects\index.js:409:10)
    at RedirectableRequest._onNativeResponse (C:\Users\khade\OneDrive\Placment\Final Year VD Project\backend\node_modules\follow-redirects\index.js:102:12)
    at Object.onceWrapper (node:events:634:26)
    at ClientRequest.emit (node:events:519:28)
    at HTTPParser.parserOnIncomingClient (node:_http_client:716:27)
    at HTTPParser.parserOnHeadersComplete (node:_http_common:117:17)
    at TLSSocket.socketOnData (node:_http_client:558:22)
    at Axios.request (C:\Users\khade\OneDrive\Placment\Final Year VD Project\backend\node_modules\axios\lib\core\Axios.js:45:41)
    at process.processTicksAndRejections (node:internal/process/task_queues:105:5)
    at async <anonymous> (C:\Users\khade\OneDrive\Placment\Final Year VD Project\backend\src\index.ts:90:26)
2026-02-05 22:21:30 [error]: AxiosError: Request failed with status code 502
    at settle (C:\Users\khade\OneDrive\Placment\Final Year VD Project\backend\node_modules\axios\lib\core\settle.js:19:12)
    at RedirectableRequest.handleResponse (C:\Users\khade\OneDrive\Placment\Final Year VD Project\backend\node_modules\axios\lib\adapters\http.js:746:9)
    at RedirectableRequest.emit (node:events:531:35)
    at RedirectableRequest._processResponse (C:\Users\khade\OneDrive\Placment\Final Year VD Project\backend\node_modules\follow-redirects\index.js:409:10)
    at RedirectableRequest._onNativeResponse (C:\Users\khade\OneDrive\Placment\Final Year VD Project\backend\node_modules\follow-redirects\index.js:102:12)
    at Object.onceWrapper (node:events:634:26)
    at ClientRequest.emit (node:events:519:28)
    at HTTPParser.parserOnIncomingClient (node:_http_client:716:27)
    at HTTPParser.parserOnHeadersComplete (node:_http_common:117:17)
    at TLSSocket.socketOnData (node:_http_client:558:22)
    at Axios.request (C:\Users\khade\OneDrive\Placment\Final Year VD Project\backend\node_modules\axios\lib\core\Axios.js:45:41)
    at process.processTicksAndRejections (node:internal/process/task_queues:105:5)
    at async <anonymous> (C:\Users\khade\OneDrive\Placment\Final Year VD Project\backend\src\index.ts:90:26)
2026-02-05 22:21:30 [error]: AxiosError: Request failed with status code 500
    at settle (C:\Users\khade\OneDrive\Placment\Final Year VD Project\backend\node_modules\axios\lib\core\settle.js:19:12)
    at RedirectableRequest.handleResponse (C:\Users\khade\OneDrive\Placment\Final Year VD Project\backend\node_modules\axios\lib\adapters\http.js:746:9)
    at RedirectableRequest.emit (node:events:531:35)
    at RedirectableRequest._processResponse (C:\Users\khade\OneDrive\Placment\Final Year VD Project\backend\node_modules\follow-redirects\index.js:409:10)
    at RedirectableRequest._onNativeResponse (C:\Users\khade\OneDrive\Placment\Final Year VD Project\backend\node_modules\follow-redirects\index.js:102:12)
    at Object.onceWrapper (node:events:634:26)
    at ClientRequest.emit (node:events:519:28)
    at HTTPParser.parserOnIncomingClient (node:_http_client:716:27)
    at HTTPParser.parserOnHeadersComplete (node:_http_common:117:17)
    at Socket.socketOnData (node:_http_client:558:22)
    at Axios.request (C:\Users\khade\OneDrive\Placment\Final Year VD Project\backend\node_modules\axios\lib\core\Axios.js:45:41)
    at process.processTicksAndRejections (node:internal/process/task_queues:105:5)
    at async <anonymous> (C:\Users\khade\OneDrive\Placment\Final Year VD Project\backend\src\index.ts:90:26)
2026-02-05 22:24:58 [error]: AxiosError: Request failed with status code 502
    at settle (C:\Users\khade\OneDrive\Placment\Final Year VD Project\backend\node_modules\axios\lib\core\settle.js:19:12)
    at IncomingMessage.handleStreamEnd (C:\Users\khade\OneDrive\Placment\Final Year VD Project\backend\node_modules\axios\lib\adapters\http.js:798:11)
    at IncomingMessage.emit (node:events:531:35)
    at endReadableNT (node:internal/streams/readable:1698:12)
    at process.processTicksAndRejections (node:internal/process/task_queues:90:21)
    at Axios.request (C:\Users\khade\OneDrive\Placment\Final Year VD Project\backend\node_modules\axios\lib\core\Axios.js:45:41)
    at process.processTicksAndRejections (node:internal/process/task_queues:105:5)
    at async ImageService.downloadImage (C:\Users\khade\OneDrive\Placment\Final Year VD Project\backend\src\services\imageService.ts:140:34)
    at async <anonymous> (C:\Users\khade\OneDrive\Placment\Final Year VD Project\backend\src\services\aiService.ts:274:40)
    at async Promise.all (index 1)
    at async AIService.generateRoomRedesign (C:\Users\khade\OneDrive\Placment\Final Year VD Project\backend\src\services\aiService.ts:195:20)
    at async DesignController.generate (C:\Users\khade\OneDrive\Placment\Final Year VD Project\backend\src\controllers\designController.ts:67:37)
2026-02-05 22:24:58 [error]: AxiosError: Request failed with status code 502
    at settle (C:\Users\khade\OneDrive\Placment\Final Year VD Project\backend\node_modules\axios\lib\core\settle.js:19:12)
    at IncomingMessage.handleStreamEnd (C:\Users\khade\OneDrive\Placment\Final Year VD Project\backend\node_modules\axios\lib\adapters\http.js:798:11)
    at IncomingMessage.emit (node:events:531:35)
    at endReadableNT (node:internal/streams/readable:1698:12)
    at process.processTicksAndRejections (node:internal/process/task_queues:90:21)
    at Axios.request (C:\Users\khade\OneDrive\Placment\Final Year VD Project\backend\node_modules\axios\lib\core\Axios.js:45:41)
    at process.processTicksAndRejections (node:internal/process/task_queues:105:5)
    at async ImageService.downloadImage (C:\Users\khade\OneDrive\Placment\Final Year VD Project\backend\src\services\imageService.ts:140:34)
    at async <anonymous> (C:\Users\khade\OneDrive\Placment\Final Year VD Project\backend\src\services\aiService.ts:274:40)
    at async Promise.all (index 2)
    at async AIService.generateRoomRedesign (C:\Users\khade\OneDrive\Placment\Final Year VD Project\backend\src\services\aiService.ts:195:20)
    at async DesignController.generate (C:\Users\khade\OneDrive\Placment\Final Year VD Project\backend\src\controllers\designController.ts:67:37)
2026-02-05 22:24:58 [error]: AxiosError: Request failed with status code 502
    at settle (C:\Users\khade\OneDrive\Placment\Final Year VD Project\backend\node_modules\axios\lib\core\settle.js:19:12)
    at IncomingMessage.handleStreamEnd (C:\Users\khade\OneDrive\Placment\Final Year VD Project\backend\node_modules\axios\lib\adapters\http.js:798:11)
    at IncomingMessage.emit (node:events:531:35)
    at endReadableNT (node:internal/streams/readable:1698:12)
    at process.processTicksAndRejections (node:internal/process/task_queues:90:21)
    at Axios.request (C:\Users\khade\OneDrive\Placment\Final Year VD Project\backend\node_modules\axios\lib\core\Axios.js:45:41)
    at process.processTicksAndRejections (node:internal/process/task_queues:105:5)
    at async ImageService.downloadImage (C:\Users\khade\OneDrive\Placment\Final Year VD Project\backend\src\services\imageService.ts:140:34)
    at async <anonymous> (C:\Users\khade\OneDrive\Placment\Final Year VD Project\backend\src\services\aiService.ts:274:40)
    at async Promise.all (index 0)
    at async AIService.generateRoomRedesign (C:\Users\khade\OneDrive\Placment\Final Year VD Project\backend\src\services\aiService.ts:195:20)
    at async DesignController.generate (C:\Users\khade\OneDrive\Placment\Final Year VD Project\backend\src\controllers\designController.ts:67:37)
2026-02-05 22:24:58 [error]: AxiosError: Request failed with status code 502
    at settle (C:\Users\khade\OneDrive\Placment\Final Year VD Project\backend\node_modules\axios\lib\core\settle.js:19:12)
    at IncomingMessage.handleStreamEnd (C:\Users\khade\OneDrive\Placment\Final Year VD Project\backend\node_modules\axios\lib\adapters\http.js:798:11)
    at IncomingMessage.emit (node:events:531:35)
    at endReadableNT (node:internal/streams/readable:1698:12)
    at process.processTicksAndRejections (node:internal/process/task_queues:90:21)
    at Axios.request (C:\Users\khade\OneDrive\Placment\Final Year VD Project\backend\node_modules\axios\lib\core\Axios.js:45:41)
    at process.processTicksAndRejections (node:internal/process/task_queues:105:5)
    at async ImageService.downloadImage (C:\Users\khade\OneDrive\Placment\Final Year VD Project\backend\src\services\imageService.ts:140:34)
    at async <anonymous> (C:\Users\khade\OneDrive\Placment\Final Year VD Project\backend\src\services\aiService.ts:274:40)
    at async Promise.all (index 0)
    at async AIService.generateRoomRedesign (C:\Users\khade\OneDrive\Placment\Final Year VD Project\backend\src\services\aiService.ts:195:20)
    at async DesignController.generate (C:\Users\khade\OneDrive\Placment\Final Year VD Project\backend\src\controllers\designController.ts:67:37)
2026-02-05 22:24:58 [error]: AxiosError: Request failed with status code 502
    at settle (C:\Users\khade\OneDrive\Placment\Final Year VD Project\backend\node_modules\axios\lib\core\settle.js:19:12)
    at IncomingMessage.handleStreamEnd (C:\Users\khade\OneDrive\Placment\Final Year VD Project\backend\node_modules\axios\lib\adapters\http.js:798:11)
    at IncomingMessage.emit (node:events:531:35)
    at endReadableNT (node:internal/streams/readable:1698:12)
    at process.processTicksAndRejections (node:internal/process/task_queues:90:21)
    at Axios.request (C:\Users\khade\OneDrive\Placment\Final Year VD Project\backend\node_modules\axios\lib\core\Axios.js:45:41)
    at process.processTicksAndRejections (node:internal/process/task_queues:105:5)
    at async ImageService.downloadImage (C:\Users\khade\OneDrive\Placment\Final Year VD Project\backend\src\services\imageService.ts:140:34)
    at async <anonymous> (C:\Users\khade\OneDrive\Placment\Final Year VD Project\backend\src\services\aiService.ts:274:40)
    at async Promise.all (index 2)
    at async AIService.generateRoomRedesign (C:\Users\khade\OneDrive\Placment\Final Year VD Project\backend\src\services\aiService.ts:195:20)
    at async DesignController.generate (C:\Users\khade\OneDrive\Placment\Final Year VD Project\backend\src\controllers\designController.ts:67:37)
2026-02-05 22:24:58 [error]: AxiosError: Request failed with status code 502
    at settle (C:\Users\khade\OneDrive\Placment\Final Year VD Project\backend\node_modules\axios\lib\core\settle.js:19:12)
    at IncomingMessage.handleStreamEnd (C:\Users\khade\OneDrive\Placment\Final Year VD Project\backend\node_modules\axios\lib\adapters\http.js:798:11)
    at IncomingMessage.emit (node:events:531:35)
    at endReadableNT (node:internal/streams/readable:1698:12)
    at process.processTicksAndRejections (node:internal/process/task_queues:90:21)
    at Axios.request (C:\Users\khade\OneDrive\Placment\Final Year VD Project\backend\node_modules\axios\lib\core\Axios.js:45:41)
    at process.processTicksAndRejections (node:internal/process/task_queues:105:5)
    at async ImageService.downloadImage (C:\Users\khade\OneDrive\Placment\Final Year VD Project\backend\src\services\imageService.ts:140:34)
    at async <anonymous> (C:\Users\khade\OneDrive\Placment\Final Year VD Project\backend\src\services\aiService.ts:274:40)
    at async Promise.all (index 1)
    at async AIService.generateRoomRedesign (C:\Users\khade\OneDrive\Placment\Final Year VD Project\backend\src\services\aiService.ts:195:20)
    at async DesignController.generate (C:\Users\khade\OneDrive\Placment\Final Year VD Project\backend\src\controllers\designController.ts:67:37)
2026-02-05 22:25:01 [error]: AxiosError: Request failed with status code 502
    at settle (C:\Users\khade\OneDrive\Placment\Final Year VD Project\backend\node_modules\axios\lib\core\settle.js:19:12)
    at IncomingMessage.handleStreamEnd (C:\Users\khade\OneDrive\Placment\Final Year VD Project\backend\node_modules\axios\lib\adapters\http.js:798:11)
    at IncomingMessage.emit (node:events:531:35)
    at endReadableNT (node:internal/streams/readable:1698:12)
    at process.processTicksAndRejections (node:internal/process/task_queues:90:21)
    at Axios.request (C:\Users\khade\OneDrive\Placment\Final Year VD Project\backend\node_modules\axios\lib\core\Axios.js:45:41)
    at process.processTicksAndRejections (node:internal/process/task_queues:105:5)
    at async ImageService.downloadImage (C:\Users\khade\OneDrive\Placment\Final Year VD Project\backend\src\services\imageService.ts:140:34)
    at async <anonymous> (C:\Users\khade\OneDrive\Placment\Final Year VD Project\backend\src\services\aiService.ts:274:40)
    at async Promise.all (index 1)
    at async AIService.generateRoomRedesign (C:\Users\khade\OneDrive\Placment\Final Year VD Project\backend\src\services\aiService.ts:195:20)
    at async DesignController.generate (C:\Users\khade\OneDrive\Placment\Final Year VD Project\backend\src\controllers\designController.ts:67:37)
2026-02-05 22:25:01 [error]: AxiosError: Request failed with status code 502
    at settle (C:\Users\khade\OneDrive\Placment\Final Year VD Project\backend\node_modules\axios\lib\core\settle.js:19:12)
    at IncomingMessage.handleStreamEnd (C:\Users\khade\OneDrive\Placment\Final Year VD Project\backend\node_modules\axios\lib\adapters\http.js:798:11)
    at IncomingMessage.emit (node:events:531:35)
    at endReadableNT (node:internal/streams/readable:1698:12)
    at process.processTicksAndRejections (node:internal/process/task_queues:90:21)
    at Axios.request (C:\Users\khade\OneDrive\Placment\Final Year VD Project\backend\node_modules\axios\lib\core\Axios.js:45:41)
    at process.processTicksAndRejections (node:internal/process/task_queues:105:5)
    at async ImageService.downloadImage (C:\Users\khade\OneDrive\Placment\Final Year VD Project\backend\src\services\imageService.ts:140:34)
    at async <anonymous> (C:\Users\khade\OneDrive\Placment\Final Year VD Project\backend\src\services\aiService.ts:274:40)
    at async Promise.all (index 2)
    at async AIService.generateRoomRedesign (C:\Users\khade\OneDrive\Placment\Final Year VD Project\backend\src\services\aiService.ts:195:20)
    at async DesignController.generate (C:\Users\khade\OneDrive\Placment\Final Year VD Project\backend\src\controllers\designController.ts:67:37)
2026-02-05 22:25:01 [error]: AxiosError: Request failed with status code 502
    at settle (C:\Users\khade\OneDrive\Placment\Final Year VD Project\backend\node_modules\axios\lib\core\settle.js:19:12)
    at IncomingMessage.handleStreamEnd (C:\Users\khade\OneDrive\Placment\Final Year VD Project\backend\node_modules\axios\lib\adapters\http.js:798:11)
    at IncomingMessage.emit (node:events:531:35)
    at endReadableNT (node:internal/streams/readable:1698:12)
    at process.processTicksAndRejections (node:internal/process/task_queues:90:21)
    at Axios.request (C:\Users\khade\OneDrive\Placment\Final Year VD Project\backend\node_modules\axios\lib\core\Axios.js:45:41)
    at process.processTicksAndRejections (node:internal/process/task_queues:105:5)
    at async ImageService.downloadImage (C:\Users\khade\OneDrive\Placment\Final Year VD Project\backend\src\services\imageService.ts:140:34)
    at async <anonymous> (C:\Users\khade\OneDrive\Placment\Final Year VD Project\backend\src\services\aiService.ts:274:40)
    at async Promise.all (index 0)
    at async AIService.generateRoomRedesign (C:\Users\khade\OneDrive\Placment\Final Year VD Project\backend\src\services\aiService.ts:195:20)
    at async DesignController.generate (C:\Users\khade\OneDrive\Placment\Final Year VD Project\backend\src\controllers\designController.ts:67:37)
2026-02-05 22:25:01 [error]: AxiosError: Request failed with status code 502
    at settle (C:\Users\khade\OneDrive\Placment\Final Year VD Project\backend\node_modules\axios\lib\core\settle.js:19:12)
    at IncomingMessage.handleStreamEnd (C:\Users\khade\OneDrive\Placment\Final Year VD Project\backend\node_modules\axios\lib\adapters\http.js:798:11)
    at IncomingMessage.emit (node:events:531:35)
    at endReadableNT (node:internal/streams/readable:1698:12)
    at process.processTicksAndRejections (node:internal/process/task_queues:90:21)
    at Axios.request (C:\Users\khade\OneDrive\Placment\Final Year VD Project\backend\node_modules\axios\lib\core\Axios.js:45:41)
    at process.processTicksAndRejections (node:internal/process/task_queues:105:5)
    at async ImageService.downloadImage (C:\Users\khade\OneDrive\Placment\Final Year VD Project\backend\src\services\imageService.ts:140:34)
    at async <anonymous> (C:\Users\khade\OneDrive\Placment\Final Year VD Project\backend\src\services\aiService.ts:274:40)
    at async Promise.all (index 0)
    at async AIService.generateRoomRedesign (C:\Users\khade\OneDrive\Placment\Final Year VD Project\backend\src\services\aiService.ts:195:20)
    at async DesignController.generate (C:\Users\khade\OneDrive\Placment\Final Year VD Project\backend\src\controllers\designController.ts:67:37)
2026-02-05 22:25:01 [error]: AxiosError: Request failed with status code 502
    at settle (C:\Users\khade\OneDrive\Placment\Final Year VD Project\backend\node_modules\axios\lib\core\settle.js:19:12)
    at IncomingMessage.handleStreamEnd (C:\Users\khade\OneDrive\Placment\Final Year VD Project\backend\node_modules\axios\lib\adapters\http.js:798:11)
    at IncomingMessage.emit (node:events:531:35)
    at endReadableNT (node:internal/streams/readable:1698:12)
    at process.processTicksAndRejections (node:internal/process/task_queues:90:21)
    at Axios.request (C:\Users\khade\OneDrive\Placment\Final Year VD Project\backend\node_modules\axios\lib\core\Axios.js:45:41)
    at process.processTicksAndRejections (node:internal/process/task_queues:105:5)
    at async ImageService.downloadImage (C:\Users\khade\OneDrive\Placment\Final Year VD Project\backend\src\services\imageService.ts:140:34)
    at async <anonymous> (C:\Users\khade\OneDrive\Placment\Final Year VD Project\backend\src\services\aiService.ts:274:40)
    at async Promise.all (index 2)
    at async AIService.generateRoomRedesign (C:\Users\khade\OneDrive\Placment\Final Year VD Project\backend\src\services\aiService.ts:195:20)
    at async DesignController.generate (C:\Users\khade\OneDrive\Placment\Final Year VD Project\backend\src\controllers\designController.ts:67:37)
2026-02-05 22:25:01 [error]: AxiosError: Request failed with status code 502
    at settle (C:\Users\khade\OneDrive\Placment\Final Year VD Project\backend\node_modules\axios\lib\core\settle.js:19:12)
    at IncomingMessage.handleStreamEnd (C:\Users\khade\OneDrive\Placment\Final Year VD Project\backend\node_modules\axios\lib\adapters\http.js:798:11)
    at IncomingMessage.emit (node:events:531:35)
    at endReadableNT (node:internal/streams/readable:1698:12)
    at process.processTicksAndRejections (node:internal/process/task_queues:90:21)
    at Axios.request (C:\Users\khade\OneDrive\Placment\Final Year VD Project\backend\node_modules\axios\lib\core\Axios.js:45:41)
    at process.processTicksAndRejections (node:internal/process/task_queues:105:5)
    at async ImageService.downloadImage (C:\Users\khade\OneDrive\Placment\Final Year VD Project\backend\src\services\imageService.ts:140:34)
    at async <anonymous> (C:\Users\khade\OneDrive\Placment\Final Year VD Project\backend\src\services\aiService.ts:274:40)
    at async Promise.all (index 1)
    at async AIService.generateRoomRedesign (C:\Users\khade\OneDrive\Placment\Final Year VD Project\backend\src\services\aiService.ts:195:20)
    at async DesignController.generate (C:\Users\khade\OneDrive\Placment\Final Year VD Project\backend\src\controllers\designController.ts:67:37)
2026-02-05 22:25:06 [error]: AxiosError: Request failed with status code 502
    at settle (C:\Users\khade\OneDrive\Placment\Final Year VD Project\backend\node_modules\axios\lib\core\settle.js:19:12)
    at IncomingMessage.handleStreamEnd (C:\Users\khade\OneDrive\Placment\Final Year VD Project\backend\node_modules\axios\lib\adapters\http.js:798:11)
    at IncomingMessage.emit (node:events:531:35)
    at endReadableNT (node:internal/streams/readable:1698:12)
    at process.processTicksAndRejections (node:internal/process/task_queues:90:21)
    at Axios.request (C:\Users\khade\OneDrive\Placment\Final Year VD Project\backend\node_modules\axios\lib\core\Axios.js:45:41)
    at process.processTicksAndRejections (node:internal/process/task_queues:105:5)
    at async ImageService.downloadImage (C:\Users\khade\OneDrive\Placment\Final Year VD Project\backend\src\services\imageService.ts:140:34)
    at async <anonymous> (C:\Users\khade\OneDrive\Placment\Final Year VD Project\backend\src\services\aiService.ts:274:40)
    at async Promise.all (index 1)
    at async AIService.generateRoomRedesign (C:\Users\khade\OneDrive\Placment\Final Year VD Project\backend\src\services\aiService.ts:195:20)
    at async DesignController.generate (C:\Users\khade\OneDrive\Placment\Final Year VD Project\backend\src\controllers\designController.ts:67:37)
2026-02-05 22:25:06 [error]: AxiosError: Request failed with status code 502
    at settle (C:\Users\khade\OneDrive\Placment\Final Year VD Project\backend\node_modules\axios\lib\core\settle.js:19:12)
    at IncomingMessage.handleStreamEnd (C:\Users\khade\OneDrive\Placment\Final Year VD Project\backend\node_modules\axios\lib\adapters\http.js:798:11)
    at IncomingMessage.emit (node:events:531:35)
    at endReadableNT (node:internal/streams/readable:1698:12)
    at process.processTicksAndRejections (node:internal/process/task_queues:90:21)
    at Axios.request (C:\Users\khade\OneDrive\Placment\Final Year VD Project\backend\node_modules\axios\lib\core\Axios.js:45:41)
    at process.processTicksAndRejections (node:internal/process/task_queues:105:5)
    at async ImageService.downloadImage (C:\Users\khade\OneDrive\Placment\Final Year VD Project\backend\src\services\imageService.ts:140:34)
    at async <anonymous> (C:\Users\khade\OneDrive\Placment\Final Year VD Project\backend\src\services\aiService.ts:274:40)
    at async Promise.all (index 2)
    at async AIService.generateRoomRedesign (C:\Users\khade\OneDrive\Placment\Final Year VD Project\backend\src\services\aiService.ts:195:20)
    at async DesignController.generate (C:\Users\khade\OneDrive\Placment\Final Year VD Project\backend\src\controllers\designController.ts:67:37)
2026-02-05 22:25:06 [error]: AxiosError: Request failed with status code 502
    at settle (C:\Users\khade\OneDrive\Placment\Final Year VD Project\backend\node_modules\axios\lib\core\settle.js:19:12)
    at IncomingMessage.handleStreamEnd (C:\Users\khade\OneDrive\Placment\Final Year VD Project\backend\node_modules\axios\lib\adapters\http.js:798:11)
    at IncomingMessage.emit (node:events:531:35)
    at endReadableNT (node:internal/streams/readable:1698:12)
    at process.processTicksAndRejections (node:internal/process/task_queues:90:21)
    at Axios.request (C:\Users\khade\OneDrive\Placment\Final Year VD Project\backend\node_modules\axios\lib\core\Axios.js:45:41)
    at process.processTicksAndRejections (node:internal/process/task_queues:105:5)
    at async ImageService.downloadImage (C:\Users\khade\OneDrive\Placment\Final Year VD Project\backend\src\services\imageService.ts:140:34)
    at async <anonymous> (C:\Users\khade\OneDrive\Placment\Final Year VD Project\backend\src\services\aiService.ts:274:40)
    at async Promise.all (index 2)
    at async AIService.generateRoomRedesign (C:\Users\khade\OneDrive\Placment\Final Year VD Project\backend\src\services\aiService.ts:195:20)
    at async DesignController.generate (C:\Users\khade\OneDrive\Placment\Final Year VD Project\backend\src\controllers\designController.ts:67:37)
2026-02-05 22:25:06 [error]: AxiosError: Request failed with status code 502
    at settle (C:\Users\khade\OneDrive\Placment\Final Year VD Project\backend\node_modules\axios\lib\core\settle.js:19:12)
    at IncomingMessage.handleStreamEnd (C:\Users\khade\OneDrive\Placment\Final Year VD Project\backend\node_modules\axios\lib\adapters\http.js:798:11)
    at IncomingMessage.emit (node:events:531:35)
    at endReadableNT (node:internal/streams/readable:1698:12)
    at process.processTicksAndRejections (node:internal/process/task_queues:90:21)
    at Axios.request (C:\Users\khade\OneDrive\Placment\Final Year VD Project\backend\node_modules\axios\lib\core\Axios.js:45:41)
    at process.processTicksAndRejections (node:internal/process/task_queues:105:5)
    at async ImageService.downloadImage (C:\Users\khade\OneDrive\Placment\Final Year VD Project\backend\src\services\imageService.ts:140:34)
    at async <anonymous> (C:\Users\khade\OneDrive\Placment\Final Year VD Project\backend\src\services\aiService.ts:274:40)
    at async Promise.all (index 1)
    at async AIService.generateRoomRedesign (C:\Users\khade\OneDrive\Placment\Final Year VD Project\backend\src\services\aiService.ts:195:20)
    at async DesignController.generate (C:\Users\khade\OneDrive\Placment\Final Year VD Project\backend\src\controllers\designController.ts:67:37)
2026-02-05 22:25:06 [error]: AxiosError: Request failed with status code 502
    at settle (C:\Users\khade\OneDrive\Placment\Final Year VD Project\backend\node_modules\axios\lib\core\settle.js:19:12)
    at IncomingMessage.handleStreamEnd (C:\Users\khade\OneDrive\Placment\Final Year VD Project\backend\node_modules\axios\lib\adapters\http.js:798:11)
    at IncomingMessage.emit (node:events:531:35)
    at endReadableNT (node:internal/streams/readable:1698:12)
    at process.processTicksAndRejections (node:internal/process/task_queues:90:21)
    at Axios.request (C:\Users\khade\OneDrive\Placment\Final Year VD Project\backend\node_modules\axios\lib\core\Axios.js:45:41)
    at process.processTicksAndRejections (node:internal/process/task_queues:105:5)
    at async ImageService.downloadImage (C:\Users\khade\OneDrive\Placment\Final Year VD Project\backend\src\services\imageService.ts:140:34)
    at async <anonymous> (C:\Users\khade\OneDrive\Placment\Final Year VD Project\backend\src\services\aiService.ts:274:40)
    at async Promise.all (index 0)
    at async AIService.generateRoomRedesign (C:\Users\khade\OneDrive\Placment\Final Year VD Project\backend\src\services\aiService.ts:195:20)
    at async DesignController.generate (C:\Users\khade\OneDrive\Placment\Final Year VD Project\backend\src\controllers\designController.ts:67:37)
2026-02-05 22:25:06 [error]: AxiosError: Request failed with status code 502
    at settle (C:\Users\khade\OneDrive\Placment\Final Year VD Project\backend\node_modules\axios\lib\core\settle.js:19:12)
    at IncomingMessage.handleStreamEnd (C:\Users\khade\OneDrive\Placment\Final Year VD Project\backend\node_modules\axios\lib\adapters\http.js:798:11)
    at IncomingMessage.emit (node:events:531:35)
    at endReadableNT (node:internal/streams/readable:1698:12)
    at process.processTicksAndRejections (node:internal/process/task_queues:90:21)
    at Axios.request (C:\Users\khade\OneDrive\Placment\Final Year VD Project\backend\node_modules\axios\lib\core\Axios.js:45:41)
    at process.processTicksAndRejections (node:internal/process/task_queues:105:5)
    at async ImageService.downloadImage (C:\Users\khade\OneDrive\Placment\Final Year VD Project\backend\src\services\imageService.ts:140:34)
    at async <anonymous> (C:\Users\khade\OneDrive\Placment\Final Year VD Project\backend\src\services\aiService.ts:274:40)
    at async Promise.all (index 0)
    at async AIService.generateRoomRedesign (C:\Users\khade\OneDrive\Placment\Final Year VD Project\backend\src\services\aiService.ts:195:20)
    at async DesignController.generate (C:\Users\khade\OneDrive\Placment\Final Year VD Project\backend\src\controllers\designController.ts:67:37)
2026-02-05 22:25:07 [error]: AxiosError: Request failed with status code 502
    at settle (C:\Users\khade\OneDrive\Placment\Final Year VD Project\backend\node_modules\axios\lib\core\settle.js:19:12)
    at RedirectableRequest.handleResponse (C:\Users\khade\OneDrive\Placment\Final Year VD Project\backend\node_modules\axios\lib\adapters\http.js:746:9)
    at RedirectableRequest.emit (node:events:531:35)
    at RedirectableRequest._processResponse (C:\Users\khade\OneDrive\Placment\Final Year VD Project\backend\node_modules\follow-redirects\index.js:409:10)
    at RedirectableRequest._onNativeResponse (C:\Users\khade\OneDrive\Placment\Final Year VD Project\backend\node_modules\follow-redirects\index.js:102:12)
    at Object.onceWrapper (node:events:634:26)
    at ClientRequest.emit (node:events:519:28)
    at HTTPParser.parserOnIncomingClient (node:_http_client:716:27)
    at HTTPParser.parserOnHeadersComplete (node:_http_common:117:17)
    at TLSSocket.socketOnData (node:_http_client:558:22)
    at Axios.request (C:\Users\khade\OneDrive\Placment\Final Year VD Project\backend\node_modules\axios\lib\core\Axios.js:45:41)
    at process.processTicksAndRejections (node:internal/process/task_queues:105:5)
    at async <anonymous> (C:\Users\khade\OneDrive\Placment\Final Year VD Project\backend\src\index.ts:90:26)
2026-02-05 22:25:14 [error]: AxiosError: Request failed with status code 502
    at settle (C:\Users\khade\OneDrive\Placment\Final Year VD Project\backend\node_modules\axios\lib\core\settle.js:19:12)
    at RedirectableRequest.handleResponse (C:\Users\khade\OneDrive\Placment\Final Year VD Project\backend\node_modules\axios\lib\adapters\http.js:746:9)
    at RedirectableRequest.emit (node:events:531:35)
    at RedirectableRequest._processResponse (C:\Users\khade\OneDrive\Placment\Final Year VD Project\backend\node_modules\follow-redirects\index.js:409:10)
    at RedirectableRequest._onNativeResponse (C:\Users\khade\OneDrive\Placment\Final Year VD Project\backend\node_modules\follow-redirects\index.js:102:12)
    at Object.onceWrapper (node:events:634:26)
    at ClientRequest.emit (node:events:519:28)
    at HTTPParser.parserOnIncomingClient (node:_http_client:716:27)
    at HTTPParser.parserOnHeadersComplete (node:_http_common:117:17)
    at TLSSocket.socketOnData (node:_http_client:558:22)
    at Axios.request (C:\Users\khade\OneDrive\Placment\Final Year VD Project\backend\node_modules\axios\lib\core\Axios.js:45:41)
    at process.processTicksAndRejections (node:internal/process/task_queues:105:5)
    at async <anonymous> (C:\Users\khade\OneDrive\Placment\Final Year VD Project\backend\src\index.ts:90:26)
2026-02-05 22:25:14 [error]: AxiosError: Request failed with status code 500
    at settle (C:\Users\khade\OneDrive\Placment\Final Year VD Project\backend\node_modules\axios\lib\core\settle.js:19:12)
    at RedirectableRequest.handleResponse (C:\Users\khade\OneDrive\Placment\Final Year VD Project\backend\node_modules\axios\lib\adapters\http.js:746:9)
    at RedirectableRequest.emit (node:events:531:35)
    at RedirectableRequest._processResponse (C:\Users\khade\OneDrive\Placment\Final Year VD Project\backend\node_modules\follow-redirects\index.js:409:10)
    at RedirectableRequest._onNativeResponse (C:\Users\khade\OneDrive\Placment\Final Year VD Project\backend\node_modules\follow-redirects\index.js:102:12)
    at Object.onceWrapper (node:events:634:26)
    at ClientRequest.emit (node:events:519:28)
    at HTTPParser.parserOnIncomingClient (node:_http_client:716:27)
    at HTTPParser.parserOnHeadersComplete (node:_http_common:117:17)
    at Socket.socketOnData (node:_http_client:558:22)
    at Axios.request (C:\Users\khade\OneDrive\Placment\Final Year VD Project\backend\node_modules\axios\lib\core\Axios.js:45:41)
    at process.processTicksAndRejections (node:internal/process/task_queues:105:5)
    at async <anonymous> (C:\Users\khade\OneDrive\Placment\Final Year VD Project\backend\src\index.ts:90:26)
2026-02-05 22:30:18 [error]: AxiosError: Request failed with status code 502
    at settle (file:///C:/Users/khade/OneDrive/Placment/Final%20Year%20VD%20Project/backend/node_modules/axios/lib/core/settle.js:19:12)
    at IncomingMessage.handleStreamEnd (file:///C:/Users/khade/OneDrive/Placment/Final%20Year%20VD%20Project/backend/node_modules/axios/lib/adapters/http.js:798:11)
    at IncomingMessage.emit (node:events:531:35)
    at endReadableNT (node:internal/streams/readable:1698:12)
    at process.processTicksAndRejections (node:internal/process/task_queues:90:21)
    at Axios.request (file:///C:/Users/khade/OneDrive/Placment/Final%20Year%20VD%20Project/backend/node_modules/axios/lib/core/Axios.js:45:41)
    at process.processTicksAndRejections (node:internal/process/task_queues:105:5)
    at async ImageService.downloadImage (C:\Users\khade\OneDrive\Placment\Final Year VD Project\backend\src\services\imageService.ts:162:34)
    at async <anonymous> (C:\Users\khade\OneDrive\Placment\Final Year VD Project\backend\src\services\aiService.ts:274:40)
    at async Promise.all (index 2)
    at async AIService.generateRoomRedesign (C:\Users\khade\OneDrive\Placment\Final Year VD Project\backend\src\services\aiService.ts:195:20)
    at async DesignController.generate (C:\Users\khade\OneDrive\Placment\Final Year VD Project\backend\src\controllers\designController.ts:67:37)
2026-02-05 22:30:18 [error]: AxiosError: Request failed with status code 502
    at settle (file:///C:/Users/khade/OneDrive/Placment/Final%20Year%20VD%20Project/backend/node_modules/axios/lib/core/settle.js:19:12)
    at IncomingMessage.handleStreamEnd (file:///C:/Users/khade/OneDrive/Placment/Final%20Year%20VD%20Project/backend/node_modules/axios/lib/adapters/http.js:798:11)
    at IncomingMessage.emit (node:events:531:35)
    at endReadableNT (node:internal/streams/readable:1698:12)
    at process.processTicksAndRejections (node:internal/process/task_queues:90:21)
    at Axios.request (file:///C:/Users/khade/OneDrive/Placment/Final%20Year%20VD%20Project/backend/node_modules/axios/lib/core/Axios.js:45:41)
    at process.processTicksAndRejections (node:internal/process/task_queues:105:5)
    at async ImageService.downloadImage (C:\Users\khade\OneDrive\Placment\Final Year VD Project\backend\src\services\imageService.ts:162:34)
    at async <anonymous> (C:\Users\khade\OneDrive\Placment\Final Year VD Project\backend\src\services\aiService.ts:274:40)
    at async Promise.all (index 1)
    at async AIService.generateRoomRedesign (C:\Users\khade\OneDrive\Placment\Final Year VD Project\backend\src\services\aiService.ts:195:20)
    at async DesignController.generate (C:\Users\khade\OneDrive\Placment\Final Year VD Project\backend\src\controllers\designController.ts:67:37)
2026-02-05 22:30:18 [error]: AxiosError: Request failed with status code 502
    at settle (file:///C:/Users/khade/OneDrive/Placment/Final%20Year%20VD%20Project/backend/node_modules/axios/lib/core/settle.js:19:12)
    at IncomingMessage.handleStreamEnd (file:///C:/Users/khade/OneDrive/Placment/Final%20Year%20VD%20Project/backend/node_modules/axios/lib/adapters/http.js:798:11)
    at IncomingMessage.emit (node:events:531:35)
    at endReadableNT (node:internal/streams/readable:1698:12)
    at process.processTicksAndRejections (node:internal/process/task_queues:90:21)
    at Axios.request (file:///C:/Users/khade/OneDrive/Placment/Final%20Year%20VD%20Project/backend/node_modules/axios/lib/core/Axios.js:45:41)
    at process.processTicksAndRejections (node:internal/process/task_queues:105:5)
    at async ImageService.downloadImage (C:\Users\khade\OneDrive\Placment\Final Year VD Project\backend\src\services\imageService.ts:162:34)
    at async <anonymous> (C:\Users\khade\OneDrive\Placment\Final Year VD Project\backend\src\services\aiService.ts:274:40)
    at async Promise.all (index 2)
    at async AIService.generateRoomRedesign (C:\Users\khade\OneDrive\Placment\Final Year VD Project\backend\src\services\aiService.ts:195:20)
    at async DesignController.generate (C:\Users\khade\OneDrive\Placment\Final Year VD Project\backend\src\controllers\designController.ts:67:37)
2026-02-05 22:30:19 [error]: AxiosError: Request failed with status code 502
    at settle (file:///C:/Users/khade/OneDrive/Placment/Final%20Year%20VD%20Project/backend/node_modules/axios/lib/core/settle.js:19:12)
    at IncomingMessage.handleStreamEnd (file:///C:/Users/khade/OneDrive/Placment/Final%20Year%20VD%20Project/backend/node_modules/axios/lib/adapters/http.js:798:11)
    at IncomingMessage.emit (node:events:531:35)
    at endReadableNT (node:internal/streams/readable:1698:12)
    at process.processTicksAndRejections (node:internal/process/task_queues:90:21)
    at Axios.request (file:///C:/Users/khade/OneDrive/Placment/Final%20Year%20VD%20Project/backend/node_modules/axios/lib/core/Axios.js:45:41)
    at process.processTicksAndRejections (node:internal/process/task_queues:105:5)
    at async ImageService.downloadImage (C:\Users\khade\OneDrive\Placment\Final Year VD Project\backend\src\services\imageService.ts:162:34)
    at async <anonymous> (C:\Users\khade\OneDrive\Placment\Final Year VD Project\backend\src\services\aiService.ts:274:40)
    at async Promise.all (index 0)
    at async AIService.generateRoomRedesign (C:\Users\khade\OneDrive\Placment\Final Year VD Project\backend\src\services\aiService.ts:195:20)
    at async DesignController.generate (C:\Users\khade\OneDrive\Placment\Final Year VD Project\backend\src\controllers\designController.ts:67:37)
2026-02-05 22:30:19 [error]: AxiosError: Request failed with status code 502
    at settle (file:///C:/Users/khade/OneDrive/Placment/Final%20Year%20VD%20Project/backend/node_modules/axios/lib/core/settle.js:19:12)
    at IncomingMessage.handleStreamEnd (file:///C:/Users/khade/OneDrive/Placment/Final%20Year%20VD%20Project/backend/node_modules/axios/lib/adapters/http.js:798:11)
    at IncomingMessage.emit (node:events:531:35)
    at endReadableNT (node:internal/streams/readable:1698:12)
    at process.processTicksAndRejections (node:internal/process/task_queues:90:21)
    at Axios.request (file:///C:/Users/khade/OneDrive/Placment/Final%20Year%20VD%20Project/backend/node_modules/axios/lib/core/Axios.js:45:41)
    at process.processTicksAndRejections (node:internal/process/task_queues:105:5)
    at async ImageService.downloadImage (C:\Users\khade\OneDrive\Placment\Final Year VD Project\backend\src\services\imageService.ts:162:34)
    at async <anonymous> (C:\Users\khade\OneDrive\Placment\Final Year VD Project\backend\src\services\aiService.ts:274:40)
    at async Promise.all (index 1)
    at async AIService.generateRoomRedesign (C:\Users\khade\OneDrive\Placment\Final Year VD Project\backend\src\services\aiService.ts:195:20)
    at async DesignController.generate (C:\Users\khade\OneDrive\Placment\Final Year VD Project\backend\src\controllers\designController.ts:67:37)
2026-02-05 22:30:19 [error]: AxiosError: Request failed with status code 502
    at settle (file:///C:/Users/khade/OneDrive/Placment/Final%20Year%20VD%20Project/backend/node_modules/axios/lib/core/settle.js:19:12)
    at IncomingMessage.handleStreamEnd (file:///C:/Users/khade/OneDrive/Placment/Final%20Year%20VD%20Project/backend/node_modules/axios/lib/adapters/http.js:798:11)
    at IncomingMessage.emit (node:events:531:35)
    at endReadableNT (node:internal/streams/readable:1698:12)
    at process.processTicksAndRejections (node:internal/process/task_queues:90:21)
    at Axios.request (file:///C:/Users/khade/OneDrive/Placment/Final%20Year%20VD%20Project/backend/node_modules/axios/lib/core/Axios.js:45:41)
    at process.processTicksAndRejections (node:internal/process/task_queues:105:5)
    at async ImageService.downloadImage (C:\Users\khade\OneDrive\Placment\Final Year VD Project\backend\src\services\imageService.ts:162:34)
    at async <anonymous> (C:\Users\khade\OneDrive\Placment\Final Year VD Project\backend\src\services\aiService.ts:274:40)
    at async Promise.all (index 0)
    at async AIService.generateRoomRedesign (C:\Users\khade\OneDrive\Placment\Final Year VD Project\backend\src\services\aiService.ts:195:20)
    at async DesignController.generate (C:\Users\khade\OneDrive\Placment\Final Year VD Project\backend\src\controllers\designController.ts:67:37)
2026-02-05 22:30:21 [error]: AxiosError: Request failed with status code 502
    at settle (file:///C:/Users/khade/OneDrive/Placment/Final%20Year%20VD%20Project/backend/node_modules/axios/lib/core/settle.js:19:12)
    at IncomingMessage.handleStreamEnd (file:///C:/Users/khade/OneDrive/Placment/Final%20Year%20VD%20Project/backend/node_modules/axios/lib/adapters/http.js:798:11)
    at IncomingMessage.emit (node:events:531:35)
    at endReadableNT (node:internal/streams/readable:1698:12)
    at process.processTicksAndRejections (node:internal/process/task_queues:90:21)
    at Axios.request (file:///C:/Users/khade/OneDrive/Placment/Final%20Year%20VD%20Project/backend/node_modules/axios/lib/core/Axios.js:45:41)
    at process.processTicksAndRejections (node:internal/process/task_queues:105:5)
    at async ImageService.downloadImage (C:\Users\khade\OneDrive\Placment\Final Year VD Project\backend\src\services\imageService.ts:162:34)
    at async <anonymous> (C:\Users\khade\OneDrive\Placment\Final Year VD Project\backend\src\services\aiService.ts:274:40)
    at async Promise.all (index 1)
    at async AIService.generateRoomRedesign (C:\Users\khade\OneDrive\Placment\Final Year VD Project\backend\src\services\aiService.ts:195:20)
    at async DesignController.generate (C:\Users\khade\OneDrive\Placment\Final Year VD Project\backend\src\controllers\designController.ts:67:37)
2026-02-05 22:30:21 [error]: AxiosError: Request failed with status code 502
    at settle (file:///C:/Users/khade/OneDrive/Placment/Final%20Year%20VD%20Project/backend/node_modules/axios/lib/core/settle.js:19:12)
    at IncomingMessage.handleStreamEnd (file:///C:/Users/khade/OneDrive/Placment/Final%20Year%20VD%20Project/backend/node_modules/axios/lib/adapters/http.js:798:11)
    at IncomingMessage.emit (node:events:531:35)
    at endReadableNT (node:internal/streams/readable:1698:12)
    at process.processTicksAndRejections (node:internal/process/task_queues:90:21)
    at Axios.request (file:///C:/Users/khade/OneDrive/Placment/Final%20Year%20VD%20Project/backend/node_modules/axios/lib/core/Axios.js:45:41)
    at process.processTicksAndRejections (node:internal/process/task_queues:105:5)
    at async ImageService.downloadImage (C:\Users\khade\OneDrive\Placment\Final Year VD Project\backend\src\services\imageService.ts:162:34)
    at async <anonymous> (C:\Users\khade\OneDrive\Placment\Final Year VD Project\backend\src\services\aiService.ts:274:40)
    at async Promise.all (index 2)
    at async AIService.generateRoomRedesign (C:\Users\khade\OneDrive\Placment\Final Year VD Project\backend\src\services\aiService.ts:195:20)
    at async DesignController.generate (C:\Users\khade\OneDrive\Placment\Final Year VD Project\backend\src\controllers\designController.ts:67:37)
2026-02-05 22:30:21 [error]: AxiosError: Request failed with status code 502
    at settle (file:///C:/Users/khade/OneDrive/Placment/Final%20Year%20VD%20Project/backend/node_modules/axios/lib/core/settle.js:19:12)
    at IncomingMessage.handleStreamEnd (file:///C:/Users/khade/OneDrive/Placment/Final%20Year%20VD%20Project/backend/node_modules/axios/lib/adapters/http.js:798:11)
    at IncomingMessage.emit (node:events:531:35)
    at endReadableNT (node:internal/streams/readable:1698:12)
    at process.processTicksAndRejections (node:internal/process/task_queues:90:21)
    at Axios.request (file:///C:/Users/khade/OneDrive/Placment/Final%20Year%20VD%20Project/backend/node_modules/axios/lib/core/Axios.js:45:41)
    at process.processTicksAndRejections (node:internal/process/task_queues:105:5)
    at async ImageService.downloadImage (C:\Users\khade\OneDrive\Placment\Final Year VD Project\backend\src\services\imageService.ts:162:34)
    at async <anonymous> (C:\Users\khade\OneDrive\Placment\Final Year VD Project\backend\src\services\aiService.ts:274:40)
    at async Promise.all (index 2)
    at async AIService.generateRoomRedesign (C:\Users\khade\OneDrive\Placment\Final Year VD Project\backend\src\services\aiService.ts:195:20)
    at async DesignController.generate (C:\Users\khade\OneDrive\Placment\Final Year VD Project\backend\src\controllers\designController.ts:67:37)
2026-02-05 22:30:22 [error]: AxiosError: Request failed with status code 502
    at settle (file:///C:/Users/khade/OneDrive/Placment/Final%20Year%20VD%20Project/backend/node_modules/axios/lib/core/settle.js:19:12)
    at IncomingMessage.handleStreamEnd (file:///C:/Users/khade/OneDrive/Placment/Final%20Year%20VD%20Project/backend/node_modules/axios/lib/adapters/http.js:798:11)
    at IncomingMessage.emit (node:events:531:35)
    at endReadableNT (node:internal/streams/readable:1698:12)
    at process.processTicksAndRejections (node:internal/process/task_queues:90:21)
    at Axios.request (file:///C:/Users/khade/OneDrive/Placment/Final%20Year%20VD%20Project/backend/node_modules/axios/lib/core/Axios.js:45:41)
    at process.processTicksAndRejections (node:internal/process/task_queues:105:5)
    at async ImageService.downloadImage (C:\Users\khade\OneDrive\Placment\Final Year VD Project\backend\src\services\imageService.ts:162:34)
    at async <anonymous> (C:\Users\khade\OneDrive\Placment\Final Year VD Project\backend\src\services\aiService.ts:274:40)
    at async Promise.all (index 1)
    at async AIService.generateRoomRedesign (C:\Users\khade\OneDrive\Placment\Final Year VD Project\backend\src\services\aiService.ts:195:20)
    at async DesignController.generate (C:\Users\khade\OneDrive\Placment\Final Year VD Project\backend\src\controllers\designController.ts:67:37)
2026-02-05 22:30:22 [error]: AxiosError: Request failed with status code 502
    at settle (file:///C:/Users/khade/OneDrive/Placment/Final%20Year%20VD%20Project/backend/node_modules/axios/lib/core/settle.js:19:12)
    at IncomingMessage.handleStreamEnd (file:///C:/Users/khade/OneDrive/Placment/Final%20Year%20VD%20Project/backend/node_modules/axios/lib/adapters/http.js:798:11)
    at IncomingMessage.emit (node:events:531:35)
    at endReadableNT (node:internal/streams/readable:1698:12)
    at process.processTicksAndRejections (node:internal/process/task_queues:90:21)
    at Axios.request (file:///C:/Users/khade/OneDrive/Placment/Final%20Year%20VD%20Project/backend/node_modules/axios/lib/core/Axios.js:45:41)
    at process.processTicksAndRejections (node:internal/process/task_queues:105:5)
    at async ImageService.downloadImage (C:\Users\khade\OneDrive\Placment\Final Year VD Project\backend\src\services\imageService.ts:162:34)
    at async <anonymous> (C:\Users\khade\OneDrive\Placment\Final Year VD Project\backend\src\services\aiService.ts:274:40)
    at async Promise.all (index 0)
    at async AIService.generateRoomRedesign (C:\Users\khade\OneDrive\Placment\Final Year VD Project\backend\src\services\aiService.ts:195:20)
    at async DesignController.generate (C:\Users\khade\OneDrive\Placment\Final Year VD Project\backend\src\controllers\designController.ts:67:37)
2026-02-05 22:30:22 [error]: AxiosError: Request failed with status code 502
    at settle (file:///C:/Users/khade/OneDrive/Placment/Final%20Year%20VD%20Project/backend/node_modules/axios/lib/core/settle.js:19:12)
    at IncomingMessage.handleStreamEnd (file:///C:/Users/khade/OneDrive/Placment/Final%20Year%20VD%20Project/backend/node_modules/axios/lib/adapters/http.js:798:11)
    at IncomingMessage.emit (node:events:531:35)
    at endReadableNT (node:internal/streams/readable:1698:12)
    at process.processTicksAndRejections (node:internal/process/task_queues:90:21)
    at Axios.request (file:///C:/Users/khade/OneDrive/Placment/Final%20Year%20VD%20Project/backend/node_modules/axios/lib/core/Axios.js:45:41)
    at process.processTicksAndRejections (node:internal/process/task_queues:105:5)
    at async ImageService.downloadImage (C:\Users\khade\OneDrive\Placment\Final Year VD Project\backend\src\services\imageService.ts:162:34)
    at async <anonymous> (C:\Users\khade\OneDrive\Placment\Final Year VD Project\backend\src\services\aiService.ts:274:40)
    at async Promise.all (index 0)
    at async AIService.generateRoomRedesign (C:\Users\khade\OneDrive\Placment\Final Year VD Project\backend\src\services\aiService.ts:195:20)
    at async DesignController.generate (C:\Users\khade\OneDrive\Placment\Final Year VD Project\backend\src\controllers\designController.ts:67:37)
2026-02-05 22:30:26 [error]: AxiosError: Request failed with status code 502
    at settle (file:///C:/Users/khade/OneDrive/Placment/Final%20Year%20VD%20Project/backend/node_modules/axios/lib/core/settle.js:19:12)
    at IncomingMessage.handleStreamEnd (file:///C:/Users/khade/OneDrive/Placment/Final%20Year%20VD%20Project/backend/node_modules/axios/lib/adapters/http.js:798:11)
    at IncomingMessage.emit (node:events:531:35)
    at endReadableNT (node:internal/streams/readable:1698:12)
    at process.processTicksAndRejections (node:internal/process/task_queues:90:21)
    at Axios.request (file:///C:/Users/khade/OneDrive/Placment/Final%20Year%20VD%20Project/backend/node_modules/axios/lib/core/Axios.js:45:41)
    at process.processTicksAndRejections (node:internal/process/task_queues:105:5)
    at async ImageService.downloadImage (C:\Users\khade\OneDrive\Placment\Final Year VD Project\backend\src\services\imageService.ts:162:34)
    at async <anonymous> (C:\Users\khade\OneDrive\Placment\Final Year VD Project\backend\src\services\aiService.ts:274:40)
    at async Promise.all (index 2)
    at async AIService.generateRoomRedesign (C:\Users\khade\OneDrive\Placment\Final Year VD Project\backend\src\services\aiService.ts:195:20)
    at async DesignController.generate (C:\Users\khade\OneDrive\Placment\Final Year VD Project\backend\src\controllers\designController.ts:67:37)
2026-02-05 22:30:26 [error]: AxiosError: Request failed with status code 502
    at settle (file:///C:/Users/khade/OneDrive/Placment/Final%20Year%20VD%20Project/backend/node_modules/axios/lib/core/settle.js:19:12)
    at IncomingMessage.handleStreamEnd (file:///C:/Users/khade/OneDrive/Placment/Final%20Year%20VD%20Project/backend/node_modules/axios/lib/adapters/http.js:798:11)
    at IncomingMessage.emit (node:events:531:35)
    at endReadableNT (node:internal/streams/readable:1698:12)
    at process.processTicksAndRejections (node:internal/process/task_queues:90:21)
    at Axios.request (file:///C:/Users/khade/OneDrive/Placment/Final%20Year%20VD%20Project/backend/node_modules/axios/lib/core/Axios.js:45:41)
    at process.processTicksAndRejections (node:internal/process/task_queues:105:5)
    at async ImageService.downloadImage (C:\Users\khade\OneDrive\Placment\Final Year VD Project\backend\src\services\imageService.ts:162:34)
    at async <anonymous> (C:\Users\khade\OneDrive\Placment\Final Year VD Project\backend\src\services\aiService.ts:274:40)
    at async Promise.all (index 1)
    at async AIService.generateRoomRedesign (C:\Users\khade\OneDrive\Placment\Final Year VD Project\backend\src\services\aiService.ts:195:20)
    at async DesignController.generate (C:\Users\khade\OneDrive\Placment\Final Year VD Project\backend\src\controllers\designController.ts:67:37)
2026-02-05 22:30:26 [error]: AxiosError: Request failed with status code 502
    at settle (file:///C:/Users/khade/OneDrive/Placment/Final%20Year%20VD%20Project/backend/node_modules/axios/lib/core/settle.js:19:12)
    at IncomingMessage.handleStreamEnd (file:///C:/Users/khade/OneDrive/Placment/Final%20Year%20VD%20Project/backend/node_modules/axios/lib/adapters/http.js:798:11)
    at IncomingMessage.emit (node:events:531:35)
    at endReadableNT (node:internal/streams/readable:1698:12)
    at process.processTicksAndRejections (node:internal/process/task_queues:90:21)
    at Axios.request (file:///C:/Users/khade/OneDrive/Placment/Final%20Year%20VD%20Project/backend/node_modules/axios/lib/core/Axios.js:45:41)
    at process.processTicksAndRejections (node:internal/process/task_queues:105:5)
    at async ImageService.downloadImage (C:\Users\khade\OneDrive\Placment\Final Year VD Project\backend\src\services\imageService.ts:162:34)
    at async <anonymous> (C:\Users\khade\OneDrive\Placment\Final Year VD Project\backend\src\services\aiService.ts:274:40)
    at async Promise.all (index 2)
    at async AIService.generateRoomRedesign (C:\Users\khade\OneDrive\Placment\Final Year VD Project\backend\src\services\aiService.ts:195:20)
    at async DesignController.generate (C:\Users\khade\OneDrive\Placment\Final Year VD Project\backend\src\controllers\designController.ts:67:37)
2026-02-05 22:30:26 [error]: AxiosError: Request failed with status code 502
    at settle (file:///C:/Users/khade/OneDrive/Placment/Final%20Year%20VD%20Project/backend/node_modules/axios/lib/core/settle.js:19:12)
    at IncomingMessage.handleStreamEnd (file:///C:/Users/khade/OneDrive/Placment/Final%20Year%20VD%20Project/backend/node_modules/axios/lib/adapters/http.js:798:11)
    at IncomingMessage.emit (node:events:531:35)
    at endReadableNT (node:internal/streams/readable:1698:12)
    at process.processTicksAndRejections (node:internal/process/task_queues:90:21)
    at Axios.request (file:///C:/Users/khade/OneDrive/Placment/Final%20Year%20VD%20Project/backend/node_modules/axios/lib/core/Axios.js:45:41)
    at process.processTicksAndRejections (node:internal/process/task_queues:105:5)
    at async ImageService.downloadImage (C:\Users\khade\OneDrive\Placment\Final Year VD Project\backend\src\services\imageService.ts:162:34)
    at async <anonymous> (C:\Users\khade\OneDrive\Placment\Final Year VD Project\backend\src\services\aiService.ts:274:40)
    at async Promise.all (index 1)
    at async AIService.generateRoomRedesign (C:\Users\khade\OneDrive\Placment\Final Year VD Project\backend\src\services\aiService.ts:195:20)
    at async DesignController.generate (C:\Users\khade\OneDrive\Placment\Final Year VD Project\backend\src\controllers\designController.ts:67:37)
2026-02-05 22:30:26 [error]: AxiosError: Request failed with status code 502
    at settle (file:///C:/Users/khade/OneDrive/Placment/Final%20Year%20VD%20Project/backend/node_modules/axios/lib/core/settle.js:19:12)
    at IncomingMessage.handleStreamEnd (file:///C:/Users/khade/OneDrive/Placment/Final%20Year%20VD%20Project/backend/node_modules/axios/lib/adapters/http.js:798:11)
    at IncomingMessage.emit (node:events:531:35)
    at endReadableNT (node:internal/streams/readable:1698:12)
    at process.processTicksAndRejections (node:internal/process/task_queues:90:21)
    at Axios.request (file:///C:/Users/khade/OneDrive/Placment/Final%20Year%20VD%20Project/backend/node_modules/axios/lib/core/Axios.js:45:41)
    at process.processTicksAndRejections (node:internal/process/task_queues:105:5)
    at async ImageService.downloadImage (C:\Users\khade\OneDrive\Placment\Final Year VD Project\backend\src\services\imageService.ts:162:34)
    at async <anonymous> (C:\Users\khade\OneDrive\Placment\Final Year VD Project\backend\src\services\aiService.ts:274:40)
    at async Promise.all (index 0)
    at async AIService.generateRoomRedesign (C:\Users\khade\OneDrive\Placment\Final Year VD Project\backend\src\services\aiService.ts:195:20)
    at async DesignController.generate (C:\Users\khade\OneDrive\Placment\Final Year VD Project\backend\src\controllers\designController.ts:67:37)
2026-02-05 22:30:27 [error]: AxiosError: Request failed with status code 502
    at settle (file:///C:/Users/khade/OneDrive/Placment/Final%20Year%20VD%20Project/backend/node_modules/axios/lib/core/settle.js:19:12)
    at IncomingMessage.handleStreamEnd (file:///C:/Users/khade/OneDrive/Placment/Final%20Year%20VD%20Project/backend/node_modules/axios/lib/adapters/http.js:798:11)
    at IncomingMessage.emit (node:events:531:35)
    at endReadableNT (node:internal/streams/readable:1698:12)
    at process.processTicksAndRejections (node:internal/process/task_queues:90:21)
    at Axios.request (file:///C:/Users/khade/OneDrive/Placment/Final%20Year%20VD%20Project/backend/node_modules/axios/lib/core/Axios.js:45:41)
    at process.processTicksAndRejections (node:internal/process/task_queues:105:5)
    at async ImageService.downloadImage (C:\Users\khade\OneDrive\Placment\Final Year VD Project\backend\src\services\imageService.ts:162:34)
    at async <anonymous> (C:\Users\khade\OneDrive\Placment\Final Year VD Project\backend\src\services\aiService.ts:274:40)
    at async Promise.all (index 0)
    at async AIService.generateRoomRedesign (C:\Users\khade\OneDrive\Placment\Final Year VD Project\backend\src\services\aiService.ts:195:20)
    at async DesignController.generate (C:\Users\khade\OneDrive\Placment\Final Year VD Project\backend\src\controllers\designController.ts:67:37)
2026-02-05 22:30:28 [error]: Proxy failed for https://image.pollinations.ai/prompt/360%20panorama%2C%20Luxury%20Kitchen%2C%20interior%20photography%2C%20photorealistic%2C%208k.%20Style%20Luxury.%20Clean%20architecture%2C%20high%20detail%2C%20natural%20lighting..%20Negative%20blurry%2C%20distorted%2C%20watermark%2C%20bad%20perspective%2C%20floating%20objects?width=1280&height=720&nologo=true&seed=7308&model=flux:
2026-02-05 22:30:28 [error]: Proxy failed for https://image.pollinations.ai/prompt/360%20panorama%2C%20Luxury%20Kitchen%2C%20interior%20photography%2C%20photorealistic%2C%208k.%20Style%20Luxury.%20Clean%20architecture%2C%20high%20detail%2C%20natural%20lighting..%20Negative%20blurry%2C%20distorted%2C%20watermark%2C%20bad%20perspective%2C%20floating%20objects?width=1280&height=720&nologo=true&seed=5068&model=flux:
2026-02-06 11:50:27 [error]: AxiosError: Request failed with status code 502
    at settle (file:///C:/Users/khade/OneDrive/Placment/Final%20Year%20VD%20Project/backend/node_modules/axios/lib/core/settle.js:19:12)
    at IncomingMessage.handleStreamEnd (file:///C:/Users/khade/OneDrive/Placment/Final%20Year%20VD%20Project/backend/node_modules/axios/lib/adapters/http.js:798:11)
    at IncomingMessage.emit (node:events:531:35)
    at endReadableNT (node:internal/streams/readable:1698:12)
    at process.processTicksAndRejections (node:internal/process/task_queues:90:21)
    at Axios.request (file:///C:/Users/khade/OneDrive/Placment/Final%20Year%20VD%20Project/backend/node_modules/axios/lib/core/Axios.js:45:41)
    at process.processTicksAndRejections (node:internal/process/task_queues:105:5)
    at async ImageService.downloadImage (C:\Users\khade\OneDrive\Placment\Final Year VD Project\backend\src\services\imageService.ts:162:34)
    at async <anonymous> (C:\Users\khade\OneDrive\Placment\Final Year VD Project\backend\src\services\aiService.ts:273:40)
    at async Promise.all (index 2)
    at async AIService.generateRoomRedesign (C:\Users\khade\OneDrive\Placment\Final Year VD Project\backend\src\services\aiService.ts:195:20)
    at async DesignController.generate (C:\Users\khade\OneDrive\Placment\Final Year VD Project\backend\src\controllers\designController.ts:67:37)
2026-02-06 11:50:28 [error]: AxiosError: Request failed with status code 502
    at settle (file:///C:/Users/khade/OneDrive/Placment/Final%20Year%20VD%20Project/backend/node_modules/axios/lib/core/settle.js:19:12)
    at IncomingMessage.handleStreamEnd (file:///C:/Users/khade/OneDrive/Placment/Final%20Year%20VD%20Project/backend/node_modules/axios/lib/adapters/http.js:798:11)
    at IncomingMessage.emit (node:events:531:35)
    at endReadableNT (node:internal/streams/readable:1698:12)
    at process.processTicksAndRejections (node:internal/process/task_queues:90:21)
    at Axios.request (file:///C:/Users/khade/OneDrive/Placment/Final%20Year%20VD%20Project/backend/node_modules/axios/lib/core/Axios.js:45:41)
    at process.processTicksAndRejections (node:internal/process/task_queues:105:5)
    at async ImageService.downloadImage (C:\Users\khade\OneDrive\Placment\Final Year VD Project\backend\src\services\imageService.ts:162:34)
    at async <anonymous> (C:\Users\khade\OneDrive\Placment\Final Year VD Project\backend\src\services\aiService.ts:273:40)
    at async Promise.all (index 0)
    at async AIService.generateRoomRedesign (C:\Users\khade\OneDrive\Placment\Final Year VD Project\backend\src\services\aiService.ts:195:20)
    at async DesignController.generate (C:\Users\khade\OneDrive\Placment\Final Year VD Project\backend\src\controllers\designController.ts:67:37)
2026-02-06 11:50:28 [error]: AxiosError: Request failed with status code 502
    at settle (file:///C:/Users/khade/OneDrive/Placment/Final%20Year%20VD%20Project/backend/node_modules/axios/lib/core/settle.js:19:12)
    at IncomingMessage.handleStreamEnd (file:///C:/Users/khade/OneDrive/Placment/Final%20Year%20VD%20Project/backend/node_modules/axios/lib/adapters/http.js:798:11)
    at IncomingMessage.emit (node:events:531:35)
    at endReadableNT (node:internal/streams/readable:1698:12)
    at process.processTicksAndRejections (node:internal/process/task_queues:90:21)
    at Axios.request (file:///C:/Users/khade/OneDrive/Placment/Final%20Year%20VD%20Project/backend/node_modules/axios/lib/core/Axios.js:45:41)
    at process.processTicksAndRejections (node:internal/process/task_queues:105:5)
    at async ImageService.downloadImage (C:\Users\khade\OneDrive\Placment\Final Year VD Project\backend\src\services\imageService.ts:162:34)
    at async <anonymous> (C:\Users\khade\OneDrive\Placment\Final Year VD Project\backend\src\services\aiService.ts:273:40)
    at async Promise.all (index 2)
    at async AIService.generateRoomRedesign (C:\Users\khade\OneDrive\Placment\Final Year VD Project\backend\src\services\aiService.ts:195:20)
    at async DesignController.generate (C:\Users\khade\OneDrive\Placment\Final Year VD Project\backend\src\controllers\designController.ts:67:37)
2026-02-06 11:50:28 [error]: AxiosError: Request failed with status code 502
    at settle (file:///C:/Users/khade/OneDrive/Placment/Final%20Year%20VD%20Project/backend/node_modules/axios/lib/core/settle.js:19:12)
    at IncomingMessage.handleStreamEnd (file:///C:/Users/khade/OneDrive/Placment/Final%20Year%20VD%20Project/backend/node_modules/axios/lib/adapters/http.js:798:11)
    at IncomingMessage.emit (node:events:531:35)
    at endReadableNT (node:internal/streams/readable:1698:12)
    at process.processTicksAndRejections (node:internal/process/task_queues:90:21)
    at Axios.request (file:///C:/Users/khade/OneDrive/Placment/Final%20Year%20VD%20Project/backend/node_modules/axios/lib/core/Axios.js:45:41)
    at process.processTicksAndRejections (node:internal/process/task_queues:105:5)
    at async ImageService.downloadImage (C:\Users\khade\OneDrive\Placment\Final Year VD Project\backend\src\services\imageService.ts:162:34)
    at async <anonymous> (C:\Users\khade\OneDrive\Placment\Final Year VD Project\backend\src\services\aiService.ts:273:40)
    at async Promise.all (index 1)
    at async AIService.generateRoomRedesign (C:\Users\khade\OneDrive\Placment\Final Year VD Project\backend\src\services\aiService.ts:195:20)
    at async DesignController.generate (C:\Users\khade\OneDrive\Placment\Final Year VD Project\backend\src\controllers\designController.ts:67:37)
2026-02-06 11:50:28 [error]: AxiosError: Request failed with status code 502
    at settle (file:///C:/Users/khade/OneDrive/Placment/Final%20Year%20VD%20Project/backend/node_modules/axios/lib/core/settle.js:19:12)
    at IncomingMessage.handleStreamEnd (file:///C:/Users/khade/OneDrive/Placment/Final%20Year%20VD%20Project/backend/node_modules/axios/lib/adapters/http.js:798:11)
    at IncomingMessage.emit (node:events:531:35)
    at endReadableNT (node:internal/streams/readable:1698:12)
    at process.processTicksAndRejections (node:internal/process/task_queues:90:21)
    at Axios.request (file:///C:/Users/khade/OneDrive/Placment/Final%20Year%20VD%20Project/backend/node_modules/axios/lib/core/Axios.js:45:41)
    at process.processTicksAndRejections (node:internal/process/task_queues:105:5)
    at async ImageService.downloadImage (C:\Users\khade\OneDrive\Placment\Final Year VD Project\backend\src\services\imageService.ts:162:34)
    at async <anonymous> (C:\Users\khade\OneDrive\Placment\Final Year VD Project\backend\src\services\aiService.ts:273:40)
    at async Promise.all (index 1)
    at async AIService.generateRoomRedesign (C:\Users\khade\OneDrive\Placment\Final Year VD Project\backend\src\services\aiService.ts:195:20)
    at async DesignController.generate (C:\Users\khade\OneDrive\Placment\Final Year VD Project\backend\src\controllers\designController.ts:67:37)
2026-02-06 11:50:28 [error]: AxiosError: Request failed with status code 502
    at settle (file:///C:/Users/khade/OneDrive/Placment/Final%20Year%20VD%20Project/backend/node_modules/axios/lib/core/settle.js:19:12)
    at IncomingMessage.handleStreamEnd (file:///C:/Users/khade/OneDrive/Placment/Final%20Year%20VD%20Project/backend/node_modules/axios/lib/adapters/http.js:798:11)
    at IncomingMessage.emit (node:events:531:35)
    at endReadableNT (node:internal/streams/readable:1698:12)
    at process.processTicksAndRejections (node:internal/process/task_queues:90:21)
    at Axios.request (file:///C:/Users/khade/OneDrive/Placment/Final%20Year%20VD%20Project/backend/node_modules/axios/lib/core/Axios.js:45:41)
    at process.processTicksAndRejections (node:internal/process/task_queues:105:5)
    at async ImageService.downloadImage (C:\Users\khade\OneDrive\Placment\Final Year VD Project\backend\src\services\imageService.ts:162:34)
    at async <anonymous> (C:\Users\khade\OneDrive\Placment\Final Year VD Project\backend\src\services\aiService.ts:273:40)
    at async Promise.all (index 0)
    at async AIService.generateRoomRedesign (C:\Users\khade\OneDrive\Placment\Final Year VD Project\backend\src\services\aiService.ts:195:20)
    at async DesignController.generate (C:\Users\khade\OneDrive\Placment\Final Year VD Project\backend\src\controllers\designController.ts:67:37)
2026-02-06 11:50:30 [error]: AxiosError: Request failed with status code 502
    at settle (file:///C:/Users/khade/OneDrive/Placment/Final%20Year%20VD%20Project/backend/node_modules/axios/lib/core/settle.js:19:12)
    at IncomingMessage.handleStreamEnd (file:///C:/Users/khade/OneDrive/Placment/Final%20Year%20VD%20Project/backend/node_modules/axios/lib/adapters/http.js:798:11)
    at IncomingMessage.emit (node:events:531:35)
    at endReadableNT (node:internal/streams/readable:1698:12)
    at process.processTicksAndRejections (node:internal/process/task_queues:90:21)
    at Axios.request (file:///C:/Users/khade/OneDrive/Placment/Final%20Year%20VD%20Project/backend/node_modules/axios/lib/core/Axios.js:45:41)
    at process.processTicksAndRejections (node:internal/process/task_queues:105:5)
    at async ImageService.downloadImage (C:\Users\khade\OneDrive\Placment\Final Year VD Project\backend\src\services\imageService.ts:162:34)
    at async <anonymous> (C:\Users\khade\OneDrive\Placment\Final Year VD Project\backend\src\services\aiService.ts:273:40)
    at async Promise.all (index 2)
    at async AIService.generateRoomRedesign (C:\Users\khade\OneDrive\Placment\Final Year VD Project\backend\src\services\aiService.ts:195:20)
    at async DesignController.generate (C:\Users\khade\OneDrive\Placment\Final Year VD Project\backend\src\controllers\designController.ts:67:37)
2026-02-06 11:50:30 [error]: AxiosError: Request failed with status code 502
    at settle (file:///C:/Users/khade/OneDrive/Placment/Final%20Year%20VD%20Project/backend/node_modules/axios/lib/core/settle.js:19:12)
    at IncomingMessage.handleStreamEnd (file:///C:/Users/khade/OneDrive/Placment/Final%20Year%20VD%20Project/backend/node_modules/axios/lib/adapters/http.js:798:11)
    at IncomingMessage.emit (node:events:531:35)
    at endReadableNT (node:internal/streams/readable:1698:12)
    at process.processTicksAndRejections (node:internal/process/task_queues:90:21)
    at Axios.request (file:///C:/Users/khade/OneDrive/Placment/Final%20Year%20VD%20Project/backend/node_modules/axios/lib/core/Axios.js:45:41)
    at process.processTicksAndRejections (node:internal/process/task_queues:105:5)
    at async ImageService.downloadImage (C:\Users\khade\OneDrive\Placment\Final Year VD Project\backend\src\services\imageService.ts:162:34)
    at async <anonymous> (C:\Users\khade\OneDrive\Placment\Final Year VD Project\backend\src\services\aiService.ts:273:40)
    at async Promise.all (index 0)
    at async AIService.generateRoomRedesign (C:\Users\khade\OneDrive\Placment\Final Year VD Project\backend\src\services\aiService.ts:195:20)
    at async DesignController.generate (C:\Users\khade\OneDrive\Placment\Final Year VD Project\backend\src\controllers\designController.ts:67:37)
2026-02-06 11:50:30 [error]: AxiosError: Request failed with status code 502
    at settle (file:///C:/Users/khade/OneDrive/Placment/Final%20Year%20VD%20Project/backend/node_modules/axios/lib/core/settle.js:19:12)
    at IncomingMessage.handleStreamEnd (file:///C:/Users/khade/OneDrive/Placment/Final%20Year%20VD%20Project/backend/node_modules/axios/lib/adapters/http.js:798:11)
    at IncomingMessage.emit (node:events:531:35)
    at endReadableNT (node:internal/streams/readable:1698:12)
    at process.processTicksAndRejections (node:internal/process/task_queues:90:21)
    at Axios.request (file:///C:/Users/khade/OneDrive/Placment/Final%20Year%20VD%20Project/backend/node_modules/axios/lib/core/Axios.js:45:41)
    at process.processTicksAndRejections (node:internal/process/task_queues:105:5)
    at async ImageService.downloadImage (C:\Users\khade\OneDrive\Placment\Final Year VD Project\backend\src\services\imageService.ts:162:34)
    at async <anonymous> (C:\Users\khade\OneDrive\Placment\Final Year VD Project\backend\src\services\aiService.ts:273:40)
    at async Promise.all (index 1)
    at async AIService.generateRoomRedesign (C:\Users\khade\OneDrive\Placment\Final Year VD Project\backend\src\services\aiService.ts:195:20)
    at async DesignController.generate (C:\Users\khade\OneDrive\Placment\Final Year VD Project\backend\src\controllers\designController.ts:67:37)
2026-02-06 11:50:30 [error]: AxiosError: Request failed with status code 502
    at settle (file:///C:/Users/khade/OneDrive/Placment/Final%20Year%20VD%20Project/backend/node_modules/axios/lib/core/settle.js:19:12)
    at IncomingMessage.handleStreamEnd (file:///C:/Users/khade/OneDrive/Placment/Final%20Year%20VD%20Project/backend/node_modules/axios/lib/adapters/http.js:798:11)
    at IncomingMessage.emit (node:events:531:35)
    at endReadableNT (node:internal/streams/readable:1698:12)
    at process.processTicksAndRejections (node:internal/process/task_queues:90:21)
    at Axios.request (file:///C:/Users/khade/OneDrive/Placment/Final%20Year%20VD%20Project/backend/node_modules/axios/lib/core/Axios.js:45:41)
    at process.processTicksAndRejections (node:internal/process/task_queues:105:5)
    at async ImageService.downloadImage (C:\Users\khade\OneDrive\Placment\Final Year VD Project\backend\src\services\imageService.ts:162:34)
    at async <anonymous> (C:\Users\khade\OneDrive\Placment\Final Year VD Project\backend\src\services\aiService.ts:273:40)
    at async Promise.all (index 2)
    at async AIService.generateRoomRedesign (C:\Users\khade\OneDrive\Placment\Final Year VD Project\backend\src\services\aiService.ts:195:20)
    at async DesignController.generate (C:\Users\khade\OneDrive\Placment\Final Year VD Project\backend\src\controllers\designController.ts:67:37)
2026-02-06 11:50:30 [error]: AxiosError: Request failed with status code 502
    at settle (file:///C:/Users/khade/OneDrive/Placment/Final%20Year%20VD%20Project/backend/node_modules/axios/lib/core/settle.js:19:12)
    at IncomingMessage.handleStreamEnd (file:///C:/Users/khade/OneDrive/Placment/Final%20Year%20VD%20Project/backend/node_modules/axios/lib/adapters/http.js:798:11)
    at IncomingMessage.emit (node:events:531:35)
    at endReadableNT (node:internal/streams/readable:1698:12)
    at process.processTicksAndRejections (node:internal/process/task_queues:90:21)
    at Axios.request (file:///C:/Users/khade/OneDrive/Placment/Final%20Year%20VD%20Project/backend/node_modules/axios/lib/core/Axios.js:45:41)
    at process.processTicksAndRejections (node:internal/process/task_queues:105:5)
    at async ImageService.downloadImage (C:\Users\khade\OneDrive\Placment\Final Year VD Project\backend\src\services\imageService.ts:162:34)
    at async <anonymous> (C:\Users\khade\OneDrive\Placment\Final Year VD Project\backend\src\services\aiService.ts:273:40)
    at async Promise.all (index 1)
    at async AIService.generateRoomRedesign (C:\Users\khade\OneDrive\Placment\Final Year VD Project\backend\src\services\aiService.ts:195:20)
    at async DesignController.generate (C:\Users\khade\OneDrive\Placment\Final Year VD Project\backend\src\controllers\designController.ts:67:37)
2026-02-06 11:50:30 [error]: AxiosError: Request failed with status code 502
    at settle (file:///C:/Users/khade/OneDrive/Placment/Final%20Year%20VD%20Project/backend/node_modules/axios/lib/core/settle.js:19:12)
    at IncomingMessage.handleStreamEnd (file:///C:/Users/khade/OneDrive/Placment/Final%20Year%20VD%20Project/backend/node_modules/axios/lib/adapters/http.js:798:11)
    at IncomingMessage.emit (node:events:531:35)
    at endReadableNT (node:internal/streams/readable:1698:12)
    at process.processTicksAndRejections (node:internal/process/task_queues:90:21)
    at Axios.request (file:///C:/Users/khade/OneDrive/Placment/Final%20Year%20VD%20Project/backend/node_modules/axios/lib/core/Axios.js:45:41)
    at process.processTicksAndRejections (node:internal/process/task_queues:105:5)
    at async ImageService.downloadImage (C:\Users\khade\OneDrive\Placment\Final Year VD Project\backend\src\services\imageService.ts:162:34)
    at async <anonymous> (C:\Users\khade\OneDrive\Placment\Final Year VD Project\backend\src\services\aiService.ts:273:40)
    at async Promise.all (index 0)
    at async AIService.generateRoomRedesign (C:\Users\khade\OneDrive\Placment\Final Year VD Project\backend\src\services\aiService.ts:195:20)
    at async DesignController.generate (C:\Users\khade\OneDrive\Placment\Final Year VD Project\backend\src\controllers\designController.ts:67:37)
2026-02-06 11:50:35 [error]: AxiosError: Request failed with status code 502
    at settle (file:///C:/Users/khade/OneDrive/Placment/Final%20Year%20VD%20Project/backend/node_modules/axios/lib/core/settle.js:19:12)
    at IncomingMessage.handleStreamEnd (file:///C:/Users/khade/OneDrive/Placment/Final%20Year%20VD%20Project/backend/node_modules/axios/lib/adapters/http.js:798:11)
    at IncomingMessage.emit (node:events:531:35)
    at endReadableNT (node:internal/streams/readable:1698:12)
    at process.processTicksAndRejections (node:internal/process/task_queues:90:21)
    at Axios.request (file:///C:/Users/khade/OneDrive/Placment/Final%20Year%20VD%20Project/backend/node_modules/axios/lib/core/Axios.js:45:41)
    at process.processTicksAndRejections (node:internal/process/task_queues:105:5)
    at async ImageService.downloadImage (C:\Users\khade\OneDrive\Placment\Final Year VD Project\backend\src\services\imageService.ts:162:34)
    at async <anonymous> (C:\Users\khade\OneDrive\Placment\Final Year VD Project\backend\src\services\aiService.ts:273:40)
    at async Promise.all (index 2)
    at async AIService.generateRoomRedesign (C:\Users\khade\OneDrive\Placment\Final Year VD Project\backend\src\services\aiService.ts:195:20)
    at async DesignController.generate (C:\Users\khade\OneDrive\Placment\Final Year VD Project\backend\src\controllers\designController.ts:67:37)
2026-02-06 11:50:35 [error]: AxiosError: Request failed with status code 502
    at settle (file:///C:/Users/khade/OneDrive/Placment/Final%20Year%20VD%20Project/backend/node_modules/axios/lib/core/settle.js:19:12)
    at IncomingMessage.handleStreamEnd (file:///C:/Users/khade/OneDrive/Placment/Final%20Year%20VD%20Project/backend/node_modules/axios/lib/adapters/http.js:798:11)
    at IncomingMessage.emit (node:events:531:35)
    at endReadableNT (node:internal/streams/readable:1698:12)
    at process.processTicksAndRejections (node:internal/process/task_queues:90:21)
    at Axios.request (file:///C:/Users/khade/OneDrive/Placment/Final%20Year%20VD%20Project/backend/node_modules/axios/lib/core/Axios.js:45:41)
    at process.processTicksAndRejections (node:internal/process/task_queues:105:5)
    at async ImageService.downloadImage (C:\Users\khade\OneDrive\Placment\Final Year VD Project\backend\src\services\imageService.ts:162:34)
    at async <anonymous> (C:\Users\khade\OneDrive\Placment\Final Year VD Project\backend\src\services\aiService.ts:273:40)
    at async Promise.all (index 1)
    at async AIService.generateRoomRedesign (C:\Users\khade\OneDrive\Placment\Final Year VD Project\backend\src\services\aiService.ts:195:20)
    at async DesignController.generate (C:\Users\khade\OneDrive\Placment\Final Year VD Project\backend\src\controllers\designController.ts:67:37)
2026-02-06 11:50:35 [error]: AxiosError: Request failed with status code 502
    at settle (file:///C:/Users/khade/OneDrive/Placment/Final%20Year%20VD%20Project/backend/node_modules/axios/lib/core/settle.js:19:12)
    at IncomingMessage.handleStreamEnd (file:///C:/Users/khade/OneDrive/Placment/Final%20Year%20VD%20Project/backend/node_modules/axios/lib/adapters/http.js:798:11)
    at IncomingMessage.emit (node:events:531:35)
    at endReadableNT (node:internal/streams/readable:1698:12)
    at process.processTicksAndRejections (node:internal/process/task_queues:90:21)
    at Axios.request (file:///C:/Users/khade/OneDrive/Placment/Final%20Year%20VD%20Project/backend/node_modules/axios/lib/core/Axios.js:45:41)
    at process.processTicksAndRejections (node:internal/process/task_queues:105:5)
    at async ImageService.downloadImage (C:\Users\khade\OneDrive\Placment\Final Year VD Project\backend\src\services\imageService.ts:162:34)
    at async <anonymous> (C:\Users\khade\OneDrive\Placment\Final Year VD Project\backend\src\services\aiService.ts:273:40)
    at async Promise.all (index 2)
    at async AIService.generateRoomRedesign (C:\Users\khade\OneDrive\Placment\Final Year VD Project\backend\src\services\aiService.ts:195:20)
    at async DesignController.generate (C:\Users\khade\OneDrive\Placment\Final Year VD Project\backend\src\controllers\designController.ts:67:37)
2026-02-06 11:50:35 [error]: AxiosError: Request failed with status code 502
    at settle (file:///C:/Users/khade/OneDrive/Placment/Final%20Year%20VD%20Project/backend/node_modules/axios/lib/core/settle.js:19:12)
    at IncomingMessage.handleStreamEnd (file:///C:/Users/khade/OneDrive/Placment/Final%20Year%20VD%20Project/backend/node_modules/axios/lib/adapters/http.js:798:11)
    at IncomingMessage.emit (node:events:531:35)
    at endReadableNT (node:internal/streams/readable:1698:12)
    at process.processTicksAndRejections (node:internal/process/task_queues:90:21)
    at Axios.request (file:///C:/Users/khade/OneDrive/Placment/Final%20Year%20VD%20Project/backend/node_modules/axios/lib/core/Axios.js:45:41)
    at process.processTicksAndRejections (node:internal/process/task_queues:105:5)
    at async ImageService.downloadImage (C:\Users\khade\OneDrive\Placment\Final Year VD Project\backend\src\services\imageService.ts:162:34)
    at async <anonymous> (C:\Users\khade\OneDrive\Placment\Final Year VD Project\backend\src\services\aiService.ts:273:40)
    at async Promise.all (index 0)
    at async AIService.generateRoomRedesign (C:\Users\khade\OneDrive\Placment\Final Year VD Project\backend\src\services\aiService.ts:195:20)
    at async DesignController.generate (C:\Users\khade\OneDrive\Placment\Final Year VD Project\backend\src\controllers\designController.ts:67:37)
2026-02-06 11:50:35 [error]: AxiosError: Request failed with status code 502
    at settle (file:///C:/Users/khade/OneDrive/Placment/Final%20Year%20VD%20Project/backend/node_modules/axios/lib/core/settle.js:19:12)
    at IncomingMessage.handleStreamEnd (file:///C:/Users/khade/OneDrive/Placment/Final%20Year%20VD%20Project/backend/node_modules/axios/lib/adapters/http.js:798:11)
    at IncomingMessage.emit (node:events:531:35)
    at endReadableNT (node:internal/streams/readable:1698:12)
    at process.processTicksAndRejections (node:internal/process/task_queues:90:21)
    at Axios.request (file:///C:/Users/khade/OneDrive/Placment/Final%20Year%20VD%20Project/backend/node_modules/axios/lib/core/Axios.js:45:41)
    at process.processTicksAndRejections (node:internal/process/task_queues:105:5)
    at async ImageService.downloadImage (C:\Users\khade\OneDrive\Placment\Final Year VD Project\backend\src\services\imageService.ts:162:34)
    at async <anonymous> (C:\Users\khade\OneDrive\Placment\Final Year VD Project\backend\src\services\aiService.ts:273:40)
    at async Promise.all (index 1)
    at async AIService.generateRoomRedesign (C:\Users\khade\OneDrive\Placment\Final Year VD Project\backend\src\services\aiService.ts:195:20)
    at async DesignController.generate (C:\Users\khade\OneDrive\Placment\Final Year VD Project\backend\src\controllers\designController.ts:67:37)
2026-02-06 11:50:35 [error]: AxiosError: Request failed with status code 502
    at settle (file:///C:/Users/khade/OneDrive/Placment/Final%20Year%20VD%20Project/backend/node_modules/axios/lib/core/settle.js:19:12)
    at IncomingMessage.handleStreamEnd (file:///C:/Users/khade/OneDrive/Placment/Final%20Year%20VD%20Project/backend/node_modules/axios/lib/adapters/http.js:798:11)
    at IncomingMessage.emit (node:events:531:35)
    at endReadableNT (node:internal/streams/readable:1698:12)
    at process.processTicksAndRejections (node:internal/process/task_queues:90:21)
    at Axios.request (file:///C:/Users/khade/OneDrive/Placment/Final%20Year%20VD%20Project/backend/node_modules/axios/lib/core/Axios.js:45:41)
    at process.processTicksAndRejections (node:internal/process/task_queues:105:5)
    at async ImageService.downloadImage (C:\Users\khade\OneDrive\Placment\Final Year VD Project\backend\src\services\imageService.ts:162:34)
    at async <anonymous> (C:\Users\khade\OneDrive\Placment\Final Year VD Project\backend\src\services\aiService.ts:273:40)
    at async Promise.all (index 0)
    at async AIService.generateRoomRedesign (C:\Users\khade\OneDrive\Placment\Final Year VD Project\backend\src\services\aiService.ts:195:20)
    at async DesignController.generate (C:\Users\khade\OneDrive\Placment\Final Year VD Project\backend\src\controllers\designController.ts:67:37)
2026-02-06 11:50:38 [error]: Proxy failed for https://image.pollinations.ai/prompt/360%20panorama%2C%20Luxury%20Kitchen%2C%20interior%20photography%2C%20photorealistic%2C%208k.%20Style%20Luxury.%20Clean%20architecture%2C%20high%20detail%2C%20natural%20lighting..%20Negative%20blurry%2C%20distorted%2C%20watermark%2C%20bad%20perspective%2C%20floating%20objects?width=1280&height=720&nologo=true&seed=6943&model=flux:
2026-02-06 12:13:20 [error]: AxiosError: Request failed with status code 502
    at settle (file:///C:/Users/khade/OneDrive/Placment/Final%20Year%20VD%20Project/backend/node_modules/axios/lib/core/settle.js:19:12)
    at IncomingMessage.handleStreamEnd (file:///C:/Users/khade/OneDrive/Placment/Final%20Year%20VD%20Project/backend/node_modules/axios/lib/adapters/http.js:798:11)
    at IncomingMessage.emit (node:events:531:35)
    at endReadableNT (node:internal/streams/readable:1698:12)
    at process.processTicksAndRejections (node:internal/process/task_queues:90:21)
    at Axios.request (file:///C:/Users/khade/OneDrive/Placment/Final%20Year%20VD%20Project/backend/node_modules/axios/lib/core/Axios.js:45:41)
    at process.processTicksAndRejections (node:internal/process/task_queues:105:5)
    at async ImageService.downloadImage (C:\Users\khade\OneDrive\Placment\Final Year VD Project\backend\src\services\imageService.ts:162:34)
    at async <anonymous> (C:\Users\khade\OneDrive\Placment\Final Year VD Project\backend\src\services\aiService.ts:277:40)
    at async Promise.all (index 1)
    at async AIService.generateRoomRedesign (C:\Users\khade\OneDrive\Placment\Final Year VD Project\backend\src\services\aiService.ts:195:20)
    at async DesignController.generate (C:\Users\khade\OneDrive\Placment\Final Year VD Project\backend\src\controllers\designController.ts:67:37)
2026-02-06 12:13:20 [error]: AxiosError: Request failed with status code 502
    at settle (file:///C:/Users/khade/OneDrive/Placment/Final%20Year%20VD%20Project/backend/node_modules/axios/lib/core/settle.js:19:12)
    at IncomingMessage.handleStreamEnd (file:///C:/Users/khade/OneDrive/Placment/Final%20Year%20VD%20Project/backend/node_modules/axios/lib/adapters/http.js:798:11)
    at IncomingMessage.emit (node:events:531:35)
    at endReadableNT (node:internal/streams/readable:1698:12)
    at process.processTicksAndRejections (node:internal/process/task_queues:90:21)
    at Axios.request (file:///C:/Users/khade/OneDrive/Placment/Final%20Year%20VD%20Project/backend/node_modules/axios/lib/core/Axios.js:45:41)
    at process.processTicksAndRejections (node:internal/process/task_queues:105:5)
    at async ImageService.downloadImage (C:\Users\khade\OneDrive\Placment\Final Year VD Project\backend\src\services\imageService.ts:162:34)
    at async <anonymous> (C:\Users\khade\OneDrive\Placment\Final Year VD Project\backend\src\services\aiService.ts:277:40)
    at async Promise.all (index 1)
    at async AIService.generateRoomRedesign (C:\Users\khade\OneDrive\Placment\Final Year VD Project\backend\src\services\aiService.ts:195:20)
    at async DesignController.generate (C:\Users\khade\OneDrive\Placment\Final Year VD Project\backend\src\controllers\designController.ts:67:37)
2026-02-06 12:13:20 [error]: AxiosError: Request failed with status code 502
    at settle (file:///C:/Users/khade/OneDrive/Placment/Final%20Year%20VD%20Project/backend/node_modules/axios/lib/core/settle.js:19:12)
    at IncomingMessage.handleStreamEnd (file:///C:/Users/khade/OneDrive/Placment/Final%20Year%20VD%20Project/backend/node_modules/axios/lib/adapters/http.js:798:11)
    at IncomingMessage.emit (node:events:531:35)
    at endReadableNT (node:internal/streams/readable:1698:12)
    at process.processTicksAndRejections (node:internal/process/task_queues:90:21)
    at Axios.request (file:///C:/Users/khade/OneDrive/Placment/Final%20Year%20VD%20Project/backend/node_modules/axios/lib/core/Axios.js:45:41)
    at process.processTicksAndRejections (node:internal/process/task_queues:105:5)
    at async ImageService.downloadImage (C:\Users\khade\OneDrive\Placment\Final Year VD Project\backend\src\services\imageService.ts:162:34)
    at async <anonymous> (C:\Users\khade\OneDrive\Placment\Final Year VD Project\backend\src\services\aiService.ts:277:40)
    at async Promise.all (index 2)
    at async AIService.generateRoomRedesign (C:\Users\khade\OneDrive\Placment\Final Year VD Project\backend\src\services\aiService.ts:195:20)
    at async DesignController.generate (C:\Users\khade\OneDrive\Placment\Final Year VD Project\backend\src\controllers\designController.ts:67:37)
2026-02-06 12:13:20 [error]: AxiosError: Request failed with status code 502
    at settle (file:///C:/Users/khade/OneDrive/Placment/Final%20Year%20VD%20Project/backend/node_modules/axios/lib/core/settle.js:19:12)
    at IncomingMessage.handleStreamEnd (file:///C:/Users/khade/OneDrive/Placment/Final%20Year%20VD%20Project/backend/node_modules/axios/lib/adapters/http.js:798:11)
    at IncomingMessage.emit (node:events:531:35)
    at endReadableNT (node:internal/streams/readable:1698:12)
    at process.processTicksAndRejections (node:internal/process/task_queues:90:21)
    at Axios.request (file:///C:/Users/khade/OneDrive/Placment/Final%20Year%20VD%20Project/backend/node_modules/axios/lib/core/Axios.js:45:41)
    at process.processTicksAndRejections (node:internal/process/task_queues:105:5)
    at async ImageService.downloadImage (C:\Users\khade\OneDrive\Placment\Final Year VD Project\backend\src\services\imageService.ts:162:34)
    at async <anonymous> (C:\Users\khade\OneDrive\Placment\Final Year VD Project\backend\src\services\aiService.ts:277:40)
    at async Promise.all (index 2)
    at async AIService.generateRoomRedesign (C:\Users\khade\OneDrive\Placment\Final Year VD Project\backend\src\services\aiService.ts:195:20)
    at async DesignController.generate (C:\Users\khade\OneDrive\Placment\Final Year VD Project\backend\src\controllers\designController.ts:67:37)
2026-02-06 12:13:20 [error]: AxiosError: Request failed with status code 502
    at settle (file:///C:/Users/khade/OneDrive/Placment/Final%20Year%20VD%20Project/backend/node_modules/axios/lib/core/settle.js:19:12)
    at IncomingMessage.handleStreamEnd (file:///C:/Users/khade/OneDrive/Placment/Final%20Year%20VD%20Project/backend/node_modules/axios/lib/adapters/http.js:798:11)
    at IncomingMessage.emit (node:events:531:35)
    at endReadableNT (node:internal/streams/readable:1698:12)
    at process.processTicksAndRejections (node:internal/process/task_queues:90:21)
    at Axios.request (file:///C:/Users/khade/OneDrive/Placment/Final%20Year%20VD%20Project/backend/node_modules/axios/lib/core/Axios.js:45:41)
    at process.processTicksAndRejections (node:internal/process/task_queues:105:5)
    at async ImageService.downloadImage (C:\Users\khade\OneDrive\Placment\Final Year VD Project\backend\src\services\imageService.ts:162:34)
    at async <anonymous> (C:\Users\khade\OneDrive\Placment\Final Year VD Project\backend\src\services\aiService.ts:277:40)
    at async Promise.all (index 0)
    at async AIService.generateRoomRedesign (C:\Users\khade\OneDrive\Placment\Final Year VD Project\backend\src\services\aiService.ts:195:20)
    at async DesignController.generate (C:\Users\khade\OneDrive\Placment\Final Year VD Project\backend\src\controllers\designController.ts:67:37)
2026-02-06 12:13:20 [error]: AxiosError: Request failed with status code 502
    at settle (file:///C:/Users/khade/OneDrive/Placment/Final%20Year%20VD%20Project/backend/node_modules/axios/lib/core/settle.js:19:12)
    at IncomingMessage.handleStreamEnd (file:///C:/Users/khade/OneDrive/Placment/Final%20Year%20VD%20Project/backend/node_modules/axios/lib/adapters/http.js:798:11)
    at IncomingMessage.emit (node:events:531:35)
    at endReadableNT (node:internal/streams/readable:1698:12)
    at process.processTicksAndRejections (node:internal/process/task_queues:90:21)
    at Axios.request (file:///C:/Users/khade/OneDrive/Placment/Final%20Year%20VD%20Project/backend/node_modules/axios/lib/core/Axios.js:45:41)
    at process.processTicksAndRejections (node:internal/process/task_queues:105:5)
    at async ImageService.downloadImage (C:\Users\khade\OneDrive\Placment\Final Year VD Project\backend\src\services\imageService.ts:162:34)
    at async <anonymous> (C:\Users\khade\OneDrive\Placment\Final Year VD Project\backend\src\services\aiService.ts:277:40)
    at async Promise.all (index 0)
    at async AIService.generateRoomRedesign (C:\Users\khade\OneDrive\Placment\Final Year VD Project\backend\src\services\aiService.ts:195:20)
    at async DesignController.generate (C:\Users\khade\OneDrive\Placment\Final Year VD Project\backend\src\controllers\designController.ts:67:37)
2026-02-06 12:13:23 [error]: AxiosError: Request failed with status code 502
    at settle (file:///C:/Users/khade/OneDrive/Placment/Final%20Year%20VD%20Project/backend/node_modules/axios/lib/core/settle.js:19:12)
    at IncomingMessage.handleStreamEnd (file:///C:/Users/khade/OneDrive/Placment/Final%20Year%20VD%20Project/backend/node_modules/axios/lib/adapters/http.js:798:11)
    at IncomingMessage.emit (node:events:531:35)
    at endReadableNT (node:internal/streams/readable:1698:12)
    at process.processTicksAndRejections (node:internal/process/task_queues:90:21)
    at Axios.request (file:///C:/Users/khade/OneDrive/Placment/Final%20Year%20VD%20Project/backend/node_modules/axios/lib/core/Axios.js:45:41)
    at process.processTicksAndRejections (node:internal/process/task_queues:105:5)
    at async ImageService.downloadImage (C:\Users\khade\OneDrive\Placment\Final Year VD Project\backend\src\services\imageService.ts:162:34)
    at async <anonymous> (C:\Users\khade\OneDrive\Placment\Final Year VD Project\backend\src\services\aiService.ts:277:40)
    at async Promise.all (index 1)
    at async AIService.generateRoomRedesign (C:\Users\khade\OneDrive\Placment\Final Year VD Project\backend\src\services\aiService.ts:195:20)
    at async DesignController.generate (C:\Users\khade\OneDrive\Placment\Final Year VD Project\backend\src\controllers\designController.ts:67:37)
2026-02-06 12:13:23 [error]: AxiosError: Request failed with status code 502
    at settle (file:///C:/Users/khade/OneDrive/Placment/Final%20Year%20VD%20Project/backend/node_modules/axios/lib/core/settle.js:19:12)
    at IncomingMessage.handleStreamEnd (file:///C:/Users/khade/OneDrive/Placment/Final%20Year%20VD%20Project/backend/node_modules/axios/lib/adapters/http.js:798:11)
    at IncomingMessage.emit (node:events:531:35)
    at endReadableNT (node:internal/streams/readable:1698:12)
    at process.processTicksAndRejections (node:internal/process/task_queues:90:21)
    at Axios.request (file:///C:/Users/khade/OneDrive/Placment/Final%20Year%20VD%20Project/backend/node_modules/axios/lib/core/Axios.js:45:41)
    at process.processTicksAndRejections (node:internal/process/task_queues:105:5)
    at async ImageService.downloadImage (C:\Users\khade\OneDrive\Placment\Final Year VD Project\backend\src\services\imageService.ts:162:34)
    at async <anonymous> (C:\Users\khade\OneDrive\Placment\Final Year VD Project\backend\src\services\aiService.ts:277:40)
    at async Promise.all (index 1)
    at async AIService.generateRoomRedesign (C:\Users\khade\OneDrive\Placment\Final Year VD Project\backend\src\services\aiService.ts:195:20)
    at async DesignController.generate (C:\Users\khade\OneDrive\Placment\Final Year VD Project\backend\src\controllers\designController.ts:67:37)
2026-02-06 12:13:23 [error]: AxiosError: Request failed with status code 502
    at settle (file:///C:/Users/khade/OneDrive/Placment/Final%20Year%20VD%20Project/backend/node_modules/axios/lib/core/settle.js:19:12)
    at IncomingMessage.handleStreamEnd (file:///C:/Users/khade/OneDrive/Placment/Final%20Year%20VD%20Project/backend/node_modules/axios/lib/adapters/http.js:798:11)
    at IncomingMessage.emit (node:events:531:35)
    at endReadableNT (node:internal/streams/readable:1698:12)
    at process.processTicksAndRejections (node:internal/process/task_queues:90:21)
    at Axios.request (file:///C:/Users/khade/OneDrive/Placment/Final%20Year%20VD%20Project/backend/node_modules/axios/lib/core/Axios.js:45:41)
    at process.processTicksAndRejections (node:internal/process/task_queues:105:5)
    at async ImageService.downloadImage (C:\Users\khade\OneDrive\Placment\Final Year VD Project\backend\src\services\imageService.ts:162:34)
    at async <anonymous> (C:\Users\khade\OneDrive\Placment\Final Year VD Project\backend\src\services\aiService.ts:277:40)
    at async Promise.all (index 2)
    at async AIService.generateRoomRedesign (C:\Users\khade\OneDrive\Placment\Final Year VD Project\backend\src\services\aiService.ts:195:20)
    at async DesignController.generate (C:\Users\khade\OneDrive\Placment\Final Year VD Project\backend\src\controllers\designController.ts:67:37)
2026-02-06 12:13:23 [error]: AxiosError: Request failed with status code 502
    at settle (file:///C:/Users/khade/OneDrive/Placment/Final%20Year%20VD%20Project/backend/node_modules/axios/lib/core/settle.js:19:12)
    at IncomingMessage.handleStreamEnd (file:///C:/Users/khade/OneDrive/Placment/Final%20Year%20VD%20Project/backend/node_modules/axios/lib/adapters/http.js:798:11)
    at IncomingMessage.emit (node:events:531:35)
    at endReadableNT (node:internal/streams/readable:1698:12)
    at process.processTicksAndRejections (node:internal/process/task_queues:90:21)
    at Axios.request (file:///C:/Users/khade/OneDrive/Placment/Final%20Year%20VD%20Project/backend/node_modules/axios/lib/core/Axios.js:45:41)
    at process.processTicksAndRejections (node:internal/process/task_queues:105:5)
    at async ImageService.downloadImage (C:\Users\khade\OneDrive\Placment\Final Year VD Project\backend\src\services\imageService.ts:162:34)
    at async <anonymous> (C:\Users\khade\OneDrive\Placment\Final Year VD Project\backend\src\services\aiService.ts:277:40)
    at async Promise.all (index 2)
    at async AIService.generateRoomRedesign (C:\Users\khade\OneDrive\Placment\Final Year VD Project\backend\src\services\aiService.ts:195:20)
    at async DesignController.generate (C:\Users\khade\OneDrive\Placment\Final Year VD Project\backend\src\controllers\designController.ts:67:37)
2026-02-06 12:13:23 [error]: AxiosError: Request failed with status code 502
    at settle (file:///C:/Users/khade/OneDrive/Placment/Final%20Year%20VD%20Project/backend/node_modules/axios/lib/core/settle.js:19:12)
    at IncomingMessage.handleStreamEnd (file:///C:/Users/khade/OneDrive/Placment/Final%20Year%20VD%20Project/backend/node_modules/axios/lib/adapters/http.js:798:11)
    at IncomingMessage.emit (node:events:531:35)
    at endReadableNT (node:internal/streams/readable:1698:12)
    at process.processTicksAndRejections (node:internal/process/task_queues:90:21)
    at Axios.request (file:///C:/Users/khade/OneDrive/Placment/Final%20Year%20VD%20Project/backend/node_modules/axios/lib/core/Axios.js:45:41)
    at process.processTicksAndRejections (node:internal/process/task_queues:105:5)
    at async ImageService.downloadImage (C:\Users\khade\OneDrive\Placment\Final Year VD Project\backend\src\services\imageService.ts:162:34)
    at async <anonymous> (C:\Users\khade\OneDrive\Placment\Final Year VD Project\backend\src\services\aiService.ts:277:40)
    at async Promise.all (index 0)
    at async AIService.generateRoomRedesign (C:\Users\khade\OneDrive\Placment\Final Year VD Project\backend\src\services\aiService.ts:195:20)
    at async DesignController.generate (C:\Users\khade\OneDrive\Placment\Final Year VD Project\backend\src\controllers\designController.ts:67:37)
2026-02-06 12:13:23 [error]: AxiosError: Request failed with status code 502
    at settle (file:///C:/Users/khade/OneDrive/Placment/Final%20Year%20VD%20Project/backend/node_modules/axios/lib/core/settle.js:19:12)
    at IncomingMessage.handleStreamEnd (file:///C:/Users/khade/OneDrive/Placment/Final%20Year%20VD%20Project/backend/node_modules/axios/lib/adapters/http.js:798:11)
    at IncomingMessage.emit (node:events:531:35)
    at endReadableNT (node:internal/streams/readable:1698:12)
    at process.processTicksAndRejections (node:internal/process/task_queues:90:21)
    at Axios.request (file:///C:/Users/khade/OneDrive/Placment/Final%20Year%20VD%20Project/backend/node_modules/axios/lib/core/Axios.js:45:41)
    at process.processTicksAndRejections (node:internal/process/task_queues:105:5)
    at async ImageService.downloadImage (C:\Users\khade\OneDrive\Placment\Final Year VD Project\backend\src\services\imageService.ts:162:34)
    at async <anonymous> (C:\Users\khade\OneDrive\Placment\Final Year VD Project\backend\src\services\aiService.ts:277:40)
    at async Promise.all (index 0)
    at async AIService.generateRoomRedesign (C:\Users\khade\OneDrive\Placment\Final Year VD Project\backend\src\services\aiService.ts:195:20)
    at async DesignController.generate (C:\Users\khade\OneDrive\Placment\Final Year VD Project\backend\src\controllers\designController.ts:67:37)
2026-02-06 12:13:28 [error]: AxiosError: Request failed with status code 502
    at settle (file:///C:/Users/khade/OneDrive/Placment/Final%20Year%20VD%20Project/backend/node_modules/axios/lib/core/settle.js:19:12)
    at IncomingMessage.handleStreamEnd (file:///C:/Users/khade/OneDrive/Placment/Final%20Year%20VD%20Project/backend/node_modules/axios/lib/adapters/http.js:798:11)
    at IncomingMessage.emit (node:events:531:35)
    at endReadableNT (node:internal/streams/readable:1698:12)
    at process.processTicksAndRejections (node:internal/process/task_queues:90:21)
    at Axios.request (file:///C:/Users/khade/OneDrive/Placment/Final%20Year%20VD%20Project/backend/node_modules/axios/lib/core/Axios.js:45:41)
    at process.processTicksAndRejections (node:internal/process/task_queues:105:5)
    at async ImageService.downloadImage (C:\Users\khade\OneDrive\Placment\Final Year VD Project\backend\src\services\imageService.ts:162:34)
    at async <anonymous> (C:\Users\khade\OneDrive\Placment\Final Year VD Project\backend\src\services\aiService.ts:277:40)
    at async Promise.all (index 1)
    at async AIService.generateRoomRedesign (C:\Users\khade\OneDrive\Placment\Final Year VD Project\backend\src\services\aiService.ts:195:20)
    at async DesignController.generate (C:\Users\khade\OneDrive\Placment\Final Year VD Project\backend\src\controllers\designController.ts:67:37)
2026-02-06 12:13:28 [error]: AxiosError: Request failed with status code 502
    at settle (file:///C:/Users/khade/OneDrive/Placment/Final%20Year%20VD%20Project/backend/node_modules/axios/lib/core/settle.js:19:12)
    at IncomingMessage.handleStreamEnd (file:///C:/Users/khade/OneDrive/Placment/Final%20Year%20VD%20Project/backend/node_modules/axios/lib/adapters/http.js:798:11)
    at IncomingMessage.emit (node:events:531:35)
    at endReadableNT (node:internal/streams/readable:1698:12)
    at process.processTicksAndRejections (node:internal/process/task_queues:90:21)
    at Axios.request (file:///C:/Users/khade/OneDrive/Placment/Final%20Year%20VD%20Project/backend/node_modules/axios/lib/core/Axios.js:45:41)
    at process.processTicksAndRejections (node:internal/process/task_queues:105:5)
    at async ImageService.downloadImage (C:\Users\khade\OneDrive\Placment\Final Year VD Project\backend\src\services\imageService.ts:162:34)
    at async <anonymous> (C:\Users\khade\OneDrive\Placment\Final Year VD Project\backend\src\services\aiService.ts:277:40)
    at async Promise.all (index 2)
    at async AIService.generateRoomRedesign (C:\Users\khade\OneDrive\Placment\Final Year VD Project\backend\src\services\aiService.ts:195:20)
    at async DesignController.generate (C:\Users\khade\OneDrive\Placment\Final Year VD Project\backend\src\controllers\designController.ts:67:37)
2026-02-06 12:13:28 [error]: AxiosError: Request failed with status code 502
    at settle (file:///C:/Users/khade/OneDrive/Placment/Final%20Year%20VD%20Project/backend/node_modules/axios/lib/core/settle.js:19:12)
    at IncomingMessage.handleStreamEnd (file:///C:/Users/khade/OneDrive/Placment/Final%20Year%20VD%20Project/backend/node_modules/axios/lib/adapters/http.js:798:11)
    at IncomingMessage.emit (node:events:531:35)
    at endReadableNT (node:internal/streams/readable:1698:12)
    at process.processTicksAndRejections (node:internal/process/task_queues:90:21)
    at Axios.request (file:///C:/Users/khade/OneDrive/Placment/Final%20Year%20VD%20Project/backend/node_modules/axios/lib/core/Axios.js:45:41)
    at process.processTicksAndRejections (node:internal/process/task_queues:105:5)
    at async ImageService.downloadImage (C:\Users\khade\OneDrive\Placment\Final Year VD Project\backend\src\services\imageService.ts:162:34)
    at async <anonymous> (C:\Users\khade\OneDrive\Placment\Final Year VD Project\backend\src\services\aiService.ts:277:40)
    at async Promise.all (index 1)
    at async AIService.generateRoomRedesign (C:\Users\khade\OneDrive\Placment\Final Year VD Project\backend\src\services\aiService.ts:195:20)
    at async DesignController.generate (C:\Users\khade\OneDrive\Placment\Final Year VD Project\backend\src\controllers\designController.ts:67:37)
2026-02-06 12:13:28 [error]: AxiosError: Request failed with status code 502
    at settle (file:///C:/Users/khade/OneDrive/Placment/Final%20Year%20VD%20Project/backend/node_modules/axios/lib/core/settle.js:19:12)
    at IncomingMessage.handleStreamEnd (file:///C:/Users/khade/OneDrive/Placment/Final%20Year%20VD%20Project/backend/node_modules/axios/lib/adapters/http.js:798:11)
    at IncomingMessage.emit (node:events:531:35)
    at endReadableNT (node:internal/streams/readable:1698:12)
    at process.processTicksAndRejections (node:internal/process/task_queues:90:21)
    at Axios.request (file:///C:/Users/khade/OneDrive/Placment/Final%20Year%20VD%20Project/backend/node_modules/axios/lib/core/Axios.js:45:41)
    at process.processTicksAndRejections (node:internal/process/task_queues:105:5)
    at async ImageService.downloadImage (C:\Users\khade\OneDrive\Placment\Final Year VD Project\backend\src\services\imageService.ts:162:34)
    at async <anonymous> (C:\Users\khade\OneDrive\Placment\Final Year VD Project\backend\src\services\aiService.ts:277:40)
    at async Promise.all (index 2)
    at async AIService.generateRoomRedesign (C:\Users\khade\OneDrive\Placment\Final Year VD Project\backend\src\services\aiService.ts:195:20)
    at async DesignController.generate (C:\Users\khade\OneDrive\Placment\Final Year VD Project\backend\src\controllers\designController.ts:67:37)
2026-02-06 12:13:28 [error]: AxiosError: Request failed with status code 502
    at settle (file:///C:/Users/khade/OneDrive/Placment/Final%20Year%20VD%20Project/backend/node_modules/axios/lib/core/settle.js:19:12)
    at IncomingMessage.handleStreamEnd (file:///C:/Users/khade/OneDrive/Placment/Final%20Year%20VD%20Project/backend/node_modules/axios/lib/adapters/http.js:798:11)
    at IncomingMessage.emit (node:events:531:35)
    at endReadableNT (node:internal/streams/readable:1698:12)
    at process.processTicksAndRejections (node:internal/process/task_queues:90:21)
    at Axios.request (file:///C:/Users/khade/OneDrive/Placment/Final%20Year%20VD%20Project/backend/node_modules/axios/lib/core/Axios.js:45:41)
    at process.processTicksAndRejections (node:internal/process/task_queues:105:5)
    at async ImageService.downloadImage (C:\Users\khade\OneDrive\Placment\Final Year VD Project\backend\src\services\imageService.ts:162:34)
    at async <anonymous> (C:\Users\khade\OneDrive\Placment\Final Year VD Project\backend\src\services\aiService.ts:277:40)
    at async Promise.all (index 0)
    at async AIService.generateRoomRedesign (C:\Users\khade\OneDrive\Placment\Final Year VD Project\backend\src\services\aiService.ts:195:20)
    at async DesignController.generate (C:\Users\khade\OneDrive\Placment\Final Year VD Project\backend\src\controllers\designController.ts:67:37)
2026-02-06 12:13:28 [error]: AxiosError: Request failed with status code 502
    at settle (file:///C:/Users/khade/OneDrive/Placment/Final%20Year%20VD%20Project/backend/node_modules/axios/lib/core/settle.js:19:12)
    at IncomingMessage.handleStreamEnd (file:///C:/Users/khade/OneDrive/Placment/Final%20Year%20VD%20Project/backend/node_modules/axios/lib/adapters/http.js:798:11)
    at IncomingMessage.emit (node:events:531:35)
    at endReadableNT (node:internal/streams/readable:1698:12)
    at process.processTicksAndRejections (node:internal/process/task_queues:90:21)
    at Axios.request (file:///C:/Users/khade/OneDrive/Placment/Final%20Year%20VD%20Project/backend/node_modules/axios/lib/core/Axios.js:45:41)
    at process.processTicksAndRejections (node:internal/process/task_queues:105:5)
    at async ImageService.downloadImage (C:\Users\khade\OneDrive\Placment\Final Year VD Project\backend\src\services\imageService.ts:162:34)
    at async <anonymous> (C:\Users\khade\OneDrive\Placment\Final Year VD Project\backend\src\services\aiService.ts:277:40)
    at async Promise.all (index 0)
    at async AIService.generateRoomRedesign (C:\Users\khade\OneDrive\Placment\Final Year VD Project\backend\src\services\aiService.ts:195:20)
    at async DesignController.generate (C:\Users\khade\OneDrive\Placment\Final Year VD Project\backend\src\controllers\designController.ts:67:37)
2026-02-06 12:13:29 [error]: Proxy failed for https://image.pollinations.ai/prompt/equirectangular%20360%20panorama%2C%20wide%20angle%20interior%20photography%2C%20Luxury%20Kitchen%2C%20center%20of%20the%20Kitchen.%20high%20detail%2C%20photorealistic%2C%208k%20resolution%2C%20cinematic%20lighting%2C%20ultrarealistic%20textures%2C%20architecture%20visualization..%20Negative%20blurry%2C%20distorted%2C%20watermark%2C%20bad%20perspective%2C%20floating%20objects%2C%20people%2C%20humans%2C%20animals%2C%20text%2C%20low%20quality%2C%20fisheye%20effect%20with%20black%20corners?width=2048&height=1024&nologo=true&seed=2212&model=flux:
2026-02-06 12:13:32 [error]: Proxy failed for https://image.pollinations.ai/prompt/equirectangular%20360%20panorama%2C%20wide%20angle%20interior%20photography%2C%20Luxury%20Kitchen%2C%20center%20of%20the%20Kitchen.%20high%20detail%2C%20photorealistic%2C%208k%20resolution%2C%20cinematic%20lighting%2C%20ultrarealistic%20textures%2C%20architecture%20visualization..%20Negative%20blurry%2C%20distorted%2C%20watermark%2C%20bad%20perspective%2C%20floating%20objects%2C%20people%2C%20humans%2C%20animals%2C%20text%2C%20low%20quality%2C%20fisheye%20effect%20with%20black%20corners?width=2048&height=1024&nologo=true&seed=2212&model=flux:
2026-02-06 12:13:34 [error]: Proxy failed for https://image.pollinations.ai/prompt/equirectangular%20360%20panorama%2C%20wide%20angle%20interior%20photography%2C%20Luxury%20Kitchen%2C%20center%20of%20the%20Kitchen.%20high%20detail%2C%20photorealistic%2C%208k%20resolution%2C%20cinematic%20lighting%2C%20ultrarealistic%20textures%2C%20architecture%20visualization..%20Negative%20blurry%2C%20distorted%2C%20watermark%2C%20bad%20perspective%2C%20floating%20objects%2C%20people%2C%20humans%2C%20animals%2C%20text%2C%20low%20quality%2C%20fisheye%20effect%20with%20black%20corners?width=2048&height=1024&nologo=true&seed=2212&model=flux:
2026-02-06 12:13:35 [error]: Proxy failed for http://localhost:3001/api/proxy?url=https%3A%2F%2Fimage.pollinations.ai%2Fprompt%2Fequirectangular%2520360%2520panorama%252C%2520wide%2520angle%2520interior%2520photography%252C%2520Luxury%2520Kitchen%252C%2520center%2520of%2520the%2520Kitchen.%2520high%2520detail%252C%2520photorealistic%252C%25208k%2520resolution%252C%2520cinematic%2520lighting%252C%2520ultrarealistic%2520textures%252C%2520architecture%2520visualization..%2520Negative%2520blurry%252C%2520distorted%252C%2520watermark%252C%2520bad%2520perspective%252C%2520floating%2520objects%252C%2520people%252C%2520humans%252C%2520animals%252C%2520text%252C%2520low%2520quality%252C%2520fisheye%2520effect%2520with%2520black%2520corners%3Fwidth%3D2048%26height%3D1024%26nologo%3Dtrue%26seed%3D2212%26model%3Dflux:
2026-02-06 12:13:42 [error]: Proxy failed for https://image.pollinations.ai/prompt/equirectangular%20360%20panorama%2C%20wide%20angle%20interior%20photography%2C%20Luxury%20Kitchen%2C%20center%20of%20the%20Kitchen.%20high%20detail%2C%20photorealistic%2C%208k%20resolution%2C%20cinematic%20lighting%2C%20ultrarealistic%20textures%2C%20architecture%20visualization..%20Negative%20blurry%2C%20distorted%2C%20watermark%2C%20bad%20perspective%2C%20floating%20objects%2C%20people%2C%20humans%2C%20animals%2C%20text%2C%20low%20quality%2C%20fisheye%20effect%20with%20black%20corners?width=2048&height=1024&nologo=true&seed=2212&model=flux:
2026-02-06 12:13:42 [error]: Proxy failed for http://localhost:3001/api/proxy?url=https%3A%2F%2Fimage.pollinations.ai%2Fprompt%2Fequirectangular%2520360%2520panorama%252C%2520wide%2520angle%2520interior%2520photography%252C%2520Luxury%2520Kitchen%252C%2520center%2520of%2520the%2520Kitchen.%2520high%2520detail%252C%2520photorealistic%252C%25208k%2520resolution%252C%2520cinematic%2520lighting%252C%2520ultrarealistic%2520textures%252C%2520architecture%2520visualization..%2520Negative%2520blurry%252C%2520distorted%252C%2520watermark%252C%2520bad%2520perspective%252C%2520floating%2520objects%252C%2520people%252C%2520humans%252C%2520animals%252C%2520text%252C%2520low%2520quality%252C%2520fisheye%2520effect%2520with%2520black%2520corners%3Fwidth%3D2048%26height%3D1024%26nologo%3Dtrue%26seed%3D2212%26model%3Dflux:
2026-02-06 12:21:15 [error]: AxiosError: Request failed with status code 502
    at settle (file:///C:/Users/khade/OneDrive/Placment/Final%20Year%20VD%20Project/backend/node_modules/axios/lib/core/settle.js:19:12)
    at IncomingMessage.handleStreamEnd (file:///C:/Users/khade/OneDrive/Placment/Final%20Year%20VD%20Project/backend/node_modules/axios/lib/adapters/http.js:798:11)
    at IncomingMessage.emit (node:events:531:35)
    at endReadableNT (node:internal/streams/readable:1698:12)
    at process.processTicksAndRejections (node:internal/process/task_queues:90:21)
    at Axios.request (file:///C:/Users/khade/OneDrive/Placment/Final%20Year%20VD%20Project/backend/node_modules/axios/lib/core/Axios.js:45:41)
    at process.processTicksAndRejections (node:internal/process/task_queues:105:5)
    at async ImageService.downloadImage (C:\Users\khade\OneDrive\Placment\Final Year VD Project\backend\src\services\imageService.ts:162:34)
    at async <anonymous> (C:\Users\khade\OneDrive\Placment\Final Year VD Project\backend\src\services\aiService.ts:277:40)
    at async Promise.all (index 1)
    at async AIService.generateRoomRedesign (C:\Users\khade\OneDrive\Placment\Final Year VD Project\backend\src\services\aiService.ts:195:20)
    at async DesignController.generate (C:\Users\khade\OneDrive\Placment\Final Year VD Project\backend\src\controllers\designController.ts:67:37)
2026-02-06 12:21:15 [error]: AxiosError: Request failed with status code 502
    at settle (file:///C:/Users/khade/OneDrive/Placment/Final%20Year%20VD%20Project/backend/node_modules/axios/lib/core/settle.js:19:12)
    at IncomingMessage.handleStreamEnd (file:///C:/Users/khade/OneDrive/Placment/Final%20Year%20VD%20Project/backend/node_modules/axios/lib/adapters/http.js:798:11)
    at IncomingMessage.emit (node:events:531:35)
    at endReadableNT (node:internal/streams/readable:1698:12)
    at process.processTicksAndRejections (node:internal/process/task_queues:90:21)
    at Axios.request (file:///C:/Users/khade/OneDrive/Placment/Final%20Year%20VD%20Project/backend/node_modules/axios/lib/core/Axios.js:45:41)
    at process.processTicksAndRejections (node:internal/process/task_queues:105:5)
    at async ImageService.downloadImage (C:\Users\khade\OneDrive\Placment\Final Year VD Project\backend\src\services\imageService.ts:162:34)
    at async <anonymous> (C:\Users\khade\OneDrive\Placment\Final Year VD Project\backend\src\services\aiService.ts:277:40)
    at async Promise.all (index 2)
    at async AIService.generateRoomRedesign (C:\Users\khade\OneDrive\Placment\Final Year VD Project\backend\src\services\aiService.ts:195:20)
    at async DesignController.generate (C:\Users\khade\OneDrive\Placment\Final Year VD Project\backend\src\controllers\designController.ts:67:37)
2026-02-06 12:21:15 [error]: AxiosError: Request failed with status code 502
    at settle (file:///C:/Users/khade/OneDrive/Placment/Final%20Year%20VD%20Project/backend/node_modules/axios/lib/core/settle.js:19:12)
    at IncomingMessage.handleStreamEnd (file:///C:/Users/khade/OneDrive/Placment/Final%20Year%20VD%20Project/backend/node_modules/axios/lib/adapters/http.js:798:11)
    at IncomingMessage.emit (node:events:531:35)
    at endReadableNT (node:internal/streams/readable:1698:12)
    at process.processTicksAndRejections (node:internal/process/task_queues:90:21)
    at Axios.request (file:///C:/Users/khade/OneDrive/Placment/Final%20Year%20VD%20Project/backend/node_modules/axios/lib/core/Axios.js:45:41)
    at process.processTicksAndRejections (node:internal/process/task_queues:105:5)
    at async ImageService.downloadImage (C:\Users\khade\OneDrive\Placment\Final Year VD Project\backend\src\services\imageService.ts:162:34)
    at async <anonymous> (C:\Users\khade\OneDrive\Placment\Final Year VD Project\backend\src\services\aiService.ts:277:40)
    at async Promise.all (index 1)
    at async AIService.generateRoomRedesign (C:\Users\khade\OneDrive\Placment\Final Year VD Project\backend\src\services\aiService.ts:195:20)
    at async DesignController.generate (C:\Users\khade\OneDrive\Placment\Final Year VD Project\backend\src\controllers\designController.ts:67:37)
2026-02-06 12:21:16 [error]: AxiosError: Request failed with status code 502
    at settle (file:///C:/Users/khade/OneDrive/Placment/Final%20Year%20VD%20Project/backend/node_modules/axios/lib/core/settle.js:19:12)
    at IncomingMessage.handleStreamEnd (file:///C:/Users/khade/OneDrive/Placment/Final%20Year%20VD%20Project/backend/node_modules/axios/lib/adapters/http.js:798:11)
    at IncomingMessage.emit (node:events:531:35)
    at endReadableNT (node:internal/streams/readable:1698:12)
    at process.processTicksAndRejections (node:internal/process/task_queues:90:21)
    at Axios.request (file:///C:/Users/khade/OneDrive/Placment/Final%20Year%20VD%20Project/backend/node_modules/axios/lib/core/Axios.js:45:41)
    at process.processTicksAndRejections (node:internal/process/task_queues:105:5)
    at async ImageService.downloadImage (C:\Users\khade\OneDrive\Placment\Final Year VD Project\backend\src\services\imageService.ts:162:34)
    at async <anonymous> (C:\Users\khade\OneDrive\Placment\Final Year VD Project\backend\src\services\aiService.ts:277:40)
    at async Promise.all (index 2)
    at async AIService.generateRoomRedesign (C:\Users\khade\OneDrive\Placment\Final Year VD Project\backend\src\services\aiService.ts:195:20)
    at async DesignController.generate (C:\Users\khade\OneDrive\Placment\Final Year VD Project\backend\src\controllers\designController.ts:67:37)
2026-02-06 12:21:16 [error]: AxiosError: Request failed with status code 502
    at settle (file:///C:/Users/khade/OneDrive/Placment/Final%20Year%20VD%20Project/backend/node_modules/axios/lib/core/settle.js:19:12)
    at IncomingMessage.handleStreamEnd (file:///C:/Users/khade/OneDrive/Placment/Final%20Year%20VD%20Project/backend/node_modules/axios/lib/adapters/http.js:798:11)
    at IncomingMessage.emit (node:events:531:35)
    at endReadableNT (node:internal/streams/readable:1698:12)
    at process.processTicksAndRejections (node:internal/process/task_queues:90:21)
    at Axios.request (file:///C:/Users/khade/OneDrive/Placment/Final%20Year%20VD%20Project/backend/node_modules/axios/lib/core/Axios.js:45:41)
    at process.processTicksAndRejections (node:internal/process/task_queues:105:5)
    at async ImageService.downloadImage (C:\Users\khade\OneDrive\Placment\Final Year VD Project\backend\src\services\imageService.ts:162:34)
    at async <anonymous> (C:\Users\khade\OneDrive\Placment\Final Year VD Project\backend\src\services\aiService.ts:277:40)
    at async Promise.all (index 0)
    at async AIService.generateRoomRedesign (C:\Users\khade\OneDrive\Placment\Final Year VD Project\backend\src\services\aiService.ts:195:20)
    at async DesignController.generate (C:\Users\khade\OneDrive\Placment\Final Year VD Project\backend\src\controllers\designController.ts:67:37)
2026-02-06 12:21:16 [error]: AxiosError: Request failed with status code 502
    at settle (file:///C:/Users/khade/OneDrive/Placment/Final%20Year%20VD%20Project/backend/node_modules/axios/lib/core/settle.js:19:12)
    at IncomingMessage.handleStreamEnd (file:///C:/Users/khade/OneDrive/Placment/Final%20Year%20VD%20Project/backend/node_modules/axios/lib/adapters/http.js:798:11)
    at IncomingMessage.emit (node:events:531:35)
    at endReadableNT (node:internal/streams/readable:1698:12)
    at process.processTicksAndRejections (node:internal/process/task_queues:90:21)
    at Axios.request (file:///C:/Users/khade/OneDrive/Placment/Final%20Year%20VD%20Project/backend/node_modules/axios/lib/core/Axios.js:45:41)
    at process.processTicksAndRejections (node:internal/process/task_queues:105:5)
    at async ImageService.downloadImage (C:\Users\khade\OneDrive\Placment\Final Year VD Project\backend\src\services\imageService.ts:162:34)
    at async <anonymous> (C:\Users\khade\OneDrive\Placment\Final Year VD Project\backend\src\services\aiService.ts:277:40)
    at async Promise.all (index 0)
    at async AIService.generateRoomRedesign (C:\Users\khade\OneDrive\Placment\Final Year VD Project\backend\src\services\aiService.ts:195:20)
    at async DesignController.generate (C:\Users\khade\OneDrive\Placment\Final Year VD Project\backend\src\controllers\designController.ts:67:37)
2026-02-06 12:21:18 [error]: AxiosError: Request failed with status code 502
    at settle (file:///C:/Users/khade/OneDrive/Placment/Final%20Year%20VD%20Project/backend/node_modules/axios/lib/core/settle.js:19:12)
    at IncomingMessage.handleStreamEnd (file:///C:/Users/khade/OneDrive/Placment/Final%20Year%20VD%20Project/backend/node_modules/axios/lib/adapters/http.js:798:11)
    at IncomingMessage.emit (node:events:531:35)
    at endReadableNT (node:internal/streams/readable:1698:12)
    at process.processTicksAndRejections (node:internal/process/task_queues:90:21)
    at Axios.request (file:///C:/Users/khade/OneDrive/Placment/Final%20Year%20VD%20Project/backend/node_modules/axios/lib/core/Axios.js:45:41)
    at process.processTicksAndRejections (node:internal/process/task_queues:105:5)
    at async ImageService.downloadImage (C:\Users\khade\OneDrive\Placment\Final Year VD Project\backend\src\services\imageService.ts:162:34)
    at async <anonymous> (C:\Users\khade\OneDrive\Placment\Final Year VD Project\backend\src\services\aiService.ts:277:40)
    at async Promise.all (index 1)
    at async AIService.generateRoomRedesign (C:\Users\khade\OneDrive\Placment\Final Year VD Project\backend\src\services\aiService.ts:195:20)
    at async DesignController.generate (C:\Users\khade\OneDrive\Placment\Final Year VD Project\backend\src\controllers\designController.ts:67:37)
2026-02-06 12:21:18 [error]: AxiosError: Request failed with status code 502
    at settle (file:///C:/Users/khade/OneDrive/Placment/Final%20Year%20VD%20Project/backend/node_modules/axios/lib/core/settle.js:19:12)
    at IncomingMessage.handleStreamEnd (file:///C:/Users/khade/OneDrive/Placment/Final%20Year%20VD%20Project/backend/node_modules/axios/lib/adapters/http.js:798:11)
    at IncomingMessage.emit (node:events:531:35)
    at endReadableNT (node:internal/streams/readable:1698:12)
    at process.processTicksAndRejections (node:internal/process/task_queues:90:21)
    at Axios.request (file:///C:/Users/khade/OneDrive/Placment/Final%20Year%20VD%20Project/backend/node_modules/axios/lib/core/Axios.js:45:41)
    at process.processTicksAndRejections (node:internal/process/task_queues:105:5)
    at async ImageService.downloadImage (C:\Users\khade\OneDrive\Placment\Final Year VD Project\backend\src\services\imageService.ts:162:34)
    at async <anonymous> (C:\Users\khade\OneDrive\Placment\Final Year VD Project\backend\src\services\aiService.ts:277:40)
    at async Promise.all (index 2)
    at async AIService.generateRoomRedesign (C:\Users\khade\OneDrive\Placment\Final Year VD Project\backend\src\services\aiService.ts:195:20)
    at async DesignController.generate (C:\Users\khade\OneDrive\Placment\Final Year VD Project\backend\src\controllers\designController.ts:67:37)
2026-02-06 12:21:18 [error]: AxiosError: Request failed with status code 502
    at settle (file:///C:/Users/khade/OneDrive/Placment/Final%20Year%20VD%20Project/backend/node_modules/axios/lib/core/settle.js:19:12)
    at IncomingMessage.handleStreamEnd (file:///C:/Users/khade/OneDrive/Placment/Final%20Year%20VD%20Project/backend/node_modules/axios/lib/adapters/http.js:798:11)
    at IncomingMessage.emit (node:events:531:35)
    at endReadableNT (node:internal/streams/readable:1698:12)
    at process.processTicksAndRejections (node:internal/process/task_queues:90:21)
    at Axios.request (file:///C:/Users/khade/OneDrive/Placment/Final%20Year%20VD%20Project/backend/node_modules/axios/lib/core/Axios.js:45:41)
    at process.processTicksAndRejections (node:internal/process/task_queues:105:5)
    at async ImageService.downloadImage (C:\Users\khade\OneDrive\Placment\Final Year VD Project\backend\src\services\imageService.ts:162:34)
    at async <anonymous> (C:\Users\khade\OneDrive\Placment\Final Year VD Project\backend\src\services\aiService.ts:277:40)
    at async Promise.all (index 1)
    at async AIService.generateRoomRedesign (C:\Users\khade\OneDrive\Placment\Final Year VD Project\backend\src\services\aiService.ts:195:20)
    at async DesignController.generate (C:\Users\khade\OneDrive\Placment\Final Year VD Project\backend\src\controllers\designController.ts:67:37)
2026-02-06 12:21:18 [error]: AxiosError: Request failed with status code 502
    at settle (file:///C:/Users/khade/OneDrive/Placment/Final%20Year%20VD%20Project/backend/node_modules/axios/lib/core/settle.js:19:12)
    at IncomingMessage.handleStreamEnd (file:///C:/Users/khade/OneDrive/Placment/Final%20Year%20VD%20Project/backend/node_modules/axios/lib/adapters/http.js:798:11)
    at IncomingMessage.emit (node:events:531:35)
    at endReadableNT (node:internal/streams/readable:1698:12)
    at process.processTicksAndRejections (node:internal/process/task_queues:90:21)
    at Axios.request (file:///C:/Users/khade/OneDrive/Placment/Final%20Year%20VD%20Project/backend/node_modules/axios/lib/core/Axios.js:45:41)
    at process.processTicksAndRejections (node:internal/process/task_queues:105:5)
    at async ImageService.downloadImage (C:\Users\khade\OneDrive\Placment\Final Year VD Project\backend\src\services\imageService.ts:162:34)
    at async <anonymous> (C:\Users\khade\OneDrive\Placment\Final Year VD Project\backend\src\services\aiService.ts:277:40)
    at async Promise.all (index 2)
    at async AIService.generateRoomRedesign (C:\Users\khade\OneDrive\Placment\Final Year VD Project\backend\src\services\aiService.ts:195:20)
    at async DesignController.generate (C:\Users\khade\OneDrive\Placment\Final Year VD Project\backend\src\controllers\designController.ts:67:37)
2026-02-06 12:21:19 [error]: AxiosError: Request failed with status code 502
    at settle (file:///C:/Users/khade/OneDrive/Placment/Final%20Year%20VD%20Project/backend/node_modules/axios/lib/core/settle.js:19:12)
    at IncomingMessage.handleStreamEnd (file:///C:/Users/khade/OneDrive/Placment/Final%20Year%20VD%20Project/backend/node_modules/axios/lib/adapters/http.js:798:11)
    at IncomingMessage.emit (node:events:531:35)
    at endReadableNT (node:internal/streams/readable:1698:12)
    at process.processTicksAndRejections (node:internal/process/task_queues:90:21)
    at Axios.request (file:///C:/Users/khade/OneDrive/Placment/Final%20Year%20VD%20Project/backend/node_modules/axios/lib/core/Axios.js:45:41)
    at process.processTicksAndRejections (node:internal/process/task_queues:105:5)
    at async ImageService.downloadImage (C:\Users\khade\OneDrive\Placment\Final Year VD Project\backend\src\services\imageService.ts:162:34)
    at async <anonymous> (C:\Users\khade\OneDrive\Placment\Final Year VD Project\backend\src\services\aiService.ts:277:40)
    at async Promise.all (index 0)
    at async AIService.generateRoomRedesign (C:\Users\khade\OneDrive\Placment\Final Year VD Project\backend\src\services\aiService.ts:195:20)
    at async DesignController.generate (C:\Users\khade\OneDrive\Placment\Final Year VD Project\backend\src\controllers\designController.ts:67:37)
2026-02-06 12:21:19 [error]: AxiosError: Request failed with status code 502
    at settle (file:///C:/Users/khade/OneDrive/Placment/Final%20Year%20VD%20Project/backend/node_modules/axios/lib/core/settle.js:19:12)
    at IncomingMessage.handleStreamEnd (file:///C:/Users/khade/OneDrive/Placment/Final%20Year%20VD%20Project/backend/node_modules/axios/lib/adapters/http.js:798:11)
    at IncomingMessage.emit (node:events:531:35)
    at endReadableNT (node:internal/streams/readable:1698:12)
    at process.processTicksAndRejections (node:internal/process/task_queues:90:21)
    at Axios.request (file:///C:/Users/khade/OneDrive/Placment/Final%20Year%20VD%20Project/backend/node_modules/axios/lib/core/Axios.js:45:41)
    at process.processTicksAndRejections (node:internal/process/task_queues:105:5)
    at async ImageService.downloadImage (C:\Users\khade\OneDrive\Placment\Final Year VD Project\backend\src\services\imageService.ts:162:34)
    at async <anonymous> (C:\Users\khade\OneDrive\Placment\Final Year VD Project\backend\src\services\aiService.ts:277:40)
    at async Promise.all (index 0)
    at async AIService.generateRoomRedesign (C:\Users\khade\OneDrive\Placment\Final Year VD Project\backend\src\services\aiService.ts:195:20)
    at async DesignController.generate (C:\Users\khade\OneDrive\Placment\Final Year VD Project\backend\src\controllers\designController.ts:67:37)
2026-02-06 12:21:23 [error]: AxiosError: Request failed with status code 502
    at settle (file:///C:/Users/khade/OneDrive/Placment/Final%20Year%20VD%20Project/backend/node_modules/axios/lib/core/settle.js:19:12)
    at IncomingMessage.handleStreamEnd (file:///C:/Users/khade/OneDrive/Placment/Final%20Year%20VD%20Project/backend/node_modules/axios/lib/adapters/http.js:798:11)
    at IncomingMessage.emit (node:events:531:35)
    at endReadableNT (node:internal/streams/readable:1698:12)
    at process.processTicksAndRejections (node:internal/process/task_queues:90:21)
    at Axios.request (file:///C:/Users/khade/OneDrive/Placment/Final%20Year%20VD%20Project/backend/node_modules/axios/lib/core/Axios.js:45:41)
    at process.processTicksAndRejections (node:internal/process/task_queues:105:5)
    at async ImageService.downloadImage (C:\Users\khade\OneDrive\Placment\Final Year VD Project\backend\src\services\imageService.ts:162:34)
    at async <anonymous> (C:\Users\khade\OneDrive\Placment\Final Year VD Project\backend\src\services\aiService.ts:277:40)
    at async Promise.all (index 1)
    at async AIService.generateRoomRedesign (C:\Users\khade\OneDrive\Placment\Final Year VD Project\backend\src\services\aiService.ts:195:20)
    at async DesignController.generate (C:\Users\khade\OneDrive\Placment\Final Year VD Project\backend\src\controllers\designController.ts:67:37)
2026-02-06 12:21:23 [error]: AxiosError: Request failed with status code 502
    at settle (file:///C:/Users/khade/OneDrive/Placment/Final%20Year%20VD%20Project/backend/node_modules/axios/lib/core/settle.js:19:12)
    at IncomingMessage.handleStreamEnd (file:///C:/Users/khade/OneDrive/Placment/Final%20Year%20VD%20Project/backend/node_modules/axios/lib/adapters/http.js:798:11)
    at IncomingMessage.emit (node:events:531:35)
    at endReadableNT (node:internal/streams/readable:1698:12)
    at process.processTicksAndRejections (node:internal/process/task_queues:90:21)
    at Axios.request (file:///C:/Users/khade/OneDrive/Placment/Final%20Year%20VD%20Project/backend/node_modules/axios/lib/core/Axios.js:45:41)
    at process.processTicksAndRejections (node:internal/process/task_queues:105:5)
    at async ImageService.downloadImage (C:\Users\khade\OneDrive\Placment\Final Year VD Project\backend\src\services\imageService.ts:162:34)
    at async <anonymous> (C:\Users\khade\OneDrive\Placment\Final Year VD Project\backend\src\services\aiService.ts:277:40)
    at async Promise.all (index 2)
    at async AIService.generateRoomRedesign (C:\Users\khade\OneDrive\Placment\Final Year VD Project\backend\src\services\aiService.ts:195:20)
    at async DesignController.generate (C:\Users\khade\OneDrive\Placment\Final Year VD Project\backend\src\controllers\designController.ts:67:37)
2026-02-06 12:21:23 [error]: AxiosError: Request failed with status code 502
    at settle (file:///C:/Users/khade/OneDrive/Placment/Final%20Year%20VD%20Project/backend/node_modules/axios/lib/core/settle.js:19:12)
    at IncomingMessage.handleStreamEnd (file:///C:/Users/khade/OneDrive/Placment/Final%20Year%20VD%20Project/backend/node_modules/axios/lib/adapters/http.js:798:11)
    at IncomingMessage.emit (node:events:531:35)
    at endReadableNT (node:internal/streams/readable:1698:12)
    at process.processTicksAndRejections (node:internal/process/task_queues:90:21)
    at Axios.request (file:///C:/Users/khade/OneDrive/Placment/Final%20Year%20VD%20Project/backend/node_modules/axios/lib/core/Axios.js:45:41)
    at process.processTicksAndRejections (node:internal/process/task_queues:105:5)
    at async ImageService.downloadImage (C:\Users\khade\OneDrive\Placment\Final Year VD Project\backend\src\services\imageService.ts:162:34)
    at async <anonymous> (C:\Users\khade\OneDrive\Placment\Final Year VD Project\backend\src\services\aiService.ts:277:40)
    at async Promise.all (index 1)
    at async AIService.generateRoomRedesign (C:\Users\khade\OneDrive\Placment\Final Year VD Project\backend\src\services\aiService.ts:195:20)
    at async DesignController.generate (C:\Users\khade\OneDrive\Placment\Final Year VD Project\backend\src\controllers\designController.ts:67:37)
2026-02-06 12:21:23 [error]: AxiosError: Request failed with status code 502
    at settle (file:///C:/Users/khade/OneDrive/Placment/Final%20Year%20VD%20Project/backend/node_modules/axios/lib/core/settle.js:19:12)
    at IncomingMessage.handleStreamEnd (file:///C:/Users/khade/OneDrive/Placment/Final%20Year%20VD%20Project/backend/node_modules/axios/lib/adapters/http.js:798:11)
    at IncomingMessage.emit (node:events:531:35)
    at endReadableNT (node:internal/streams/readable:1698:12)
    at process.processTicksAndRejections (node:internal/process/task_queues:90:21)
    at Axios.request (file:///C:/Users/khade/OneDrive/Placment/Final%20Year%20VD%20Project/backend/node_modules/axios/lib/core/Axios.js:45:41)
    at process.processTicksAndRejections (node:internal/process/task_queues:105:5)
    at async ImageService.downloadImage (C:\Users\khade\OneDrive\Placment\Final Year VD Project\backend\src\services\imageService.ts:162:34)
    at async <anonymous> (C:\Users\khade\OneDrive\Placment\Final Year VD Project\backend\src\services\aiService.ts:277:40)
    at async Promise.all (index 2)
    at async AIService.generateRoomRedesign (C:\Users\khade\OneDrive\Placment\Final Year VD Project\backend\src\services\aiService.ts:195:20)
    at async DesignController.generate (C:\Users\khade\OneDrive\Placment\Final Year VD Project\backend\src\controllers\designController.ts:67:37)
2026-02-06 12:21:23 [error]: AxiosError: Request failed with status code 502
    at settle (file:///C:/Users/khade/OneDrive/Placment/Final%20Year%20VD%20Project/backend/node_modules/axios/lib/core/settle.js:19:12)
    at IncomingMessage.handleStreamEnd (file:///C:/Users/khade/OneDrive/Placment/Final%20Year%20VD%20Project/backend/node_modules/axios/lib/adapters/http.js:798:11)
    at IncomingMessage.emit (node:events:531:35)
    at endReadableNT (node:internal/streams/readable:1698:12)
    at process.processTicksAndRejections (node:internal/process/task_queues:90:21)
    at Axios.request (file:///C:/Users/khade/OneDrive/Placment/Final%20Year%20VD%20Project/backend/node_modules/axios/lib/core/Axios.js:45:41)
    at process.processTicksAndRejections (node:internal/process/task_queues:105:5)
    at async ImageService.downloadImage (C:\Users\khade\OneDrive\Placment\Final Year VD Project\backend\src\services\imageService.ts:162:34)
    at async <anonymous> (C:\Users\khade\OneDrive\Placment\Final Year VD Project\backend\src\services\aiService.ts:277:40)
    at async Promise.all (index 0)
    at async AIService.generateRoomRedesign (C:\Users\khade\OneDrive\Placment\Final Year VD Project\backend\src\services\aiService.ts:195:20)
    at async DesignController.generate (C:\Users\khade\OneDrive\Placment\Final Year VD Project\backend\src\controllers\designController.ts:67:37)
2026-02-06 12:21:24 [error]: AxiosError: Request failed with status code 502
    at settle (file:///C:/Users/khade/OneDrive/Placment/Final%20Year%20VD%20Project/backend/node_modules/axios/lib/core/settle.js:19:12)
    at IncomingMessage.handleStreamEnd (file:///C:/Users/khade/OneDrive/Placment/Final%20Year%20VD%20Project/backend/node_modules/axios/lib/adapters/http.js:798:11)
    at IncomingMessage.emit (node:events:531:35)
    at endReadableNT (node:internal/streams/readable:1698:12)
    at process.processTicksAndRejections (node:internal/process/task_queues:90:21)
    at Axios.request (file:///C:/Users/khade/OneDrive/Placment/Final%20Year%20VD%20Project/backend/node_modules/axios/lib/core/Axios.js:45:41)
    at process.processTicksAndRejections (node:internal/process/task_queues:105:5)
    at async ImageService.downloadImage (C:\Users\khade\OneDrive\Placment\Final Year VD Project\backend\src\services\imageService.ts:162:34)
    at async <anonymous> (C:\Users\khade\OneDrive\Placment\Final Year VD Project\backend\src\services\aiService.ts:277:40)
    at async Promise.all (index 0)
    at async AIService.generateRoomRedesign (C:\Users\khade\OneDrive\Placment\Final Year VD Project\backend\src\services\aiService.ts:195:20)
    at async DesignController.generate (C:\Users\khade\OneDrive\Placment\Final Year VD Project\backend\src\controllers\designController.ts:67:37)
2026-02-06 12:21:27 [error]: Proxy failed for https://image.pollinations.ai/prompt/equirectangular%20360%20panorama%2C%20wide%20angle%20interior%20photography%2C%20Luxury%20Living%20Room%2C%20center%20of%20the%20Living%20Room.%20high%20detail%2C%20photorealistic%2C%208k%20resolution%2C%20cinematic%20lighting%2C%20ultrarealistic%20textures%2C%20architecture%20visualization..%20Negative%20blurry%2C%20distorted%2C%20watermark%2C%20bad%20perspective%2C%20floating%20objects%2C%20people%2C%20humans%2C%20animals%2C%20text%2C%20low%20quality%2C%20fisheye%20effect%20with%20black%20corners?width=2048&height=1024&nologo=true&seed=4415&model=flux:
2026-02-06 12:21:30 [error]: Proxy failed for https://image.pollinations.ai/prompt/equirectangular%20360%20panorama%2C%20wide%20angle%20interior%20photography%2C%20Luxury%20Living%20Room%2C%20center%20of%20the%20Living%20Room.%20high%20detail%2C%20photorealistic%2C%208k%20resolution%2C%20cinematic%20lighting%2C%20ultrarealistic%20textures%2C%20architecture%20visualization..%20Negative%20blurry%2C%20distorted%2C%20watermark%2C%20bad%20perspective%2C%20floating%20objects%2C%20people%2C%20humans%2C%20animals%2C%20text%2C%20low%20quality%2C%20fisheye%20effect%20with%20black%20corners?width=2048&height=1024&nologo=true&seed=4415&model=flux:
2026-02-06 12:21:38 [error]: Proxy failed for https://image.pollinations.ai/prompt/equirectangular%20360%20panorama%2C%20wide%20angle%20interior%20photography%2C%20Luxury%20Living%20Room%2C%20center%20of%20the%20Living%20Room.%20high%20detail%2C%20photorealistic%2C%208k%20resolution%2C%20cinematic%20lighting%2C%20ultrarealistic%20textures%2C%20architecture%20visualization..%20Negative%20blurry%2C%20distorted%2C%20watermark%2C%20bad%20perspective%2C%20floating%20objects%2C%20people%2C%20humans%2C%20animals%2C%20text%2C%20low%20quality%2C%20fisheye%20effect%20with%20black%20corners?width=2048&height=1024&nologo=true&seed=4415&model=flux:
2026-02-06 12:36:18 [error]: Proxy failed for https://image.pollinations.ai/prompt/equirectangular%20360%20panorama%2C%20wide%20angle%20interior%20photography%2C%20Luxury%20Living%20Room%2C%20center%20of%20the%20Living%20Room.%20high%20detail%2C%20photorealistic%2C%208k%20resolution%2C%20cinematic%20lighting%2C%20ultrarealistic%20textures%2C%20architecture%20visualization..%20Negative%20blurry%2C%20distorted%2C%20watermark%2C%20bad%20perspective%2C%20floating%20objects%2C%20people%2C%20humans%2C%20animals%2C%20text%2C%20low%20quality%2C%20fisheye%20effect%20with%20black%20corners?width=2048&height=1024&nologo=true&seed=4415&model=flux:
2026-02-06 12:36:18 [error]: Proxy failed for https://image.pollinations.ai/prompt/equirectangular%20360%20panorama%2C%20wide%20angle%20interior%20photography%2C%20Luxury%20Living%20Room%2C%20center%20of%20the%20Living%20Room.%20high%20detail%2C%20photorealistic%2C%208k%20resolution%2C%20cinematic%20lighting%2C%20ultrarealistic%20textures%2C%20architecture%20visualization..%20Negative%20blurry%2C%20distorted%2C%20watermark%2C%20bad%20perspective%2C%20floating%20objects%2C%20people%2C%20humans%2C%20animals%2C%20text%2C%20low%20quality%2C%20fisheye%20effect%20with%20black%20corners?width=2048&height=1024&nologo=true&seed=1488&model=flux:
2026-02-06 12:36:18 [error]: Proxy failed for https://image.pollinations.ai/prompt/equirectangular%20360%20panorama%2C%20wide%20angle%20interior%20photography%2C%20Luxury%20Kitchen%2C%20center%20of%20the%20Kitchen.%20high%20detail%2C%20photorealistic%2C%208k%20resolution%2C%20cinematic%20lighting%2C%20ultrarealistic%20textures%2C%20architecture%20visualization..%20Negative%20blurry%2C%20distorted%2C%20watermark%2C%20bad%20perspective%2C%20floating%20objects%2C%20people%2C%20humans%2C%20animals%2C%20text%2C%20low%20quality%2C%20fisheye%20effect%20with%20black%20corners?width=2048&height=1024&nologo=true&seed=2212&model=flux:
2026-02-06 12:36:19 [error]: Proxy failed for https://image.pollinations.ai/prompt/equirectangular%20360%20panorama%2C%20wide%20angle%20interior%20photography%2C%20Luxury%20Living%20Room%2C%20center%20of%20the%20Living%20Room.%20high%20detail%2C%20photorealistic%2C%208k%20resolution%2C%20cinematic%20lighting%2C%20ultrarealistic%20textures%2C%20architecture%20visualization..%20Negative%20blurry%2C%20distorted%2C%20watermark%2C%20bad%20perspective%2C%20floating%20objects%2C%20people%2C%20humans%2C%20animals%2C%20text%2C%20low%20quality%2C%20fisheye%20effect%20with%20black%20corners?width=2048&height=1024&nologo=true&seed=6449&model=flux:
2026-02-06 12:36:19 [error]: Proxy failed for https://image.pollinations.ai/prompt/equirectangular%20360%20panorama%2C%20wide%20angle%20interior%20photography%2C%20Luxury%20Kitchen%2C%20center%20of%20the%20Kitchen.%20high%20detail%2C%20photorealistic%2C%208k%20resolution%2C%20cinematic%20lighting%2C%20ultrarealistic%20textures%2C%20architecture%20visualization..%20Negative%20blurry%2C%20distorted%2C%20watermark%2C%20bad%20perspective%2C%20floating%20objects%2C%20people%2C%20humans%2C%20animals%2C%20text%2C%20low%20quality%2C%20fisheye%20effect%20with%20black%20corners?width=2048&height=1024&nologo=true&seed=2377&model=flux:
2026-02-06 12:36:19 [error]: Proxy failed for https://image.pollinations.ai/prompt/equirectangular%20360%20panorama%2C%20wide%20angle%20interior%20photography%2C%20Luxury%20Kitchen%2C%20center%20of%20the%20Kitchen.%20high%20detail%2C%20photorealistic%2C%208k%20resolution%2C%20cinematic%20lighting%2C%20ultrarealistic%20textures%2C%20architecture%20visualization..%20Negative%20blurry%2C%20distorted%2C%20watermark%2C%20bad%20perspective%2C%20floating%20objects%2C%20people%2C%20humans%2C%20animals%2C%20text%2C%20low%20quality%2C%20fisheye%20effect%20with%20black%20corners?width=2048&height=1024&nologo=true&seed=3570&model=flux:
2026-02-06 12:38:25 [error]: Proxy failed for https://image.pollinations.ai/prompt/equirectangular%20360%20panorama%2C%20wide%20angle%20interior%20photography%2C%20Luxury%20Living%20Room%2C%20center%20of%20the%20Living%20Room.%20high%20detail%2C%20photorealistic%2C%208k%20resolution%2C%20cinematic%20lighting%2C%20ultrarealistic%20textures%2C%20architecture%20visualization..%20Negative%20blurry%2C%20distorted%2C%20watermark%2C%20bad%20perspective%2C%20floating%20objects%2C%20people%2C%20humans%2C%20animals%2C%20text%2C%20low%20quality%2C%20fisheye%20effect%20with%20black%20corners?width=2048&height=1024&nologo=true&seed=1488&model=flux:
2026-02-06 12:39:06 [error]: AxiosError: Request failed with status code 502
    at settle (file:///C:/Users/khade/OneDrive/Placment/Final%20Year%20VD%20Project/backend/node_modules/axios/lib/core/settle.js:19:12)
    at IncomingMessage.handleStreamEnd (file:///C:/Users/khade/OneDrive/Placment/Final%20Year%20VD%20Project/backend/node_modules/axios/lib/adapters/http.js:798:11)
    at IncomingMessage.emit (node:events:531:35)
    at endReadableNT (node:internal/streams/readable:1698:12)
    at process.processTicksAndRejections (node:internal/process/task_queues:90:21)
    at Axios.request (file:///C:/Users/khade/OneDrive/Placment/Final%20Year%20VD%20Project/backend/node_modules/axios/lib/core/Axios.js:45:41)
    at process.processTicksAndRejections (node:internal/process/task_queues:105:5)
    at async ImageService.downloadImage (C:\Users\khade\OneDrive\Placment\Final Year VD Project\backend\src\services\imageService.ts:162:34)
    at async <anonymous> (C:\Users\khade\OneDrive\Placment\Final Year VD Project\backend\src\services\aiService.ts:251:40)
    at async Promise.all (index 1)
    at async AIService.generateRoomRedesign (C:\Users\khade\OneDrive\Placment\Final Year VD Project\backend\src\services\aiService.ts:197:16)
    at async DesignController.generate (C:\Users\khade\OneDrive\Placment\Final Year VD Project\backend\src\controllers\designController.ts:70:37)
2026-02-06 12:39:07 [error]: AxiosError: Request failed with status code 502
    at settle (file:///C:/Users/khade/OneDrive/Placment/Final%20Year%20VD%20Project/backend/node_modules/axios/lib/core/settle.js:19:12)
    at IncomingMessage.handleStreamEnd (file:///C:/Users/khade/OneDrive/Placment/Final%20Year%20VD%20Project/backend/node_modules/axios/lib/adapters/http.js:798:11)
    at IncomingMessage.emit (node:events:531:35)
    at endReadableNT (node:internal/streams/readable:1698:12)
    at process.processTicksAndRejections (node:internal/process/task_queues:90:21)
    at Axios.request (file:///C:/Users/khade/OneDrive/Placment/Final%20Year%20VD%20Project/backend/node_modules/axios/lib/core/Axios.js:45:41)
    at process.processTicksAndRejections (node:internal/process/task_queues:105:5)
    at async ImageService.downloadImage (C:\Users\khade\OneDrive\Placment\Final Year VD Project\backend\src\services\imageService.ts:162:34)
    at async <anonymous> (C:\Users\khade\OneDrive\Placment\Final Year VD Project\backend\src\services\aiService.ts:251:40)
    at async Promise.all (index 0)
    at async AIService.generateRoomRedesign (C:\Users\khade\OneDrive\Placment\Final Year VD Project\backend\src\services\aiService.ts:197:16)
    at async DesignController.generate (C:\Users\khade\OneDrive\Placment\Final Year VD Project\backend\src\controllers\designController.ts:70:37)
2026-02-06 12:39:07 [error]: AxiosError: Request failed with status code 502
    at settle (file:///C:/Users/khade/OneDrive/Placment/Final%20Year%20VD%20Project/backend/node_modules/axios/lib/core/settle.js:19:12)
    at IncomingMessage.handleStreamEnd (file:///C:/Users/khade/OneDrive/Placment/Final%20Year%20VD%20Project/backend/node_modules/axios/lib/adapters/http.js:798:11)
    at IncomingMessage.emit (node:events:531:35)
    at endReadableNT (node:internal/streams/readable:1698:12)
    at process.processTicksAndRejections (node:internal/process/task_queues:90:21)
    at Axios.request (file:///C:/Users/khade/OneDrive/Placment/Final%20Year%20VD%20Project/backend/node_modules/axios/lib/core/Axios.js:45:41)
    at process.processTicksAndRejections (node:internal/process/task_queues:105:5)
    at async ImageService.downloadImage (C:\Users\khade\OneDrive\Placment\Final Year VD Project\backend\src\services\imageService.ts:162:34)
    at async <anonymous> (C:\Users\khade\OneDrive\Placment\Final Year VD Project\backend\src\services\aiService.ts:251:40)
    at async Promise.all (index 2)
    at async AIService.generateRoomRedesign (C:\Users\khade\OneDrive\Placment\Final Year VD Project\backend\src\services\aiService.ts:197:16)
    at async DesignController.generate (C:\Users\khade\OneDrive\Placment\Final Year VD Project\backend\src\controllers\designController.ts:70:37)
2026-02-06 12:39:07 [error]: AxiosError: Request failed with status code 502
    at settle (file:///C:/Users/khade/OneDrive/Placment/Final%20Year%20VD%20Project/backend/node_modules/axios/lib/core/settle.js:19:12)
    at IncomingMessage.handleStreamEnd (file:///C:/Users/khade/OneDrive/Placment/Final%20Year%20VD%20Project/backend/node_modules/axios/lib/adapters/http.js:798:11)
    at IncomingMessage.emit (node:events:531:35)
    at endReadableNT (node:internal/streams/readable:1698:12)
    at process.processTicksAndRejections (node:internal/process/task_queues:90:21)
    at Axios.request (file:///C:/Users/khade/OneDrive/Placment/Final%20Year%20VD%20Project/backend/node_modules/axios/lib/core/Axios.js:45:41)
    at process.processTicksAndRejections (node:internal/process/task_queues:105:5)
    at async ImageService.downloadImage (C:\Users\khade\OneDrive\Placment\Final Year VD Project\backend\src\services\imageService.ts:162:34)
    at async <anonymous> (C:\Users\khade\OneDrive\Placment\Final Year VD Project\backend\src\services\aiService.ts:251:40)
    at async Promise.all (index 2)
    at async AIService.generateRoomRedesign (C:\Users\khade\OneDrive\Placment\Final Year VD Project\backend\src\services\aiService.ts:197:16)
    at async DesignController.generate (C:\Users\khade\OneDrive\Placment\Final Year VD Project\backend\src\controllers\designController.ts:70:37)
2026-02-06 12:39:07 [error]: AxiosError: Request failed with status code 502
    at settle (file:///C:/Users/khade/OneDrive/Placment/Final%20Year%20VD%20Project/backend/node_modules/axios/lib/core/settle.js:19:12)
    at IncomingMessage.handleStreamEnd (file:///C:/Users/khade/OneDrive/Placment/Final%20Year%20VD%20Project/backend/node_modules/axios/lib/adapters/http.js:798:11)
    at IncomingMessage.emit (node:events:531:35)
    at endReadableNT (node:internal/streams/readable:1698:12)
    at process.processTicksAndRejections (node:internal/process/task_queues:90:21)
    at Axios.request (file:///C:/Users/khade/OneDrive/Placment/Final%20Year%20VD%20Project/backend/node_modules/axios/lib/core/Axios.js:45:41)
    at process.processTicksAndRejections (node:internal/process/task_queues:105:5)
    at async ImageService.downloadImage (C:\Users\khade\OneDrive\Placment\Final Year VD Project\backend\src\services\imageService.ts:162:34)
    at async <anonymous> (C:\Users\khade\OneDrive\Placment\Final Year VD Project\backend\src\services\aiService.ts:251:40)
    at async Promise.all (index 0)
    at async AIService.generateRoomRedesign (C:\Users\khade\OneDrive\Placment\Final Year VD Project\backend\src\services\aiService.ts:197:16)
    at async DesignController.generate (C:\Users\khade\OneDrive\Placment\Final Year VD Project\backend\src\controllers\designController.ts:70:37)
2026-02-06 12:39:07 [error]: AxiosError: Request failed with status code 502
    at settle (file:///C:/Users/khade/OneDrive/Placment/Final%20Year%20VD%20Project/backend/node_modules/axios/lib/core/settle.js:19:12)
    at IncomingMessage.handleStreamEnd (file:///C:/Users/khade/OneDrive/Placment/Final%20Year%20VD%20Project/backend/node_modules/axios/lib/adapters/http.js:798:11)
    at IncomingMessage.emit (node:events:531:35)
    at endReadableNT (node:internal/streams/readable:1698:12)
    at process.processTicksAndRejections (node:internal/process/task_queues:90:21)
    at Axios.request (file:///C:/Users/khade/OneDrive/Placment/Final%20Year%20VD%20Project/backend/node_modules/axios/lib/core/Axios.js:45:41)
    at process.processTicksAndRejections (node:internal/process/task_queues:105:5)
    at async ImageService.downloadImage (C:\Users\khade\OneDrive\Placment\Final Year VD Project\backend\src\services\imageService.ts:162:34)
    at async <anonymous> (C:\Users\khade\OneDrive\Placment\Final Year VD Project\backend\src\services\aiService.ts:251:40)
    at async Promise.all (index 1)
    at async AIService.generateRoomRedesign (C:\Users\khade\OneDrive\Placment\Final Year VD Project\backend\src\services\aiService.ts:197:16)
    at async DesignController.generate (C:\Users\khade\OneDrive\Placment\Final Year VD Project\backend\src\controllers\designController.ts:70:37)
2026-02-06 12:39:09 [error]: AxiosError: Request failed with status code 502
    at settle (file:///C:/Users/khade/OneDrive/Placment/Final%20Year%20VD%20Project/backend/node_modules/axios/lib/core/settle.js:19:12)
    at IncomingMessage.handleStreamEnd (file:///C:/Users/khade/OneDrive/Placment/Final%20Year%20VD%20Project/backend/node_modules/axios/lib/adapters/http.js:798:11)
    at IncomingMessage.emit (node:events:531:35)
    at endReadableNT (node:internal/streams/readable:1698:12)
    at process.processTicksAndRejections (node:internal/process/task_queues:90:21)
    at Axios.request (file:///C:/Users/khade/OneDrive/Placment/Final%20Year%20VD%20Project/backend/node_modules/axios/lib/core/Axios.js:45:41)
    at process.processTicksAndRejections (node:internal/process/task_queues:105:5)
    at async ImageService.downloadImage (C:\Users\khade\OneDrive\Placment\Final Year VD Project\backend\src\services\imageService.ts:162:34)
    at async <anonymous> (C:\Users\khade\OneDrive\Placment\Final Year VD Project\backend\src\services\aiService.ts:251:40)
    at async Promise.all (index 1)
    at async AIService.generateRoomRedesign (C:\Users\khade\OneDrive\Placment\Final Year VD Project\backend\src\services\aiService.ts:197:16)
    at async DesignController.generate (C:\Users\khade\OneDrive\Placment\Final Year VD Project\backend\src\controllers\designController.ts:70:37)
2026-02-06 12:39:09 [error]: AxiosError: Request failed with status code 502
    at settle (file:///C:/Users/khade/OneDrive/Placment/Final%20Year%20VD%20Project/backend/node_modules/axios/lib/core/settle.js:19:12)
    at IncomingMessage.handleStreamEnd (file:///C:/Users/khade/OneDrive/Placment/Final%20Year%20VD%20Project/backend/node_modules/axios/lib/adapters/http.js:798:11)
    at IncomingMessage.emit (node:events:531:35)
    at endReadableNT (node:internal/streams/readable:1698:12)
    at process.processTicksAndRejections (node:internal/process/task_queues:90:21)
    at Axios.request (file:///C:/Users/khade/OneDrive/Placment/Final%20Year%20VD%20Project/backend/node_modules/axios/lib/core/Axios.js:45:41)
    at process.processTicksAndRejections (node:internal/process/task_queues:105:5)
    at async ImageService.downloadImage (C:\Users\khade\OneDrive\Placment\Final Year VD Project\backend\src\services\imageService.ts:162:34)
    at async <anonymous> (C:\Users\khade\OneDrive\Placment\Final Year VD Project\backend\src\services\aiService.ts:251:40)
    at async Promise.all (index 0)
    at async AIService.generateRoomRedesign (C:\Users\khade\OneDrive\Placment\Final Year VD Project\backend\src\services\aiService.ts:197:16)
    at async DesignController.generate (C:\Users\khade\OneDrive\Placment\Final Year VD Project\backend\src\controllers\designController.ts:70:37)
2026-02-06 12:39:10 [error]: AxiosError: Request failed with status code 502
    at settle (file:///C:/Users/khade/OneDrive/Placment/Final%20Year%20VD%20Project/backend/node_modules/axios/lib/core/settle.js:19:12)
    at IncomingMessage.handleStreamEnd (file:///C:/Users/khade/OneDrive/Placment/Final%20Year%20VD%20Project/backend/node_modules/axios/lib/adapters/http.js:798:11)
    at IncomingMessage.emit (node:events:531:35)
    at endReadableNT (node:internal/streams/readable:1698:12)
    at process.processTicksAndRejections (node:internal/process/task_queues:90:21)
    at Axios.request (file:///C:/Users/khade/OneDrive/Placment/Final%20Year%20VD%20Project/backend/node_modules/axios/lib/core/Axios.js:45:41)
    at process.processTicksAndRejections (node:internal/process/task_queues:105:5)
    at async ImageService.downloadImage (C:\Users\khade\OneDrive\Placment\Final Year VD Project\backend\src\services\imageService.ts:162:34)
    at async <anonymous> (C:\Users\khade\OneDrive\Placment\Final Year VD Project\backend\src\services\aiService.ts:251:40)
    at async Promise.all (index 2)
    at async AIService.generateRoomRedesign (C:\Users\khade\OneDrive\Placment\Final Year VD Project\backend\src\services\aiService.ts:197:16)
    at async DesignController.generate (C:\Users\khade\OneDrive\Placment\Final Year VD Project\backend\src\controllers\designController.ts:70:37)
2026-02-06 12:39:10 [error]: AxiosError: Request failed with status code 502
    at settle (file:///C:/Users/khade/OneDrive/Placment/Final%20Year%20VD%20Project/backend/node_modules/axios/lib/core/settle.js:19:12)
    at IncomingMessage.handleStreamEnd (file:///C:/Users/khade/OneDrive/Placment/Final%20Year%20VD%20Project/backend/node_modules/axios/lib/adapters/http.js:798:11)
    at IncomingMessage.emit (node:events:531:35)
    at endReadableNT (node:internal/streams/readable:1698:12)
    at process.processTicksAndRejections (node:internal/process/task_queues:90:21)
    at Axios.request (file:///C:/Users/khade/OneDrive/Placment/Final%20Year%20VD%20Project/backend/node_modules/axios/lib/core/Axios.js:45:41)
    at process.processTicksAndRejections (node:internal/process/task_queues:105:5)
    at async ImageService.downloadImage (C:\Users\khade\OneDrive\Placment\Final Year VD Project\backend\src\services\imageService.ts:162:34)
    at async <anonymous> (C:\Users\khade\OneDrive\Placment\Final Year VD Project\backend\src\services\aiService.ts:251:40)
    at async Promise.all (index 1)
    at async AIService.generateRoomRedesign (C:\Users\khade\OneDrive\Placment\Final Year VD Project\backend\src\services\aiService.ts:197:16)
    at async DesignController.generate (C:\Users\khade\OneDrive\Placment\Final Year VD Project\backend\src\controllers\designController.ts:70:37)
2026-02-06 12:39:10 [error]: AxiosError: Request failed with status code 502
    at settle (file:///C:/Users/khade/OneDrive/Placment/Final%20Year%20VD%20Project/backend/node_modules/axios/lib/core/settle.js:19:12)
    at IncomingMessage.handleStreamEnd (file:///C:/Users/khade/OneDrive/Placment/Final%20Year%20VD%20Project/backend/node_modules/axios/lib/adapters/http.js:798:11)
    at IncomingMessage.emit (node:events:531:35)
    at endReadableNT (node:internal/streams/readable:1698:12)
    at process.processTicksAndRejections (node:internal/process/task_queues:90:21)
    at Axios.request (file:///C:/Users/khade/OneDrive/Placment/Final%20Year%20VD%20Project/backend/node_modules/axios/lib/core/Axios.js:45:41)
    at process.processTicksAndRejections (node:internal/process/task_queues:105:5)
    at async ImageService.downloadImage (C:\Users\khade\OneDrive\Placment\Final Year VD Project\backend\src\services\imageService.ts:162:34)
    at async <anonymous> (C:\Users\khade\OneDrive\Placment\Final Year VD Project\backend\src\services\aiService.ts:251:40)
    at async Promise.all (index 0)
    at async AIService.generateRoomRedesign (C:\Users\khade\OneDrive\Placment\Final Year VD Project\backend\src\services\aiService.ts:197:16)
    at async DesignController.generate (C:\Users\khade\OneDrive\Placment\Final Year VD Project\backend\src\controllers\designController.ts:70:37)
2026-02-06 12:39:10 [error]: AxiosError: Request failed with status code 502
    at settle (file:///C:/Users/khade/OneDrive/Placment/Final%20Year%20VD%20Project/backend/node_modules/axios/lib/core/settle.js:19:12)
    at IncomingMessage.handleStreamEnd (file:///C:/Users/khade/OneDrive/Placment/Final%20Year%20VD%20Project/backend/node_modules/axios/lib/adapters/http.js:798:11)
    at IncomingMessage.emit (node:events:531:35)
    at endReadableNT (node:internal/streams/readable:1698:12)
    at process.processTicksAndRejections (node:internal/process/task_queues:90:21)
    at Axios.request (file:///C:/Users/khade/OneDrive/Placment/Final%20Year%20VD%20Project/backend/node_modules/axios/lib/core/Axios.js:45:41)
    at process.processTicksAndRejections (node:internal/process/task_queues:105:5)
    at async ImageService.downloadImage (C:\Users\khade\OneDrive\Placment\Final Year VD Project\backend\src\services\imageService.ts:162:34)
    at async <anonymous> (C:\Users\khade\OneDrive\Placment\Final Year VD Project\backend\src\services\aiService.ts:251:40)
    at async Promise.all (index 2)
    at async AIService.generateRoomRedesign (C:\Users\khade\OneDrive\Placment\Final Year VD Project\backend\src\services\aiService.ts:197:16)
    at async DesignController.generate (C:\Users\khade\OneDrive\Placment\Final Year VD Project\backend\src\controllers\designController.ts:70:37)
2026-02-06 12:39:14 [error]: AxiosError: Request failed with status code 502
    at settle (file:///C:/Users/khade/OneDrive/Placment/Final%20Year%20VD%20Project/backend/node_modules/axios/lib/core/settle.js:19:12)
    at IncomingMessage.handleStreamEnd (file:///C:/Users/khade/OneDrive/Placment/Final%20Year%20VD%20Project/backend/node_modules/axios/lib/adapters/http.js:798:11)
    at IncomingMessage.emit (node:events:531:35)
    at endReadableNT (node:internal/streams/readable:1698:12)
    at process.processTicksAndRejections (node:internal/process/task_queues:90:21)
    at Axios.request (file:///C:/Users/khade/OneDrive/Placment/Final%20Year%20VD%20Project/backend/node_modules/axios/lib/core/Axios.js:45:41)
    at process.processTicksAndRejections (node:internal/process/task_queues:105:5)
    at async ImageService.downloadImage (C:\Users\khade\OneDrive\Placment\Final Year VD Project\backend\src\services\imageService.ts:162:34)
    at async <anonymous> (C:\Users\khade\OneDrive\Placment\Final Year VD Project\backend\src\services\aiService.ts:251:40)
    at async Promise.all (index 1)
    at async AIService.generateRoomRedesign (C:\Users\khade\OneDrive\Placment\Final Year VD Project\backend\src\services\aiService.ts:197:16)
    at async DesignController.generate (C:\Users\khade\OneDrive\Placment\Final Year VD Project\backend\src\controllers\designController.ts:70:37)
2026-02-06 12:39:14 [error]: AxiosError: Request failed with status code 502
    at settle (file:///C:/Users/khade/OneDrive/Placment/Final%20Year%20VD%20Project/backend/node_modules/axios/lib/core/settle.js:19:12)
    at IncomingMessage.handleStreamEnd (file:///C:/Users/khade/OneDrive/Placment/Final%20Year%20VD%20Project/backend/node_modules/axios/lib/adapters/http.js:798:11)
    at IncomingMessage.emit (node:events:531:35)
    at endReadableNT (node:internal/streams/readable:1698:12)
    at process.processTicksAndRejections (node:internal/process/task_queues:90:21)
    at Axios.request (file:///C:/Users/khade/OneDrive/Placment/Final%20Year%20VD%20Project/backend/node_modules/axios/lib/core/Axios.js:45:41)
    at process.processTicksAndRejections (node:internal/process/task_queues:105:5)
    at async ImageService.downloadImage (C:\Users\khade\OneDrive\Placment\Final Year VD Project\backend\src\services\imageService.ts:162:34)
    at async <anonymous> (C:\Users\khade\OneDrive\Placment\Final Year VD Project\backend\src\services\aiService.ts:251:40)
    at async Promise.all (index 0)
    at async AIService.generateRoomRedesign (C:\Users\khade\OneDrive\Placment\Final Year VD Project\backend\src\services\aiService.ts:197:16)
    at async DesignController.generate (C:\Users\khade\OneDrive\Placment\Final Year VD Project\backend\src\controllers\designController.ts:70:37)
2026-02-06 12:39:14 [error]: AxiosError: Request failed with status code 502
    at settle (file:///C:/Users/khade/OneDrive/Placment/Final%20Year%20VD%20Project/backend/node_modules/axios/lib/core/settle.js:19:12)
    at IncomingMessage.handleStreamEnd (file:///C:/Users/khade/OneDrive/Placment/Final%20Year%20VD%20Project/backend/node_modules/axios/lib/adapters/http.js:798:11)
    at IncomingMessage.emit (node:events:531:35)
    at endReadableNT (node:internal/streams/readable:1698:12)
    at process.processTicksAndRejections (node:internal/process/task_queues:90:21)
    at Axios.request (file:///C:/Users/khade/OneDrive/Placment/Final%20Year%20VD%20Project/backend/node_modules/axios/lib/core/Axios.js:45:41)
    at process.processTicksAndRejections (node:internal/process/task_queues:105:5)
    at async ImageService.downloadImage (C:\Users\khade\OneDrive\Placment\Final Year VD Project\backend\src\services\imageService.ts:162:34)
    at async <anonymous> (C:\Users\khade\OneDrive\Placment\Final Year VD Project\backend\src\services\aiService.ts:251:40)
    at async Promise.all (index 2)
    at async AIService.generateRoomRedesign (C:\Users\khade\OneDrive\Placment\Final Year VD Project\backend\src\services\aiService.ts:197:16)
    at async DesignController.generate (C:\Users\khade\OneDrive\Placment\Final Year VD Project\backend\src\controllers\designController.ts:70:37)
2026-02-06 12:39:14 [error]: AxiosError: Request failed with status code 502
    at settle (file:///C:/Users/khade/OneDrive/Placment/Final%20Year%20VD%20Project/backend/node_modules/axios/lib/core/settle.js:19:12)
    at IncomingMessage.handleStreamEnd (file:///C:/Users/khade/OneDrive/Placment/Final%20Year%20VD%20Project/backend/node_modules/axios/lib/adapters/http.js:798:11)
    at IncomingMessage.emit (node:events:531:35)
    at endReadableNT (node:internal/streams/readable:1698:12)
    at process.processTicksAndRejections (node:internal/process/task_queues:90:21)
    at Axios.request (file:///C:/Users/khade/OneDrive/Placment/Final%20Year%20VD%20Project/backend/node_modules/axios/lib/core/Axios.js:45:41)
    at process.processTicksAndRejections (node:internal/process/task_queues:105:5)
    at async ImageService.downloadImage (C:\Users\khade\OneDrive\Placment\Final Year VD Project\backend\src\services\imageService.ts:162:34)
    at async <anonymous> (C:\Users\khade\OneDrive\Placment\Final Year VD Project\backend\src\services\aiService.ts:251:40)
    at async Promise.all (index 0)
    at async AIService.generateRoomRedesign (C:\Users\khade\OneDrive\Placment\Final Year VD Project\backend\src\services\aiService.ts:197:16)
    at async DesignController.generate (C:\Users\khade\OneDrive\Placment\Final Year VD Project\backend\src\controllers\designController.ts:70:37)
2026-02-06 12:39:14 [error]: AxiosError: Request failed with status code 502
    at settle (file:///C:/Users/khade/OneDrive/Placment/Final%20Year%20VD%20Project/backend/node_modules/axios/lib/core/settle.js:19:12)
    at IncomingMessage.handleStreamEnd (file:///C:/Users/khade/OneDrive/Placment/Final%20Year%20VD%20Project/backend/node_modules/axios/lib/adapters/http.js:798:11)
    at IncomingMessage.emit (node:events:531:35)
    at endReadableNT (node:internal/streams/readable:1698:12)
    at process.processTicksAndRejections (node:internal/process/task_queues:90:21)
    at Axios.request (file:///C:/Users/khade/OneDrive/Placment/Final%20Year%20VD%20Project/backend/node_modules/axios/lib/core/Axios.js:45:41)
    at process.processTicksAndRejections (node:internal/process/task_queues:105:5)
    at async ImageService.downloadImage (C:\Users\khade\OneDrive\Placment\Final Year VD Project\backend\src\services\imageService.ts:162:34)
    at async <anonymous> (C:\Users\khade\OneDrive\Placment\Final Year VD Project\backend\src\services\aiService.ts:251:40)
    at async Promise.all (index 1)
    at async AIService.generateRoomRedesign (C:\Users\khade\OneDrive\Placment\Final Year VD Project\backend\src\services\aiService.ts:197:16)
    at async DesignController.generate (C:\Users\khade\OneDrive\Placment\Final Year VD Project\backend\src\controllers\designController.ts:70:37)
2026-02-06 12:39:14 [error]: AxiosError: Request failed with status code 502
    at settle (file:///C:/Users/khade/OneDrive/Placment/Final%20Year%20VD%20Project/backend/node_modules/axios/lib/core/settle.js:19:12)
    at IncomingMessage.handleStreamEnd (file:///C:/Users/khade/OneDrive/Placment/Final%20Year%20VD%20Project/backend/node_modules/axios/lib/adapters/http.js:798:11)
    at IncomingMessage.emit (node:events:531:35)
    at endReadableNT (node:internal/streams/readable:1698:12)
    at process.processTicksAndRejections (node:internal/process/task_queues:90:21)
    at Axios.request (file:///C:/Users/khade/OneDrive/Placment/Final%20Year%20VD%20Project/backend/node_modules/axios/lib/core/Axios.js:45:41)
    at process.processTicksAndRejections (node:internal/process/task_queues:105:5)
    at async ImageService.downloadImage (C:\Users\khade\OneDrive\Placment\Final Year VD Project\backend\src\services\imageService.ts:162:34)
    at async <anonymous> (C:\Users\khade\OneDrive\Placment\Final Year VD Project\backend\src\services\aiService.ts:251:40)
    at async Promise.all (index 2)
    at async AIService.generateRoomRedesign (C:\Users\khade\OneDrive\Placment\Final Year VD Project\backend\src\services\aiService.ts:197:16)
    at async DesignController.generate (C:\Users\khade\OneDrive\Placment\Final Year VD Project\backend\src\controllers\designController.ts:70:37)
2026-02-06 12:39:17 [error]: Proxy failed for https://image.pollinations.ai/prompt/equirectangular%20360%20panorama%2C%20wide%20angle%20interior%20photography%2C%20Minimalist%20Living%20Room%2C%20center%20of%20the%20Living%20Room.%20high%20detail%2C%20photorealistic%2C%208k%20resolution%2C%20cinematic%20lighting%2C%20ultrarealistic%20textures%2C%20architecture%20visualization..%20Negative%20blurry%2C%20distorted%2C%20watermark%2C%20bad%20perspective%2C%20floating%20objects%2C%20people%2C%20humans%2C%20animals%2C%20text%2C%20low%20quality%2C%20fisheye%20effect%20with%20black%20corners?width=2048&height=1024&nologo=true&seed=8510&model=flux:
2026-02-06 12:39:17 [error]: Proxy failed for https://image.pollinations.ai/prompt/equirectangular%20360%20panorama%2C%20wide%20angle%20interior%20photography%2C%20Minimalist%20Living%20Room%2C%20center%20of%20the%20Living%20Room.%20high%20detail%2C%20photorealistic%2C%208k%20resolution%2C%20cinematic%20lighting%2C%20ultrarealistic%20textures%2C%20architecture%20visualization..%20Negative%20blurry%2C%20distorted%2C%20watermark%2C%20bad%20perspective%2C%20floating%20objects%2C%20people%2C%20humans%2C%20animals%2C%20text%2C%20low%20quality%2C%20fisheye%20effect%20with%20black%20corners?width=2048&height=1024&nologo=true&seed=7329&model=flux:
2026-02-06 12:39:17 [error]: Proxy failed for https://image.pollinations.ai/prompt/equirectangular%20360%20panorama%2C%20wide%20angle%20interior%20photography%2C%20Minimalist%20Living%20Room%2C%20center%20of%20the%20Living%20Room.%20high%20detail%2C%20photorealistic%2C%208k%20resolution%2C%20cinematic%20lighting%2C%20ultrarealistic%20textures%2C%20architecture%20visualization..%20Negative%20blurry%2C%20distorted%2C%20watermark%2C%20bad%20perspective%2C%20floating%20objects%2C%20people%2C%20humans%2C%20animals%2C%20text%2C%20low%20quality%2C%20fisheye%20effect%20with%20black%20corners?width=2048&height=1024&nologo=true&seed=7295&model=flux:
2026-02-06 12:39:24 [error]: Proxy failed for https://image.pollinations.ai/prompt/equirectangular%20360%20panorama%2C%20wide%20angle%20interior%20photography%2C%20Minimalist%20Living%20Room%2C%20center%20of%20the%20Living%20Room.%20high%20detail%2C%20photorealistic%2C%208k%20resolution%2C%20cinematic%20lighting%2C%20ultrarealistic%20textures%2C%20architecture%20visualization..%20Negative%20blurry%2C%20distorted%2C%20watermark%2C%20bad%20perspective%2C%20floating%20objects%2C%20people%2C%20humans%2C%20animals%2C%20text%2C%20low%20quality%2C%20fisheye%20effect%20with%20black%20corners?width=2048&height=1024&nologo=true&seed=7295&model=flux:
2026-02-06 12:40:26 [error]: AxiosError: Request failed with status code 502
    at settle (file:///C:/Users/khade/OneDrive/Placment/Final%20Year%20VD%20Project/backend/node_modules/axios/lib/core/settle.js:19:12)
    at IncomingMessage.handleStreamEnd (file:///C:/Users/khade/OneDrive/Placment/Final%20Year%20VD%20Project/backend/node_modules/axios/lib/adapters/http.js:798:11)
    at IncomingMessage.emit (node:events:531:35)
    at endReadableNT (node:internal/streams/readable:1698:12)
    at process.processTicksAndRejections (node:internal/process/task_queues:90:21)
    at Axios.request (file:///C:/Users/khade/OneDrive/Placment/Final%20Year%20VD%20Project/backend/node_modules/axios/lib/core/Axios.js:45:41)
    at process.processTicksAndRejections (node:internal/process/task_queues:105:5)
    at async ImageService.downloadImage (C:\Users\khade\OneDrive\Placment\Final Year VD Project\backend\src\services\imageService.ts:162:34)
    at async <anonymous> (C:\Users\khade\OneDrive\Placment\Final Year VD Project\backend\src\services\aiService.ts:251:40)
    at async Promise.all (index 2)
    at async AIService.generateRoomRedesign (C:\Users\khade\OneDrive\Placment\Final Year VD Project\backend\src\services\aiService.ts:197:16)
    at async DesignController.generate (C:\Users\khade\OneDrive\Placment\Final Year VD Project\backend\src\controllers\designController.ts:70:37)
2026-02-06 12:40:26 [error]: AxiosError: Request failed with status code 502
    at settle (file:///C:/Users/khade/OneDrive/Placment/Final%20Year%20VD%20Project/backend/node_modules/axios/lib/core/settle.js:19:12)
    at IncomingMessage.handleStreamEnd (file:///C:/Users/khade/OneDrive/Placment/Final%20Year%20VD%20Project/backend/node_modules/axios/lib/adapters/http.js:798:11)
    at IncomingMessage.emit (node:events:531:35)
    at endReadableNT (node:internal/streams/readable:1698:12)
    at process.processTicksAndRejections (node:internal/process/task_queues:90:21)
    at Axios.request (file:///C:/Users/khade/OneDrive/Placment/Final%20Year%20VD%20Project/backend/node_modules/axios/lib/core/Axios.js:45:41)
    at process.processTicksAndRejections (node:internal/process/task_queues:105:5)
    at async ImageService.downloadImage (C:\Users\khade\OneDrive\Placment\Final Year VD Project\backend\src\services\imageService.ts:162:34)
    at async <anonymous> (C:\Users\khade\OneDrive\Placment\Final Year VD Project\backend\src\services\aiService.ts:251:40)
    at async Promise.all (index 1)
    at async AIService.generateRoomRedesign (C:\Users\khade\OneDrive\Placment\Final Year VD Project\backend\src\services\aiService.ts:197:16)
    at async DesignController.generate (C:\Users\khade\OneDrive\Placment\Final Year VD Project\backend\src\controllers\designController.ts:70:37)
2026-02-06 12:40:26 [error]: AxiosError: Request failed with status code 502
    at settle (file:///C:/Users/khade/OneDrive/Placment/Final%20Year%20VD%20Project/backend/node_modules/axios/lib/core/settle.js:19:12)
    at IncomingMessage.handleStreamEnd (file:///C:/Users/khade/OneDrive/Placment/Final%20Year%20VD%20Project/backend/node_modules/axios/lib/adapters/http.js:798:11)
    at IncomingMessage.emit (node:events:531:35)
    at endReadableNT (node:internal/streams/readable:1698:12)
    at process.processTicksAndRejections (node:internal/process/task_queues:90:21)
    at Axios.request (file:///C:/Users/khade/OneDrive/Placment/Final%20Year%20VD%20Project/backend/node_modules/axios/lib/core/Axios.js:45:41)
    at process.processTicksAndRejections (node:internal/process/task_queues:105:5)
    at async ImageService.downloadImage (C:\Users\khade\OneDrive\Placment\Final Year VD Project\backend\src\services\imageService.ts:162:34)
    at async <anonymous> (C:\Users\khade\OneDrive\Placment\Final Year VD Project\backend\src\services\aiService.ts:251:40)
    at async Promise.all (index 0)
    at async AIService.generateRoomRedesign (C:\Users\khade\OneDrive\Placment\Final Year VD Project\backend\src\services\aiService.ts:197:16)
    at async DesignController.generate (C:\Users\khade\OneDrive\Placment\Final Year VD Project\backend\src\controllers\designController.ts:70:37)
2026-02-06 12:40:26 [error]: AxiosError: Request failed with status code 502
    at settle (file:///C:/Users/khade/OneDrive/Placment/Final%20Year%20VD%20Project/backend/node_modules/axios/lib/core/settle.js:19:12)
    at IncomingMessage.handleStreamEnd (file:///C:/Users/khade/OneDrive/Placment/Final%20Year%20VD%20Project/backend/node_modules/axios/lib/adapters/http.js:798:11)
    at IncomingMessage.emit (node:events:531:35)
    at endReadableNT (node:internal/streams/readable:1698:12)
    at process.processTicksAndRejections (node:internal/process/task_queues:90:21)
    at Axios.request (file:///C:/Users/khade/OneDrive/Placment/Final%20Year%20VD%20Project/backend/node_modules/axios/lib/core/Axios.js:45:41)
    at process.processTicksAndRejections (node:internal/process/task_queues:105:5)
    at async ImageService.downloadImage (C:\Users\khade\OneDrive\Placment\Final Year VD Project\backend\src\services\imageService.ts:162:34)
    at async <anonymous> (C:\Users\khade\OneDrive\Placment\Final Year VD Project\backend\src\services\aiService.ts:251:40)
    at async Promise.all (index 0)
    at async AIService.generateRoomRedesign (C:\Users\khade\OneDrive\Placment\Final Year VD Project\backend\src\services\aiService.ts:197:16)
    at async DesignController.generate (C:\Users\khade\OneDrive\Placment\Final Year VD Project\backend\src\controllers\designController.ts:70:37)
2026-02-06 12:40:26 [error]: AxiosError: Request failed with status code 502
    at settle (file:///C:/Users/khade/OneDrive/Placment/Final%20Year%20VD%20Project/backend/node_modules/axios/lib/core/settle.js:19:12)
    at IncomingMessage.handleStreamEnd (file:///C:/Users/khade/OneDrive/Placment/Final%20Year%20VD%20Project/backend/node_modules/axios/lib/adapters/http.js:798:11)
    at IncomingMessage.emit (node:events:531:35)
    at endReadableNT (node:internal/streams/readable:1698:12)
    at process.processTicksAndRejections (node:internal/process/task_queues:90:21)
    at Axios.request (file:///C:/Users/khade/OneDrive/Placment/Final%20Year%20VD%20Project/backend/node_modules/axios/lib/core/Axios.js:45:41)
    at process.processTicksAndRejections (node:internal/process/task_queues:105:5)
    at async ImageService.downloadImage (C:\Users\khade\OneDrive\Placment\Final Year VD Project\backend\src\services\imageService.ts:162:34)
    at async <anonymous> (C:\Users\khade\OneDrive\Placment\Final Year VD Project\backend\src\services\aiService.ts:251:40)
    at async Promise.all (index 1)
    at async AIService.generateRoomRedesign (C:\Users\khade\OneDrive\Placment\Final Year VD Project\backend\src\services\aiService.ts:197:16)
    at async DesignController.generate (C:\Users\khade\OneDrive\Placment\Final Year VD Project\backend\src\controllers\designController.ts:70:37)
2026-02-06 12:40:26 [error]: AxiosError: Request failed with status code 502
    at settle (file:///C:/Users/khade/OneDrive/Placment/Final%20Year%20VD%20Project/backend/node_modules/axios/lib/core/settle.js:19:12)
    at IncomingMessage.handleStreamEnd (file:///C:/Users/khade/OneDrive/Placment/Final%20Year%20VD%20Project/backend/node_modules/axios/lib/adapters/http.js:798:11)
    at IncomingMessage.emit (node:events:531:35)
    at endReadableNT (node:internal/streams/readable:1698:12)
    at process.processTicksAndRejections (node:internal/process/task_queues:90:21)
    at Axios.request (file:///C:/Users/khade/OneDrive/Placment/Final%20Year%20VD%20Project/backend/node_modules/axios/lib/core/Axios.js:45:41)
    at process.processTicksAndRejections (node:internal/process/task_queues:105:5)
    at async ImageService.downloadImage (C:\Users\khade\OneDrive\Placment\Final Year VD Project\backend\src\services\imageService.ts:162:34)
    at async <anonymous> (C:\Users\khade\OneDrive\Placment\Final Year VD Project\backend\src\services\aiService.ts:251:40)
    at async Promise.all (index 2)
    at async AIService.generateRoomRedesign (C:\Users\khade\OneDrive\Placment\Final Year VD Project\backend\src\services\aiService.ts:197:16)
    at async DesignController.generate (C:\Users\khade\OneDrive\Placment\Final Year VD Project\backend\src\controllers\designController.ts:70:37)
2026-02-06 12:40:29 [error]: AxiosError: Request failed with status code 502
    at settle (file:///C:/Users/khade/OneDrive/Placment/Final%20Year%20VD%20Project/backend/node_modules/axios/lib/core/settle.js:19:12)
    at IncomingMessage.handleStreamEnd (file:///C:/Users/khade/OneDrive/Placment/Final%20Year%20VD%20Project/backend/node_modules/axios/lib/adapters/http.js:798:11)
    at IncomingMessage.emit (node:events:531:35)
    at endReadableNT (node:internal/streams/readable:1698:12)
    at process.processTicksAndRejections (node:internal/process/task_queues:90:21)
    at Axios.request (file:///C:/Users/khade/OneDrive/Placment/Final%20Year%20VD%20Project/backend/node_modules/axios/lib/core/Axios.js:45:41)
    at process.processTicksAndRejections (node:internal/process/task_queues:105:5)
    at async ImageService.downloadImage (C:\Users\khade\OneDrive\Placment\Final Year VD Project\backend\src\services\imageService.ts:162:34)
    at async <anonymous> (C:\Users\khade\OneDrive\Placment\Final Year VD Project\backend\src\services\aiService.ts:251:40)
    at async Promise.all (index 2)
    at async AIService.generateRoomRedesign (C:\Users\khade\OneDrive\Placment\Final Year VD Project\backend\src\services\aiService.ts:197:16)
    at async DesignController.generate (C:\Users\khade\OneDrive\Placment\Final Year VD Project\backend\src\controllers\designController.ts:70:37)
2026-02-06 12:40:29 [error]: AxiosError: Request failed with status code 502
    at settle (file:///C:/Users/khade/OneDrive/Placment/Final%20Year%20VD%20Project/backend/node_modules/axios/lib/core/settle.js:19:12)
    at IncomingMessage.handleStreamEnd (file:///C:/Users/khade/OneDrive/Placment/Final%20Year%20VD%20Project/backend/node_modules/axios/lib/adapters/http.js:798:11)
    at IncomingMessage.emit (node:events:531:35)
    at endReadableNT (node:internal/streams/readable:1698:12)
    at process.processTicksAndRejections (node:internal/process/task_queues:90:21)
    at Axios.request (file:///C:/Users/khade/OneDrive/Placment/Final%20Year%20VD%20Project/backend/node_modules/axios/lib/core/Axios.js:45:41)
    at process.processTicksAndRejections (node:internal/process/task_queues:105:5)
    at async ImageService.downloadImage (C:\Users\khade\OneDrive\Placment\Final Year VD Project\backend\src\services\imageService.ts:162:34)
    at async <anonymous> (C:\Users\khade\OneDrive\Placment\Final Year VD Project\backend\src\services\aiService.ts:251:40)
    at async Promise.all (index 1)
    at async AIService.generateRoomRedesign (C:\Users\khade\OneDrive\Placment\Final Year VD Project\backend\src\services\aiService.ts:197:16)
    at async DesignController.generate (C:\Users\khade\OneDrive\Placment\Final Year VD Project\backend\src\controllers\designController.ts:70:37)
2026-02-06 12:40:29 [error]: AxiosError: Request failed with status code 502
    at settle (file:///C:/Users/khade/OneDrive/Placment/Final%20Year%20VD%20Project/backend/node_modules/axios/lib/core/settle.js:19:12)
    at IncomingMessage.handleStreamEnd (file:///C:/Users/khade/OneDrive/Placment/Final%20Year%20VD%20Project/backend/node_modules/axios/lib/adapters/http.js:798:11)
    at IncomingMessage.emit (node:events:531:35)
    at endReadableNT (node:internal/streams/readable:1698:12)
    at process.processTicksAndRejections (node:internal/process/task_queues:90:21)
    at Axios.request (file:///C:/Users/khade/OneDrive/Placment/Final%20Year%20VD%20Project/backend/node_modules/axios/lib/core/Axios.js:45:41)
    at process.processTicksAndRejections (node:internal/process/task_queues:105:5)
    at async ImageService.downloadImage (C:\Users\khade\OneDrive\Placment\Final Year VD Project\backend\src\services\imageService.ts:162:34)
    at async <anonymous> (C:\Users\khade\OneDrive\Placment\Final Year VD Project\backend\src\services\aiService.ts:251:40)
    at async Promise.all (index 0)
    at async AIService.generateRoomRedesign (C:\Users\khade\OneDrive\Placment\Final Year VD Project\backend\src\services\aiService.ts:197:16)
    at async DesignController.generate (C:\Users\khade\OneDrive\Placment\Final Year VD Project\backend\src\controllers\designController.ts:70:37)
2026-02-06 12:40:29 [error]: AxiosError: Request failed with status code 502
    at settle (file:///C:/Users/khade/OneDrive/Placment/Final%20Year%20VD%20Project/backend/node_modules/axios/lib/core/settle.js:19:12)
    at IncomingMessage.handleStreamEnd (file:///C:/Users/khade/OneDrive/Placment/Final%20Year%20VD%20Project/backend/node_modules/axios/lib/adapters/http.js:798:11)
    at IncomingMessage.emit (node:events:531:35)
    at endReadableNT (node:internal/streams/readable:1698:12)
    at process.processTicksAndRejections (node:internal/process/task_queues:90:21)
    at Axios.request (file:///C:/Users/khade/OneDrive/Placment/Final%20Year%20VD%20Project/backend/node_modules/axios/lib/core/Axios.js:45:41)
    at process.processTicksAndRejections (node:internal/process/task_queues:105:5)
    at async ImageService.downloadImage (C:\Users\khade\OneDrive\Placment\Final Year VD Project\backend\src\services\imageService.ts:162:34)
    at async <anonymous> (C:\Users\khade\OneDrive\Placment\Final Year VD Project\backend\src\services\aiService.ts:251:40)
    at async Promise.all (index 0)
    at async AIService.generateRoomRedesign (C:\Users\khade\OneDrive\Placment\Final Year VD Project\backend\src\services\aiService.ts:197:16)
    at async DesignController.generate (C:\Users\khade\OneDrive\Placment\Final Year VD Project\backend\src\controllers\designController.ts:70:37)
2026-02-06 12:40:29 [error]: AxiosError: Request failed with status code 502
    at settle (file:///C:/Users/khade/OneDrive/Placment/Final%20Year%20VD%20Project/backend/node_modules/axios/lib/core/settle.js:19:12)
    at IncomingMessage.handleStreamEnd (file:///C:/Users/khade/OneDrive/Placment/Final%20Year%20VD%20Project/backend/node_modules/axios/lib/adapters/http.js:798:11)
    at IncomingMessage.emit (node:events:531:35)
    at endReadableNT (node:internal/streams/readable:1698:12)
    at process.processTicksAndRejections (node:internal/process/task_queues:90:21)
    at Axios.request (file:///C:/Users/khade/OneDrive/Placment/Final%20Year%20VD%20Project/backend/node_modules/axios/lib/core/Axios.js:45:41)
    at process.processTicksAndRejections (node:internal/process/task_queues:105:5)
    at async ImageService.downloadImage (C:\Users\khade\OneDrive\Placment\Final Year VD Project\backend\src\services\imageService.ts:162:34)
    at async <anonymous> (C:\Users\khade\OneDrive\Placment\Final Year VD Project\backend\src\services\aiService.ts:251:40)
    at async Promise.all (index 1)
    at async AIService.generateRoomRedesign (C:\Users\khade\OneDrive\Placment\Final Year VD Project\backend\src\services\aiService.ts:197:16)
    at async DesignController.generate (C:\Users\khade\OneDrive\Placment\Final Year VD Project\backend\src\controllers\designController.ts:70:37)
2026-02-06 12:40:29 [error]: AxiosError: Request failed with status code 502
    at settle (file:///C:/Users/khade/OneDrive/Placment/Final%20Year%20VD%20Project/backend/node_modules/axios/lib/core/settle.js:19:12)
    at IncomingMessage.handleStreamEnd (file:///C:/Users/khade/OneDrive/Placment/Final%20Year%20VD%20Project/backend/node_modules/axios/lib/adapters/http.js:798:11)
    at IncomingMessage.emit (node:events:531:35)
    at endReadableNT (node:internal/streams/readable:1698:12)
    at process.processTicksAndRejections (node:internal/process/task_queues:90:21)
    at Axios.request (file:///C:/Users/khade/OneDrive/Placment/Final%20Year%20VD%20Project/backend/node_modules/axios/lib/core/Axios.js:45:41)
    at process.processTicksAndRejections (node:internal/process/task_queues:105:5)
    at async ImageService.downloadImage (C:\Users\khade\OneDrive\Placment\Final Year VD Project\backend\src\services\imageService.ts:162:34)
    at async <anonymous> (C:\Users\khade\OneDrive\Placment\Final Year VD Project\backend\src\services\aiService.ts:251:40)
    at async Promise.all (index 2)
    at async AIService.generateRoomRedesign (C:\Users\khade\OneDrive\Placment\Final Year VD Project\backend\src\services\aiService.ts:197:16)
    at async DesignController.generate (C:\Users\khade\OneDrive\Placment\Final Year VD Project\backend\src\controllers\designController.ts:70:37)
2026-02-06 12:40:33 [error]: AxiosError: Request failed with status code 502
    at settle (file:///C:/Users/khade/OneDrive/Placment/Final%20Year%20VD%20Project/backend/node_modules/axios/lib/core/settle.js:19:12)
    at IncomingMessage.handleStreamEnd (file:///C:/Users/khade/OneDrive/Placment/Final%20Year%20VD%20Project/backend/node_modules/axios/lib/adapters/http.js:798:11)
    at IncomingMessage.emit (node:events:531:35)
    at endReadableNT (node:internal/streams/readable:1698:12)
    at process.processTicksAndRejections (node:internal/process/task_queues:90:21)
    at Axios.request (file:///C:/Users/khade/OneDrive/Placment/Final%20Year%20VD%20Project/backend/node_modules/axios/lib/core/Axios.js:45:41)
    at process.processTicksAndRejections (node:internal/process/task_queues:105:5)
    at async ImageService.downloadImage (C:\Users\khade\OneDrive\Placment\Final Year VD Project\backend\src\services\imageService.ts:162:34)
    at async <anonymous> (C:\Users\khade\OneDrive\Placment\Final Year VD Project\backend\src\services\aiService.ts:251:40)
    at async Promise.all (index 2)
    at async AIService.generateRoomRedesign (C:\Users\khade\OneDrive\Placment\Final Year VD Project\backend\src\services\aiService.ts:197:16)
    at async DesignController.generate (C:\Users\khade\OneDrive\Placment\Final Year VD Project\backend\src\controllers\designController.ts:70:37)
2026-02-06 12:40:34 [error]: AxiosError: Request failed with status code 502
    at settle (file:///C:/Users/khade/OneDrive/Placment/Final%20Year%20VD%20Project/backend/node_modules/axios/lib/core/settle.js:19:12)
    at IncomingMessage.handleStreamEnd (file:///C:/Users/khade/OneDrive/Placment/Final%20Year%20VD%20Project/backend/node_modules/axios/lib/adapters/http.js:798:11)
    at IncomingMessage.emit (node:events:531:35)
    at endReadableNT (node:internal/streams/readable:1698:12)
    at process.processTicksAndRejections (node:internal/process/task_queues:90:21)
    at Axios.request (file:///C:/Users/khade/OneDrive/Placment/Final%20Year%20VD%20Project/backend/node_modules/axios/lib/core/Axios.js:45:41)
    at process.processTicksAndRejections (node:internal/process/task_queues:105:5)
    at async ImageService.downloadImage (C:\Users\khade\OneDrive\Placment\Final Year VD Project\backend\src\services\imageService.ts:162:34)
    at async <anonymous> (C:\Users\khade\OneDrive\Placment\Final Year VD Project\backend\src\services\aiService.ts:251:40)
    at async Promise.all (index 0)
    at async AIService.generateRoomRedesign (C:\Users\khade\OneDrive\Placment\Final Year VD Project\backend\src\services\aiService.ts:197:16)
    at async DesignController.generate (C:\Users\khade\OneDrive\Placment\Final Year VD Project\backend\src\controllers\designController.ts:70:37)
2026-02-06 12:40:34 [error]: AxiosError: Request failed with status code 502
    at settle (file:///C:/Users/khade/OneDrive/Placment/Final%20Year%20VD%20Project/backend/node_modules/axios/lib/core/settle.js:19:12)
    at IncomingMessage.handleStreamEnd (file:///C:/Users/khade/OneDrive/Placment/Final%20Year%20VD%20Project/backend/node_modules/axios/lib/adapters/http.js:798:11)
    at IncomingMessage.emit (node:events:531:35)
    at endReadableNT (node:internal/streams/readable:1698:12)
    at process.processTicksAndRejections (node:internal/process/task_queues:90:21)
    at Axios.request (file:///C:/Users/khade/OneDrive/Placment/Final%20Year%20VD%20Project/backend/node_modules/axios/lib/core/Axios.js:45:41)
    at process.processTicksAndRejections (node:internal/process/task_queues:105:5)
    at async ImageService.downloadImage (C:\Users\khade\OneDrive\Placment\Final Year VD Project\backend\src\services\imageService.ts:162:34)
    at async <anonymous> (C:\Users\khade\OneDrive\Placment\Final Year VD Project\backend\src\services\aiService.ts:251:40)
    at async Promise.all (index 1)
    at async AIService.generateRoomRedesign (C:\Users\khade\OneDrive\Placment\Final Year VD Project\backend\src\services\aiService.ts:197:16)
    at async DesignController.generate (C:\Users\khade\OneDrive\Placment\Final Year VD Project\backend\src\controllers\designController.ts:70:37)
2026-02-06 12:40:34 [error]: AxiosError: Request failed with status code 502
    at settle (file:///C:/Users/khade/OneDrive/Placment/Final%20Year%20VD%20Project/backend/node_modules/axios/lib/core/settle.js:19:12)
    at IncomingMessage.handleStreamEnd (file:///C:/Users/khade/OneDrive/Placment/Final%20Year%20VD%20Project/backend/node_modules/axios/lib/adapters/http.js:798:11)
    at IncomingMessage.emit (node:events:531:35)
    at endReadableNT (node:internal/streams/readable:1698:12)
    at process.processTicksAndRejections (node:internal/process/task_queues:90:21)
    at Axios.request (file:///C:/Users/khade/OneDrive/Placment/Final%20Year%20VD%20Project/backend/node_modules/axios/lib/core/Axios.js:45:41)
    at process.processTicksAndRejections (node:internal/process/task_queues:105:5)
    at async ImageService.downloadImage (C:\Users\khade\OneDrive\Placment\Final Year VD Project\backend\src\services\imageService.ts:162:34)
    at async <anonymous> (C:\Users\khade\OneDrive\Placment\Final Year VD Project\backend\src\services\aiService.ts:251:40)
    at async Promise.all (index 0)
    at async AIService.generateRoomRedesign (C:\Users\khade\OneDrive\Placment\Final Year VD Project\backend\src\services\aiService.ts:197:16)
    at async DesignController.generate (C:\Users\khade\OneDrive\Placment\Final Year VD Project\backend\src\controllers\designController.ts:70:37)
2026-02-06 12:40:34 [error]: AxiosError: Request failed with status code 502
    at settle (file:///C:/Users/khade/OneDrive/Placment/Final%20Year%20VD%20Project/backend/node_modules/axios/lib/core/settle.js:19:12)
    at IncomingMessage.handleStreamEnd (file:///C:/Users/khade/OneDrive/Placment/Final%20Year%20VD%20Project/backend/node_modules/axios/lib/adapters/http.js:798:11)
    at IncomingMessage.emit (node:events:531:35)
    at endReadableNT (node:internal/streams/readable:1698:12)
    at process.processTicksAndRejections (node:internal/process/task_queues:90:21)
    at Axios.request (file:///C:/Users/khade/OneDrive/Placment/Final%20Year%20VD%20Project/backend/node_modules/axios/lib/core/Axios.js:45:41)
    at process.processTicksAndRejections (node:internal/process/task_queues:105:5)
    at async ImageService.downloadImage (C:\Users\khade\OneDrive\Placment\Final Year VD Project\backend\src\services\imageService.ts:162:34)
    at async <anonymous> (C:\Users\khade\OneDrive\Placment\Final Year VD Project\backend\src\services\aiService.ts:251:40)
    at async Promise.all (index 1)
    at async AIService.generateRoomRedesign (C:\Users\khade\OneDrive\Placment\Final Year VD Project\backend\src\services\aiService.ts:197:16)
    at async DesignController.generate (C:\Users\khade\OneDrive\Placment\Final Year VD Project\backend\src\controllers\designController.ts:70:37)
2026-02-06 12:40:34 [error]: AxiosError: Request failed with status code 502
    at settle (file:///C:/Users/khade/OneDrive/Placment/Final%20Year%20VD%20Project/backend/node_modules/axios/lib/core/settle.js:19:12)
    at IncomingMessage.handleStreamEnd (file:///C:/Users/khade/OneDrive/Placment/Final%20Year%20VD%20Project/backend/node_modules/axios/lib/adapters/http.js:798:11)
    at IncomingMessage.emit (node:events:531:35)
    at endReadableNT (node:internal/streams/readable:1698:12)
    at process.processTicksAndRejections (node:internal/process/task_queues:90:21)
    at Axios.request (file:///C:/Users/khade/OneDrive/Placment/Final%20Year%20VD%20Project/backend/node_modules/axios/lib/core/Axios.js:45:41)
    at process.processTicksAndRejections (node:internal/process/task_queues:105:5)
    at async ImageService.downloadImage (C:\Users\khade\OneDrive\Placment\Final Year VD Project\backend\src\services\imageService.ts:162:34)
    at async <anonymous> (C:\Users\khade\OneDrive\Placment\Final Year VD Project\backend\src\services\aiService.ts:251:40)
    at async Promise.all (index 2)
    at async AIService.generateRoomRedesign (C:\Users\khade\OneDrive\Placment\Final Year VD Project\backend\src\services\aiService.ts:197:16)
    at async DesignController.generate (C:\Users\khade\OneDrive\Placment\Final Year VD Project\backend\src\controllers\designController.ts:70:37)
2026-02-06 12:40:37 [error]: Proxy failed for https://image.pollinations.ai/prompt/equirectangular%20360%20panorama%2C%20wide%20angle%20interior%20photography%2C%20Traditional%20Kitchen%2C%20center%20of%20the%20Kitchen.%20high%20detail%2C%20photorealistic%2C%208k%20resolution%2C%20cinematic%20lighting%2C%20ultrarealistic%20textures%2C%20architecture%20visualization..%20Negative%20blurry%2C%20distorted%2C%20watermark%2C%20bad%20perspective%2C%20floating%20objects%2C%20people%2C%20humans%2C%20animals%2C%20text%2C%20low%20quality%2C%20fisheye%20effect%20with%20black%20corners?width=2048&height=1024&nologo=true&seed=3139&model=flux:
2026-02-06 12:40:37 [error]: Proxy failed for https://image.pollinations.ai/prompt/equirectangular%20360%20panorama%2C%20wide%20angle%20interior%20photography%2C%20Traditional%20Kitchen%2C%20center%20of%20the%20Kitchen.%20high%20detail%2C%20photorealistic%2C%208k%20resolution%2C%20cinematic%20lighting%2C%20ultrarealistic%20textures%2C%20architecture%20visualization..%20Negative%20blurry%2C%20distorted%2C%20watermark%2C%20bad%20perspective%2C%20floating%20objects%2C%20people%2C%20humans%2C%20animals%2C%20text%2C%20low%20quality%2C%20fisheye%20effect%20with%20black%20corners?width=2048&height=1024&nologo=true&seed=5020&model=flux:
2026-02-06 12:40:37 [error]: Proxy failed for https://image.pollinations.ai/prompt/equirectangular%20360%20panorama%2C%20wide%20angle%20interior%20photography%2C%20Traditional%20Kitchen%2C%20center%20of%20the%20Kitchen.%20high%20detail%2C%20photorealistic%2C%208k%20resolution%2C%20cinematic%20lighting%2C%20ultrarealistic%20textures%2C%20architecture%20visualization..%20Negative%20blurry%2C%20distorted%2C%20watermark%2C%20bad%20perspective%2C%20floating%20objects%2C%20people%2C%20humans%2C%20animals%2C%20text%2C%20low%20quality%2C%20fisheye%20effect%20with%20black%20corners?width=2048&height=1024&nologo=true&seed=4863&model=flux:
2026-02-06 12:41:19 [error]: Proxy failed for https://image.pollinations.ai/prompt/equirectangular%20360%20panorama%2C%20wide%20angle%20interior%20photography%2C%20Traditional%20Kitchen%2C%20center%20of%20the%20Kitchen.%20high%20detail%2C%20photorealistic%2C%208k%20resolution%2C%20cinematic%20lighting%2C%20ultrarealistic%20textures%2C%20architecture%20visualization..%20Negative%20blurry%2C%20distorted%2C%20watermark%2C%20bad%20perspective%2C%20floating%20objects%2C%20people%2C%20humans%2C%20animals%2C%20text%2C%20low%20quality%2C%20fisheye%20effect%20with%20black%20corners?width=2048&height=1024&nologo=true&seed=3139&model=flux:
2026-02-06 12:41:22 [error]: Proxy failed for https://image.pollinations.ai/prompt/equirectangular%20360%20panorama%2C%20wide%20angle%20interior%20photography%2C%20Traditional%20Kitchen%2C%20center%20of%20the%20Kitchen.%20high%20detail%2C%20photorealistic%2C%208k%20resolution%2C%20cinematic%20lighting%2C%20ultrarealistic%20textures%2C%20architecture%20visualization..%20Negative%20blurry%2C%20distorted%2C%20watermark%2C%20bad%20perspective%2C%20floating%20objects%2C%20people%2C%20humans%2C%20animals%2C%20text%2C%20low%20quality%2C%20fisheye%20effect%20with%20black%20corners?width=2048&height=1024&nologo=true&seed=3139&model=flux:
2026-02-06 12:41:52 [error]: Proxy failed for https://image.pollinations.ai/prompt/equirectangular%20360%20panorama%2C%20wide%20angle%20interior%20photography%2C%20Traditional%20Kitchen%2C%20center%20of%20the%20Kitchen.%20high%20detail%2C%20photorealistic%2C%208k%20resolution%2C%20cinematic%20lighting%2C%20ultrarealistic%20textures%2C%20architecture%20visualization..%20Negative%20blurry%2C%20distorted%2C%20watermark%2C%20bad%20perspective%2C%20floating%20objects%2C%20people%2C%20humans%2C%20animals%2C%20text%2C%20low%20quality%2C%20fisheye%20effect%20with%20black%20corners?width=2048&height=1024&nologo=true&seed=3139&model=flux:
2026-02-06 12:41:54 [error]: Proxy failed for https://image.pollinations.ai/prompt/equirectangular%20360%20panorama%2C%20wide%20angle%20interior%20photography%2C%20Traditional%20Kitchen%2C%20center%20of%20the%20Kitchen.%20high%20detail%2C%20photorealistic%2C%208k%20resolution%2C%20cinematic%20lighting%2C%20ultrarealistic%20textures%2C%20architecture%20visualization..%20Negative%20blurry%2C%20distorted%2C%20watermark%2C%20bad%20perspective%2C%20floating%20objects%2C%20people%2C%20humans%2C%20animals%2C%20text%2C%20low%20quality%2C%20fisheye%20effect%20with%20black%20corners?width=2048&height=1024&nologo=true&seed=3139&model=flux:
2026-02-06 12:47:59 [error]: AxiosError: Request failed with status code 502
    at settle (file:///C:/Users/khade/OneDrive/Placment/Final%20Year%20VD%20Project/backend/node_modules/axios/lib/core/settle.js:19:12)
    at IncomingMessage.handleStreamEnd (file:///C:/Users/khade/OneDrive/Placment/Final%20Year%20VD%20Project/backend/node_modules/axios/lib/adapters/http.js:798:11)
    at IncomingMessage.emit (node:events:531:35)
    at endReadableNT (node:internal/streams/readable:1698:12)
    at process.processTicksAndRejections (node:internal/process/task_queues:90:21)
    at Axios.request (file:///C:/Users/khade/OneDrive/Placment/Final%20Year%20VD%20Project/backend/node_modules/axios/lib/core/Axios.js:45:41)
    at process.processTicksAndRejections (node:internal/process/task_queues:105:5)
    at async ImageService.downloadImage (C:\Users\khade\OneDrive\Placment\Final Year VD Project\backend\src\services\imageService.ts:162:34)
    at async AIService.getPlaceholderImages (C:\Users\khade\OneDrive\Placment\Final Year VD Project\backend\src\services\aiService.ts:97:40)
    at async AIService.generateRoomRedesign (C:\Users\khade\OneDrive\Placment\Final Year VD Project\backend\src\services\aiService.ts:75:16)
    at async DesignController.generate (C:\Users\khade\OneDrive\Placment\Final Year VD Project\backend\src\controllers\designController.ts:70:37)
2026-02-06 12:47:59 [error]: AxiosError: Request failed with status code 502
    at settle (file:///C:/Users/khade/OneDrive/Placment/Final%20Year%20VD%20Project/backend/node_modules/axios/lib/core/settle.js:19:12)
    at IncomingMessage.handleStreamEnd (file:///C:/Users/khade/OneDrive/Placment/Final%20Year%20VD%20Project/backend/node_modules/axios/lib/adapters/http.js:798:11)
    at IncomingMessage.emit (node:events:531:35)
    at endReadableNT (node:internal/streams/readable:1698:12)
    at process.processTicksAndRejections (node:internal/process/task_queues:90:21)
    at Axios.request (file:///C:/Users/khade/OneDrive/Placment/Final%20Year%20VD%20Project/backend/node_modules/axios/lib/core/Axios.js:45:41)
    at process.processTicksAndRejections (node:internal/process/task_queues:105:5)
    at async ImageService.downloadImage (C:\Users\khade\OneDrive\Placment\Final Year VD Project\backend\src\services\imageService.ts:162:34)
    at async AIService.getPlaceholderImages (C:\Users\khade\OneDrive\Placment\Final Year VD Project\backend\src\services\aiService.ts:97:40)
    at async AIService.generateRoomRedesign (C:\Users\khade\OneDrive\Placment\Final Year VD Project\backend\src\services\aiService.ts:75:16)
    at async DesignController.generate (C:\Users\khade\OneDrive\Placment\Final Year VD Project\backend\src\controllers\designController.ts:70:37)
2026-02-06 12:48:01 [error]: AxiosError: Request failed with status code 502
    at settle (file:///C:/Users/khade/OneDrive/Placment/Final%20Year%20VD%20Project/backend/node_modules/axios/lib/core/settle.js:19:12)
    at IncomingMessage.handleStreamEnd (file:///C:/Users/khade/OneDrive/Placment/Final%20Year%20VD%20Project/backend/node_modules/axios/lib/adapters/http.js:798:11)
    at IncomingMessage.emit (node:events:531:35)
    at endReadableNT (node:internal/streams/readable:1698:12)
    at process.processTicksAndRejections (node:internal/process/task_queues:90:21)
    at Axios.request (file:///C:/Users/khade/OneDrive/Placment/Final%20Year%20VD%20Project/backend/node_modules/axios/lib/core/Axios.js:45:41)
    at process.processTicksAndRejections (node:internal/process/task_queues:105:5)
    at async ImageService.downloadImage (C:\Users\khade\OneDrive\Placment\Final Year VD Project\backend\src\services\imageService.ts:162:34)
    at async AIService.getPlaceholderImages (C:\Users\khade\OneDrive\Placment\Final Year VD Project\backend\src\services\aiService.ts:97:40)
    at async AIService.generateRoomRedesign (C:\Users\khade\OneDrive\Placment\Final Year VD Project\backend\src\services\aiService.ts:75:16)
    at async DesignController.generate (C:\Users\khade\OneDrive\Placment\Final Year VD Project\backend\src\controllers\designController.ts:70:37)
2026-02-06 12:48:01 [error]: AxiosError: Request failed with status code 502
    at settle (file:///C:/Users/khade/OneDrive/Placment/Final%20Year%20VD%20Project/backend/node_modules/axios/lib/core/settle.js:19:12)
    at IncomingMessage.handleStreamEnd (file:///C:/Users/khade/OneDrive/Placment/Final%20Year%20VD%20Project/backend/node_modules/axios/lib/adapters/http.js:798:11)
    at IncomingMessage.emit (node:events:531:35)
    at endReadableNT (node:internal/streams/readable:1698:12)
    at process.processTicksAndRejections (node:internal/process/task_queues:90:21)
    at Axios.request (file:///C:/Users/khade/OneDrive/Placment/Final%20Year%20VD%20Project/backend/node_modules/axios/lib/core/Axios.js:45:41)
    at process.processTicksAndRejections (node:internal/process/task_queues:105:5)
    at async ImageService.downloadImage (C:\Users\khade\OneDrive\Placment\Final Year VD Project\backend\src\services\imageService.ts:162:34)
    at async AIService.getPlaceholderImages (C:\Users\khade\OneDrive\Placment\Final Year VD Project\backend\src\services\aiService.ts:97:40)
    at async AIService.generateRoomRedesign (C:\Users\khade\OneDrive\Placment\Final Year VD Project\backend\src\services\aiService.ts:75:16)
    at async DesignController.generate (C:\Users\khade\OneDrive\Placment\Final Year VD Project\backend\src\controllers\designController.ts:70:37)
2026-02-06 12:48:06 [error]: AxiosError: Request failed with status code 502
    at settle (file:///C:/Users/khade/OneDrive/Placment/Final%20Year%20VD%20Project/backend/node_modules/axios/lib/core/settle.js:19:12)
    at IncomingMessage.handleStreamEnd (file:///C:/Users/khade/OneDrive/Placment/Final%20Year%20VD%20Project/backend/node_modules/axios/lib/adapters/http.js:798:11)
    at IncomingMessage.emit (node:events:531:35)
    at endReadableNT (node:internal/streams/readable:1698:12)
    at process.processTicksAndRejections (node:internal/process/task_queues:90:21)
    at Axios.request (file:///C:/Users/khade/OneDrive/Placment/Final%20Year%20VD%20Project/backend/node_modules/axios/lib/core/Axios.js:45:41)
    at process.processTicksAndRejections (node:internal/process/task_queues:105:5)
    at async ImageService.downloadImage (C:\Users\khade\OneDrive\Placment\Final Year VD Project\backend\src\services\imageService.ts:162:34)
    at async AIService.getPlaceholderImages (C:\Users\khade\OneDrive\Placment\Final Year VD Project\backend\src\services\aiService.ts:97:40)
    at async AIService.generateRoomRedesign (C:\Users\khade\OneDrive\Placment\Final Year VD Project\backend\src\services\aiService.ts:75:16)
    at async DesignController.generate (C:\Users\khade\OneDrive\Placment\Final Year VD Project\backend\src\controllers\designController.ts:70:37)
2026-02-06 12:48:06 [error]: AxiosError: Request failed with status code 502
    at settle (file:///C:/Users/khade/OneDrive/Placment/Final%20Year%20VD%20Project/backend/node_modules/axios/lib/core/settle.js:19:12)
    at IncomingMessage.handleStreamEnd (file:///C:/Users/khade/OneDrive/Placment/Final%20Year%20VD%20Project/backend/node_modules/axios/lib/adapters/http.js:798:11)
    at IncomingMessage.emit (node:events:531:35)
    at endReadableNT (node:internal/streams/readable:1698:12)
    at process.processTicksAndRejections (node:internal/process/task_queues:90:21)
    at Axios.request (file:///C:/Users/khade/OneDrive/Placment/Final%20Year%20VD%20Project/backend/node_modules/axios/lib/core/Axios.js:45:41)
    at process.processTicksAndRejections (node:internal/process/task_queues:105:5)
    at async ImageService.downloadImage (C:\Users\khade\OneDrive\Placment\Final Year VD Project\backend\src\services\imageService.ts:162:34)
    at async AIService.getPlaceholderImages (C:\Users\khade\OneDrive\Placment\Final Year VD Project\backend\src\services\aiService.ts:97:40)
    at async AIService.generateRoomRedesign (C:\Users\khade\OneDrive\Placment\Final Year VD Project\backend\src\services\aiService.ts:75:16)
    at async DesignController.generate (C:\Users\khade\OneDrive\Placment\Final Year VD Project\backend\src\controllers\designController.ts:70:37)
2026-02-06 12:48:08 [error]: AxiosError: Request failed with status code 502
    at settle (file:///C:/Users/khade/OneDrive/Placment/Final%20Year%20VD%20Project/backend/node_modules/axios/lib/core/settle.js:19:12)
    at IncomingMessage.handleStreamEnd (file:///C:/Users/khade/OneDrive/Placment/Final%20Year%20VD%20Project/backend/node_modules/axios/lib/adapters/http.js:798:11)
    at IncomingMessage.emit (node:events:531:35)
    at endReadableNT (node:internal/streams/readable:1698:12)
    at process.processTicksAndRejections (node:internal/process/task_queues:90:21)
    at Axios.request (file:///C:/Users/khade/OneDrive/Placment/Final%20Year%20VD%20Project/backend/node_modules/axios/lib/core/Axios.js:45:41)
    at process.processTicksAndRejections (node:internal/process/task_queues:105:5)
    at async ImageService.downloadImage (C:\Users\khade\OneDrive\Placment\Final Year VD Project\backend\src\services\imageService.ts:162:34)
    at async AIService.getPlaceholderImages (C:\Users\khade\OneDrive\Placment\Final Year VD Project\backend\src\services\aiService.ts:97:40)
    at async AIService.generateRoomRedesign (C:\Users\khade\OneDrive\Placment\Final Year VD Project\backend\src\services\aiService.ts:75:16)
    at async DesignController.generate (C:\Users\khade\OneDrive\Placment\Final Year VD Project\backend\src\controllers\designController.ts:70:37)
2026-02-06 12:48:08 [error]: AxiosError: Request failed with status code 502
    at settle (file:///C:/Users/khade/OneDrive/Placment/Final%20Year%20VD%20Project/backend/node_modules/axios/lib/core/settle.js:19:12)
    at IncomingMessage.handleStreamEnd (file:///C:/Users/khade/OneDrive/Placment/Final%20Year%20VD%20Project/backend/node_modules/axios/lib/adapters/http.js:798:11)
    at IncomingMessage.emit (node:events:531:35)
    at endReadableNT (node:internal/streams/readable:1698:12)
    at process.processTicksAndRejections (node:internal/process/task_queues:90:21)
    at Axios.request (file:///C:/Users/khade/OneDrive/Placment/Final%20Year%20VD%20Project/backend/node_modules/axios/lib/core/Axios.js:45:41)
    at process.processTicksAndRejections (node:internal/process/task_queues:105:5)
    at async ImageService.downloadImage (C:\Users\khade\OneDrive\Placment\Final Year VD Project\backend\src\services\imageService.ts:162:34)
    at async AIService.getPlaceholderImages (C:\Users\khade\OneDrive\Placment\Final Year VD Project\backend\src\services\aiService.ts:97:40)
    at async AIService.generateRoomRedesign (C:\Users\khade\OneDrive\Placment\Final Year VD Project\backend\src\services\aiService.ts:75:16)
    at async DesignController.generate (C:\Users\khade\OneDrive\Placment\Final Year VD Project\backend\src\controllers\designController.ts:70:37)
2026-02-06 12:48:11 [error]: AxiosError: Request failed with status code 502
    at settle (file:///C:/Users/khade/OneDrive/Placment/Final%20Year%20VD%20Project/backend/node_modules/axios/lib/core/settle.js:19:12)
    at IncomingMessage.handleStreamEnd (file:///C:/Users/khade/OneDrive/Placment/Final%20Year%20VD%20Project/backend/node_modules/axios/lib/adapters/http.js:798:11)
    at IncomingMessage.emit (node:events:531:35)
    at endReadableNT (node:internal/streams/readable:1698:12)
    at process.processTicksAndRejections (node:internal/process/task_queues:90:21)
    at Axios.request (file:///C:/Users/khade/OneDrive/Placment/Final%20Year%20VD%20Project/backend/node_modules/axios/lib/core/Axios.js:45:41)
    at process.processTicksAndRejections (node:internal/process/task_queues:105:5)
    at async ImageService.downloadImage (C:\Users\khade\OneDrive\Placment\Final Year VD Project\backend\src\services\imageService.ts:162:34)
    at async AIService.getPlaceholderImages (C:\Users\khade\OneDrive\Placment\Final Year VD Project\backend\src\services\aiService.ts:97:40)
    at async AIService.generateRoomRedesign (C:\Users\khade\OneDrive\Placment\Final Year VD Project\backend\src\services\aiService.ts:75:16)
    at async DesignController.generate (C:\Users\khade\OneDrive\Placment\Final Year VD Project\backend\src\controllers\designController.ts:70:37)
2026-02-06 12:48:11 [error]: AxiosError: Request failed with status code 502
    at settle (file:///C:/Users/khade/OneDrive/Placment/Final%20Year%20VD%20Project/backend/node_modules/axios/lib/core/settle.js:19:12)
    at IncomingMessage.handleStreamEnd (file:///C:/Users/khade/OneDrive/Placment/Final%20Year%20VD%20Project/backend/node_modules/axios/lib/adapters/http.js:798:11)
    at IncomingMessage.emit (node:events:531:35)
    at endReadableNT (node:internal/streams/readable:1698:12)
    at process.processTicksAndRejections (node:internal/process/task_queues:90:21)
    at Axios.request (file:///C:/Users/khade/OneDrive/Placment/Final%20Year%20VD%20Project/backend/node_modules/axios/lib/core/Axios.js:45:41)
    at process.processTicksAndRejections (node:internal/process/task_queues:105:5)
    at async ImageService.downloadImage (C:\Users\khade\OneDrive\Placment\Final Year VD Project\backend\src\services\imageService.ts:162:34)
    at async AIService.getPlaceholderImages (C:\Users\khade\OneDrive\Placment\Final Year VD Project\backend\src\services\aiService.ts:97:40)
    at async AIService.generateRoomRedesign (C:\Users\khade\OneDrive\Placment\Final Year VD Project\backend\src\services\aiService.ts:75:16)
    at async DesignController.generate (C:\Users\khade\OneDrive\Placment\Final Year VD Project\backend\src\controllers\designController.ts:70:37)
2026-02-06 12:48:15 [error]: AxiosError: Request failed with status code 502
    at settle (file:///C:/Users/khade/OneDrive/Placment/Final%20Year%20VD%20Project/backend/node_modules/axios/lib/core/settle.js:19:12)
    at IncomingMessage.handleStreamEnd (file:///C:/Users/khade/OneDrive/Placment/Final%20Year%20VD%20Project/backend/node_modules/axios/lib/adapters/http.js:798:11)
    at IncomingMessage.emit (node:events:531:35)
    at endReadableNT (node:internal/streams/readable:1698:12)
    at process.processTicksAndRejections (node:internal/process/task_queues:90:21)
    at Axios.request (file:///C:/Users/khade/OneDrive/Placment/Final%20Year%20VD%20Project/backend/node_modules/axios/lib/core/Axios.js:45:41)
    at process.processTicksAndRejections (node:internal/process/task_queues:105:5)
    at async ImageService.downloadImage (C:\Users\khade\OneDrive\Placment\Final Year VD Project\backend\src\services\imageService.ts:162:34)
    at async AIService.getPlaceholderImages (C:\Users\khade\OneDrive\Placment\Final Year VD Project\backend\src\services\aiService.ts:97:40)
    at async AIService.generateRoomRedesign (C:\Users\khade\OneDrive\Placment\Final Year VD Project\backend\src\services\aiService.ts:75:16)
    at async DesignController.generate (C:\Users\khade\OneDrive\Placment\Final Year VD Project\backend\src\controllers\designController.ts:70:37)
2026-02-06 12:48:16 [error]: AxiosError: Request failed with status code 502
    at settle (file:///C:/Users/khade/OneDrive/Placment/Final%20Year%20VD%20Project/backend/node_modules/axios/lib/core/settle.js:19:12)
    at IncomingMessage.handleStreamEnd (file:///C:/Users/khade/OneDrive/Placment/Final%20Year%20VD%20Project/backend/node_modules/axios/lib/adapters/http.js:798:11)
    at IncomingMessage.emit (node:events:531:35)
    at endReadableNT (node:internal/streams/readable:1698:12)
    at process.processTicksAndRejections (node:internal/process/task_queues:90:21)
    at Axios.request (file:///C:/Users/khade/OneDrive/Placment/Final%20Year%20VD%20Project/backend/node_modules/axios/lib/core/Axios.js:45:41)
    at process.processTicksAndRejections (node:internal/process/task_queues:105:5)
    at async ImageService.downloadImage (C:\Users\khade\OneDrive\Placment\Final Year VD Project\backend\src\services\imageService.ts:162:34)
    at async AIService.getPlaceholderImages (C:\Users\khade\OneDrive\Placment\Final Year VD Project\backend\src\services\aiService.ts:97:40)
    at async AIService.generateRoomRedesign (C:\Users\khade\OneDrive\Placment\Final Year VD Project\backend\src\services\aiService.ts:75:16)
    at async DesignController.generate (C:\Users\khade\OneDrive\Placment\Final Year VD Project\backend\src\controllers\designController.ts:70:37)
2026-02-06 12:48:17 [error]: AxiosError: Request failed with status code 502
    at settle (file:///C:/Users/khade/OneDrive/Placment/Final%20Year%20VD%20Project/backend/node_modules/axios/lib/core/settle.js:19:12)
    at IncomingMessage.handleStreamEnd (file:///C:/Users/khade/OneDrive/Placment/Final%20Year%20VD%20Project/backend/node_modules/axios/lib/adapters/http.js:798:11)
    at IncomingMessage.emit (node:events:531:35)
    at endReadableNT (node:internal/streams/readable:1698:12)
    at process.processTicksAndRejections (node:internal/process/task_queues:90:21)
    at Axios.request (file:///C:/Users/khade/OneDrive/Placment/Final%20Year%20VD%20Project/backend/node_modules/axios/lib/core/Axios.js:45:41)
    at process.processTicksAndRejections (node:internal/process/task_queues:105:5)
    at async ImageService.downloadImage (C:\Users\khade\OneDrive\Placment\Final Year VD Project\backend\src\services\imageService.ts:162:34)
    at async AIService.getPlaceholderImages (C:\Users\khade\OneDrive\Placment\Final Year VD Project\backend\src\services\aiService.ts:97:40)
    at async AIService.generateRoomRedesign (C:\Users\khade\OneDrive\Placment\Final Year VD Project\backend\src\services\aiService.ts:75:16)
    at async DesignController.generate (C:\Users\khade\OneDrive\Placment\Final Year VD Project\backend\src\controllers\designController.ts:70:37)
2026-02-06 12:48:17 [error]: AxiosError: Request failed with status code 502
    at settle (file:///C:/Users/khade/OneDrive/Placment/Final%20Year%20VD%20Project/backend/node_modules/axios/lib/core/settle.js:19:12)
    at IncomingMessage.handleStreamEnd (file:///C:/Users/khade/OneDrive/Placment/Final%20Year%20VD%20Project/backend/node_modules/axios/lib/adapters/http.js:798:11)
    at IncomingMessage.emit (node:events:531:35)
    at endReadableNT (node:internal/streams/readable:1698:12)
    at process.processTicksAndRejections (node:internal/process/task_queues:90:21)
    at Axios.request (file:///C:/Users/khade/OneDrive/Placment/Final%20Year%20VD%20Project/backend/node_modules/axios/lib/core/Axios.js:45:41)
    at process.processTicksAndRejections (node:internal/process/task_queues:105:5)
    at async ImageService.downloadImage (C:\Users\khade\OneDrive\Placment\Final Year VD Project\backend\src\services\imageService.ts:162:34)
    at async AIService.getPlaceholderImages (C:\Users\khade\OneDrive\Placment\Final Year VD Project\backend\src\services\aiService.ts:97:40)
    at async AIService.generateRoomRedesign (C:\Users\khade\OneDrive\Placment\Final Year VD Project\backend\src\services\aiService.ts:75:16)
    at async DesignController.generate (C:\Users\khade\OneDrive\Placment\Final Year VD Project\backend\src\controllers\designController.ts:70:37)
2026-02-06 12:48:20 [error]: AxiosError: Request failed with status code 502
    at settle (file:///C:/Users/khade/OneDrive/Placment/Final%20Year%20VD%20Project/backend/node_modules/axios/lib/core/settle.js:19:12)
    at IncomingMessage.handleStreamEnd (file:///C:/Users/khade/OneDrive/Placment/Final%20Year%20VD%20Project/backend/node_modules/axios/lib/adapters/http.js:798:11)
    at IncomingMessage.emit (node:events:531:35)
    at endReadableNT (node:internal/streams/readable:1698:12)
    at process.processTicksAndRejections (node:internal/process/task_queues:90:21)
    at Axios.request (file:///C:/Users/khade/OneDrive/Placment/Final%20Year%20VD%20Project/backend/node_modules/axios/lib/core/Axios.js:45:41)
    at process.processTicksAndRejections (node:internal/process/task_queues:105:5)
    at async ImageService.downloadImage (C:\Users\khade\OneDrive\Placment\Final Year VD Project\backend\src\services\imageService.ts:162:34)
    at async AIService.getPlaceholderImages (C:\Users\khade\OneDrive\Placment\Final Year VD Project\backend\src\services\aiService.ts:97:40)
    at async AIService.generateRoomRedesign (C:\Users\khade\OneDrive\Placment\Final Year VD Project\backend\src\services\aiService.ts:75:16)
    at async DesignController.generate (C:\Users\khade\OneDrive\Placment\Final Year VD Project\backend\src\controllers\designController.ts:70:37)
2026-02-06 12:48:20 [error]: AxiosError: Request failed with status code 502
    at settle (file:///C:/Users/khade/OneDrive/Placment/Final%20Year%20VD%20Project/backend/node_modules/axios/lib/core/settle.js:19:12)
    at IncomingMessage.handleStreamEnd (file:///C:/Users/khade/OneDrive/Placment/Final%20Year%20VD%20Project/backend/node_modules/axios/lib/adapters/http.js:798:11)
    at IncomingMessage.emit (node:events:531:35)
    at endReadableNT (node:internal/streams/readable:1698:12)
    at process.processTicksAndRejections (node:internal/process/task_queues:90:21)
    at Axios.request (file:///C:/Users/khade/OneDrive/Placment/Final%20Year%20VD%20Project/backend/node_modules/axios/lib/core/Axios.js:45:41)
    at process.processTicksAndRejections (node:internal/process/task_queues:105:5)
    at async ImageService.downloadImage (C:\Users\khade\OneDrive\Placment\Final Year VD Project\backend\src\services\imageService.ts:162:34)
    at async AIService.getPlaceholderImages (C:\Users\khade\OneDrive\Placment\Final Year VD Project\backend\src\services\aiService.ts:97:40)
    at async AIService.generateRoomRedesign (C:\Users\khade\OneDrive\Placment\Final Year VD Project\backend\src\services\aiService.ts:75:16)
    at async DesignController.generate (C:\Users\khade\OneDrive\Placment\Final Year VD Project\backend\src\controllers\designController.ts:70:37)
2026-02-06 12:48:25 [error]: AxiosError: Request failed with status code 502
    at settle (file:///C:/Users/khade/OneDrive/Placment/Final%20Year%20VD%20Project/backend/node_modules/axios/lib/core/settle.js:19:12)
    at IncomingMessage.handleStreamEnd (file:///C:/Users/khade/OneDrive/Placment/Final%20Year%20VD%20Project/backend/node_modules/axios/lib/adapters/http.js:798:11)
    at IncomingMessage.emit (node:events:531:35)
    at endReadableNT (node:internal/streams/readable:1698:12)
    at process.processTicksAndRejections (node:internal/process/task_queues:90:21)
    at Axios.request (file:///C:/Users/khade/OneDrive/Placment/Final%20Year%20VD%20Project/backend/node_modules/axios/lib/core/Axios.js:45:41)
    at process.processTicksAndRejections (node:internal/process/task_queues:105:5)
    at async ImageService.downloadImage (C:\Users\khade\OneDrive\Placment\Final Year VD Project\backend\src\services\imageService.ts:162:34)
    at async AIService.getPlaceholderImages (C:\Users\khade\OneDrive\Placment\Final Year VD Project\backend\src\services\aiService.ts:97:40)
    at async AIService.generateRoomRedesign (C:\Users\khade\OneDrive\Placment\Final Year VD Project\backend\src\services\aiService.ts:75:16)
    at async DesignController.generate (C:\Users\khade\OneDrive\Placment\Final Year VD Project\backend\src\controllers\designController.ts:70:37)
2026-02-06 12:48:25 [error]: AxiosError: Request failed with status code 502
    at settle (file:///C:/Users/khade/OneDrive/Placment/Final%20Year%20VD%20Project/backend/node_modules/axios/lib/core/settle.js:19:12)
    at IncomingMessage.handleStreamEnd (file:///C:/Users/khade/OneDrive/Placment/Final%20Year%20VD%20Project/backend/node_modules/axios/lib/adapters/http.js:798:11)
    at IncomingMessage.emit (node:events:531:35)
    at endReadableNT (node:internal/streams/readable:1698:12)
    at process.processTicksAndRejections (node:internal/process/task_queues:90:21)
    at Axios.request (file:///C:/Users/khade/OneDrive/Placment/Final%20Year%20VD%20Project/backend/node_modules/axios/lib/core/Axios.js:45:41)
    at process.processTicksAndRejections (node:internal/process/task_queues:105:5)
    at async ImageService.downloadImage (C:\Users\khade\OneDrive\Placment\Final Year VD Project\backend\src\services\imageService.ts:162:34)
    at async AIService.getPlaceholderImages (C:\Users\khade\OneDrive\Placment\Final Year VD Project\backend\src\services\aiService.ts:97:40)
    at async AIService.generateRoomRedesign (C:\Users\khade\OneDrive\Placment\Final Year VD Project\backend\src\services\aiService.ts:75:16)
    at async DesignController.generate (C:\Users\khade\OneDrive\Placment\Final Year VD Project\backend\src\controllers\designController.ts:70:37)
2026-02-06 12:52:12 [error]: AxiosError: Request failed with status code 502
    at settle (file:///C:/Users/khade/OneDrive/Placment/Final%20Year%20VD%20Project/backend/node_modules/axios/lib/core/settle.js:19:12)
    at IncomingMessage.handleStreamEnd (file:///C:/Users/khade/OneDrive/Placment/Final%20Year%20VD%20Project/backend/node_modules/axios/lib/adapters/http.js:798:11)
    at IncomingMessage.emit (node:events:531:35)
    at endReadableNT (node:internal/streams/readable:1698:12)
    at process.processTicksAndRejections (node:internal/process/task_queues:90:21)
    at Axios.request (file:///C:/Users/khade/OneDrive/Placment/Final%20Year%20VD%20Project/backend/node_modules/axios/lib/core/Axios.js:45:41)
    at process.processTicksAndRejections (node:internal/process/task_queues:105:5)
    at async ImageService.downloadImage (C:\Users\khade\OneDrive\Placment\Final Year VD Project\backend\src\services\imageService.ts:162:34)
    at async AIService.getPlaceholderImages (C:\Users\khade\OneDrive\Placment\Final Year VD Project\backend\src\services\aiService.ts:97:40)
    at async AIService.generateRoomRedesign (C:\Users\khade\OneDrive\Placment\Final Year VD Project\backend\src\services\aiService.ts:75:16)
    at async DesignController.generate (C:\Users\khade\OneDrive\Placment\Final Year VD Project\backend\src\controllers\designController.ts:70:37)
2026-02-06 12:52:12 [error]: AxiosError: Request failed with status code 502
    at settle (file:///C:/Users/khade/OneDrive/Placment/Final%20Year%20VD%20Project/backend/node_modules/axios/lib/core/settle.js:19:12)
    at IncomingMessage.handleStreamEnd (file:///C:/Users/khade/OneDrive/Placment/Final%20Year%20VD%20Project/backend/node_modules/axios/lib/adapters/http.js:798:11)
    at IncomingMessage.emit (node:events:531:35)
    at endReadableNT (node:internal/streams/readable:1698:12)
    at process.processTicksAndRejections (node:internal/process/task_queues:90:21)
    at Axios.request (file:///C:/Users/khade/OneDrive/Placment/Final%20Year%20VD%20Project/backend/node_modules/axios/lib/core/Axios.js:45:41)
    at process.processTicksAndRejections (node:internal/process/task_queues:105:5)
    at async ImageService.downloadImage (C:\Users\khade\OneDrive\Placment\Final Year VD Project\backend\src\services\imageService.ts:162:34)
    at async AIService.getPlaceholderImages (C:\Users\khade\OneDrive\Placment\Final Year VD Project\backend\src\services\aiService.ts:97:40)
    at async AIService.generateRoomRedesign (C:\Users\khade\OneDrive\Placment\Final Year VD Project\backend\src\services\aiService.ts:75:16)
    at async DesignController.generate (C:\Users\khade\OneDrive\Placment\Final Year VD Project\backend\src\controllers\designController.ts:70:37)
2026-02-06 12:52:15 [error]: AxiosError: Request failed with status code 502
    at settle (file:///C:/Users/khade/OneDrive/Placment/Final%20Year%20VD%20Project/backend/node_modules/axios/lib/core/settle.js:19:12)
    at IncomingMessage.handleStreamEnd (file:///C:/Users/khade/OneDrive/Placment/Final%20Year%20VD%20Project/backend/node_modules/axios/lib/adapters/http.js:798:11)
    at IncomingMessage.emit (node:events:531:35)
    at endReadableNT (node:internal/streams/readable:1698:12)
    at process.processTicksAndRejections (node:internal/process/task_queues:90:21)
    at Axios.request (file:///C:/Users/khade/OneDrive/Placment/Final%20Year%20VD%20Project/backend/node_modules/axios/lib/core/Axios.js:45:41)
    at process.processTicksAndRejections (node:internal/process/task_queues:105:5)
    at async ImageService.downloadImage (C:\Users\khade\OneDrive\Placment\Final Year VD Project\backend\src\services\imageService.ts:162:34)
    at async AIService.getPlaceholderImages (C:\Users\khade\OneDrive\Placment\Final Year VD Project\backend\src\services\aiService.ts:97:40)
    at async AIService.generateRoomRedesign (C:\Users\khade\OneDrive\Placment\Final Year VD Project\backend\src\services\aiService.ts:75:16)
    at async DesignController.generate (C:\Users\khade\OneDrive\Placment\Final Year VD Project\backend\src\controllers\designController.ts:70:37)
2026-02-06 12:52:15 [error]: AxiosError: Request failed with status code 502
    at settle (file:///C:/Users/khade/OneDrive/Placment/Final%20Year%20VD%20Project/backend/node_modules/axios/lib/core/settle.js:19:12)
    at IncomingMessage.handleStreamEnd (file:///C:/Users/khade/OneDrive/Placment/Final%20Year%20VD%20Project/backend/node_modules/axios/lib/adapters/http.js:798:11)
    at IncomingMessage.emit (node:events:531:35)
    at endReadableNT (node:internal/streams/readable:1698:12)
    at process.processTicksAndRejections (node:internal/process/task_queues:90:21)
    at Axios.request (file:///C:/Users/khade/OneDrive/Placment/Final%20Year%20VD%20Project/backend/node_modules/axios/lib/core/Axios.js:45:41)
    at process.processTicksAndRejections (node:internal/process/task_queues:105:5)
    at async ImageService.downloadImage (C:\Users\khade\OneDrive\Placment\Final Year VD Project\backend\src\services\imageService.ts:162:34)
    at async AIService.getPlaceholderImages (C:\Users\khade\OneDrive\Placment\Final Year VD Project\backend\src\services\aiService.ts:97:40)
    at async AIService.generateRoomRedesign (C:\Users\khade\OneDrive\Placment\Final Year VD Project\backend\src\services\aiService.ts:75:16)
    at async DesignController.generate (C:\Users\khade\OneDrive\Placment\Final Year VD Project\backend\src\controllers\designController.ts:70:37)
2026-02-06 12:52:19 [error]: AxiosError: Request failed with status code 502
    at settle (file:///C:/Users/khade/OneDrive/Placment/Final%20Year%20VD%20Project/backend/node_modules/axios/lib/core/settle.js:19:12)
    at IncomingMessage.handleStreamEnd (file:///C:/Users/khade/OneDrive/Placment/Final%20Year%20VD%20Project/backend/node_modules/axios/lib/adapters/http.js:798:11)
    at IncomingMessage.emit (node:events:531:35)
    at endReadableNT (node:internal/streams/readable:1698:12)
    at process.processTicksAndRejections (node:internal/process/task_queues:90:21)
    at Axios.request (file:///C:/Users/khade/OneDrive/Placment/Final%20Year%20VD%20Project/backend/node_modules/axios/lib/core/Axios.js:45:41)
    at process.processTicksAndRejections (node:internal/process/task_queues:105:5)
    at async ImageService.downloadImage (C:\Users\khade\OneDrive\Placment\Final Year VD Project\backend\src\services\imageService.ts:162:34)
    at async AIService.getPlaceholderImages (C:\Users\khade\OneDrive\Placment\Final Year VD Project\backend\src\services\aiService.ts:97:40)
    at async AIService.generateRoomRedesign (C:\Users\khade\OneDrive\Placment\Final Year VD Project\backend\src\services\aiService.ts:75:16)
    at async DesignController.generate (C:\Users\khade\OneDrive\Placment\Final Year VD Project\backend\src\controllers\designController.ts:70:37)
2026-02-06 12:52:19 [error]: AxiosError: Request failed with status code 502
    at settle (file:///C:/Users/khade/OneDrive/Placment/Final%20Year%20VD%20Project/backend/node_modules/axios/lib/core/settle.js:19:12)
    at IncomingMessage.handleStreamEnd (file:///C:/Users/khade/OneDrive/Placment/Final%20Year%20VD%20Project/backend/node_modules/axios/lib/adapters/http.js:798:11)
    at IncomingMessage.emit (node:events:531:35)
    at endReadableNT (node:internal/streams/readable:1698:12)
    at process.processTicksAndRejections (node:internal/process/task_queues:90:21)
    at Axios.request (file:///C:/Users/khade/OneDrive/Placment/Final%20Year%20VD%20Project/backend/node_modules/axios/lib/core/Axios.js:45:41)
    at process.processTicksAndRejections (node:internal/process/task_queues:105:5)
    at async ImageService.downloadImage (C:\Users\khade\OneDrive\Placment\Final Year VD Project\backend\src\services\imageService.ts:162:34)
    at async AIService.getPlaceholderImages (C:\Users\khade\OneDrive\Placment\Final Year VD Project\backend\src\services\aiService.ts:97:40)
    at async AIService.generateRoomRedesign (C:\Users\khade\OneDrive\Placment\Final Year VD Project\backend\src\services\aiService.ts:75:16)
    at async DesignController.generate (C:\Users\khade\OneDrive\Placment\Final Year VD Project\backend\src\controllers\designController.ts:70:37)
2026-02-06 12:52:21 [error]: AxiosError: Request failed with status code 502
    at settle (file:///C:/Users/khade/OneDrive/Placment/Final%20Year%20VD%20Project/backend/node_modules/axios/lib/core/settle.js:19:12)
    at IncomingMessage.handleStreamEnd (file:///C:/Users/khade/OneDrive/Placment/Final%20Year%20VD%20Project/backend/node_modules/axios/lib/adapters/http.js:798:11)
    at IncomingMessage.emit (node:events:531:35)
    at endReadableNT (node:internal/streams/readable:1698:12)
    at process.processTicksAndRejections (node:internal/process/task_queues:90:21)
    at Axios.request (file:///C:/Users/khade/OneDrive/Placment/Final%20Year%20VD%20Project/backend/node_modules/axios/lib/core/Axios.js:45:41)
    at process.processTicksAndRejections (node:internal/process/task_queues:105:5)
    at async ImageService.downloadImage (C:\Users\khade\OneDrive\Placment\Final Year VD Project\backend\src\services\imageService.ts:162:34)
    at async AIService.getPlaceholderImages (C:\Users\khade\OneDrive\Placment\Final Year VD Project\backend\src\services\aiService.ts:97:40)
    at async AIService.generateRoomRedesign (C:\Users\khade\OneDrive\Placment\Final Year VD Project\backend\src\services\aiService.ts:75:16)
    at async DesignController.generate (C:\Users\khade\OneDrive\Placment\Final Year VD Project\backend\src\controllers\designController.ts:70:37)
2026-02-06 12:52:21 [error]: AxiosError: Request failed with status code 502
    at settle (file:///C:/Users/khade/OneDrive/Placment/Final%20Year%20VD%20Project/backend/node_modules/axios/lib/core/settle.js:19:12)
    at IncomingMessage.handleStreamEnd (file:///C:/Users/khade/OneDrive/Placment/Final%20Year%20VD%20Project/backend/node_modules/axios/lib/adapters/http.js:798:11)
    at IncomingMessage.emit (node:events:531:35)
    at endReadableNT (node:internal/streams/readable:1698:12)
    at process.processTicksAndRejections (node:internal/process/task_queues:90:21)
    at Axios.request (file:///C:/Users/khade/OneDrive/Placment/Final%20Year%20VD%20Project/backend/node_modules/axios/lib/core/Axios.js:45:41)
    at process.processTicksAndRejections (node:internal/process/task_queues:105:5)
    at async ImageService.downloadImage (C:\Users\khade\OneDrive\Placment\Final Year VD Project\backend\src\services\imageService.ts:162:34)
    at async AIService.getPlaceholderImages (C:\Users\khade\OneDrive\Placment\Final Year VD Project\backend\src\services\aiService.ts:97:40)
    at async AIService.generateRoomRedesign (C:\Users\khade\OneDrive\Placment\Final Year VD Project\backend\src\services\aiService.ts:75:16)
    at async DesignController.generate (C:\Users\khade\OneDrive\Placment\Final Year VD Project\backend\src\controllers\designController.ts:70:37)
2026-02-06 12:52:24 [error]: AxiosError: Request failed with status code 502
    at settle (file:///C:/Users/khade/OneDrive/Placment/Final%20Year%20VD%20Project/backend/node_modules/axios/lib/core/settle.js:19:12)
    at IncomingMessage.handleStreamEnd (file:///C:/Users/khade/OneDrive/Placment/Final%20Year%20VD%20Project/backend/node_modules/axios/lib/adapters/http.js:798:11)
    at IncomingMessage.emit (node:events:531:35)
    at endReadableNT (node:internal/streams/readable:1698:12)
    at process.processTicksAndRejections (node:internal/process/task_queues:90:21)
    at Axios.request (file:///C:/Users/khade/OneDrive/Placment/Final%20Year%20VD%20Project/backend/node_modules/axios/lib/core/Axios.js:45:41)
    at process.processTicksAndRejections (node:internal/process/task_queues:105:5)
    at async ImageService.downloadImage (C:\Users\khade\OneDrive\Placment\Final Year VD Project\backend\src\services\imageService.ts:162:34)
    at async AIService.getPlaceholderImages (C:\Users\khade\OneDrive\Placment\Final Year VD Project\backend\src\services\aiService.ts:97:40)
    at async AIService.generateRoomRedesign (C:\Users\khade\OneDrive\Placment\Final Year VD Project\backend\src\services\aiService.ts:75:16)
    at async DesignController.generate (C:\Users\khade\OneDrive\Placment\Final Year VD Project\backend\src\controllers\designController.ts:70:37)
2026-02-06 12:52:24 [error]: AxiosError: Request failed with status code 502
    at settle (file:///C:/Users/khade/OneDrive/Placment/Final%20Year%20VD%20Project/backend/node_modules/axios/lib/core/settle.js:19:12)
    at IncomingMessage.handleStreamEnd (file:///C:/Users/khade/OneDrive/Placment/Final%20Year%20VD%20Project/backend/node_modules/axios/lib/adapters/http.js:798:11)
    at IncomingMessage.emit (node:events:531:35)
    at endReadableNT (node:internal/streams/readable:1698:12)
    at process.processTicksAndRejections (node:internal/process/task_queues:90:21)
    at Axios.request (file:///C:/Users/khade/OneDrive/Placment/Final%20Year%20VD%20Project/backend/node_modules/axios/lib/core/Axios.js:45:41)
    at process.processTicksAndRejections (node:internal/process/task_queues:105:5)
    at async ImageService.downloadImage (C:\Users\khade\OneDrive\Placment\Final Year VD Project\backend\src\services\imageService.ts:162:34)
    at async AIService.getPlaceholderImages (C:\Users\khade\OneDrive\Placment\Final Year VD Project\backend\src\services\aiService.ts:97:40)
    at async AIService.generateRoomRedesign (C:\Users\khade\OneDrive\Placment\Final Year VD Project\backend\src\services\aiService.ts:75:16)
    at async DesignController.generate (C:\Users\khade\OneDrive\Placment\Final Year VD Project\backend\src\controllers\designController.ts:70:37)
2026-02-06 12:52:29 [error]: AxiosError: Request failed with status code 502
    at settle (file:///C:/Users/khade/OneDrive/Placment/Final%20Year%20VD%20Project/backend/node_modules/axios/lib/core/settle.js:19:12)
    at IncomingMessage.handleStreamEnd (file:///C:/Users/khade/OneDrive/Placment/Final%20Year%20VD%20Project/backend/node_modules/axios/lib/adapters/http.js:798:11)
    at IncomingMessage.emit (node:events:531:35)
    at endReadableNT (node:internal/streams/readable:1698:12)
    at process.processTicksAndRejections (node:internal/process/task_queues:90:21)
    at Axios.request (file:///C:/Users/khade/OneDrive/Placment/Final%20Year%20VD%20Project/backend/node_modules/axios/lib/core/Axios.js:45:41)
    at process.processTicksAndRejections (node:internal/process/task_queues:105:5)
    at async ImageService.downloadImage (C:\Users\khade\OneDrive\Placment\Final Year VD Project\backend\src\services\imageService.ts:162:34)
    at async AIService.getPlaceholderImages (C:\Users\khade\OneDrive\Placment\Final Year VD Project\backend\src\services\aiService.ts:97:40)
    at async AIService.generateRoomRedesign (C:\Users\khade\OneDrive\Placment\Final Year VD Project\backend\src\services\aiService.ts:75:16)
    at async DesignController.generate (C:\Users\khade\OneDrive\Placment\Final Year VD Project\backend\src\controllers\designController.ts:70:37)
2026-02-06 12:52:29 [error]: AxiosError: Request failed with status code 502
    at settle (file:///C:/Users/khade/OneDrive/Placment/Final%20Year%20VD%20Project/backend/node_modules/axios/lib/core/settle.js:19:12)
    at IncomingMessage.handleStreamEnd (file:///C:/Users/khade/OneDrive/Placment/Final%20Year%20VD%20Project/backend/node_modules/axios/lib/adapters/http.js:798:11)
    at IncomingMessage.emit (node:events:531:35)
    at endReadableNT (node:internal/streams/readable:1698:12)
    at process.processTicksAndRejections (node:internal/process/task_queues:90:21)
    at Axios.request (file:///C:/Users/khade/OneDrive/Placment/Final%20Year%20VD%20Project/backend/node_modules/axios/lib/core/Axios.js:45:41)
    at process.processTicksAndRejections (node:internal/process/task_queues:105:5)
    at async ImageService.downloadImage (C:\Users\khade\OneDrive\Placment\Final Year VD Project\backend\src\services\imageService.ts:162:34)
    at async AIService.getPlaceholderImages (C:\Users\khade\OneDrive\Placment\Final Year VD Project\backend\src\services\aiService.ts:97:40)
    at async AIService.generateRoomRedesign (C:\Users\khade\OneDrive\Placment\Final Year VD Project\backend\src\services\aiService.ts:75:16)
    at async DesignController.generate (C:\Users\khade\OneDrive\Placment\Final Year VD Project\backend\src\controllers\designController.ts:70:37)
2026-02-06 12:52:30 [error]: AxiosError: Request failed with status code 502
    at settle (file:///C:/Users/khade/OneDrive/Placment/Final%20Year%20VD%20Project/backend/node_modules/axios/lib/core/settle.js:19:12)
    at IncomingMessage.handleStreamEnd (file:///C:/Users/khade/OneDrive/Placment/Final%20Year%20VD%20Project/backend/node_modules/axios/lib/adapters/http.js:798:11)
    at IncomingMessage.emit (node:events:531:35)
    at endReadableNT (node:internal/streams/readable:1698:12)
    at process.processTicksAndRejections (node:internal/process/task_queues:90:21)
    at Axios.request (file:///C:/Users/khade/OneDrive/Placment/Final%20Year%20VD%20Project/backend/node_modules/axios/lib/core/Axios.js:45:41)
    at process.processTicksAndRejections (node:internal/process/task_queues:105:5)
    at async ImageService.downloadImage (C:\Users\khade\OneDrive\Placment\Final Year VD Project\backend\src\services\imageService.ts:162:34)
    at async AIService.getPlaceholderImages (C:\Users\khade\OneDrive\Placment\Final Year VD Project\backend\src\services\aiService.ts:97:40)
    at async AIService.generateRoomRedesign (C:\Users\khade\OneDrive\Placment\Final Year VD Project\backend\src\services\aiService.ts:75:16)
    at async DesignController.generate (C:\Users\khade\OneDrive\Placment\Final Year VD Project\backend\src\controllers\designController.ts:70:37)
2026-02-06 12:52:30 [error]: AxiosError: Request failed with status code 502
    at settle (file:///C:/Users/khade/OneDrive/Placment/Final%20Year%20VD%20Project/backend/node_modules/axios/lib/core/settle.js:19:12)
    at IncomingMessage.handleStreamEnd (file:///C:/Users/khade/OneDrive/Placment/Final%20Year%20VD%20Project/backend/node_modules/axios/lib/adapters/http.js:798:11)
    at IncomingMessage.emit (node:events:531:35)
    at endReadableNT (node:internal/streams/readable:1698:12)
    at process.processTicksAndRejections (node:internal/process/task_queues:90:21)
    at Axios.request (file:///C:/Users/khade/OneDrive/Placment/Final%20Year%20VD%20Project/backend/node_modules/axios/lib/core/Axios.js:45:41)
    at process.processTicksAndRejections (node:internal/process/task_queues:105:5)
    at async ImageService.downloadImage (C:\Users\khade\OneDrive\Placment\Final Year VD Project\backend\src\services\imageService.ts:162:34)
    at async AIService.getPlaceholderImages (C:\Users\khade\OneDrive\Placment\Final Year VD Project\backend\src\services\aiService.ts:97:40)
    at async AIService.generateRoomRedesign (C:\Users\khade\OneDrive\Placment\Final Year VD Project\backend\src\services\aiService.ts:75:16)
    at async DesignController.generate (C:\Users\khade\OneDrive\Placment\Final Year VD Project\backend\src\controllers\designController.ts:70:37)
2026-02-06 12:52:33 [error]: AxiosError: Request failed with status code 502
    at settle (file:///C:/Users/khade/OneDrive/Placment/Final%20Year%20VD%20Project/backend/node_modules/axios/lib/core/settle.js:19:12)
    at IncomingMessage.handleStreamEnd (file:///C:/Users/khade/OneDrive/Placment/Final%20Year%20VD%20Project/backend/node_modules/axios/lib/adapters/http.js:798:11)
    at IncomingMessage.emit (node:events:531:35)
    at endReadableNT (node:internal/streams/readable:1698:12)
    at process.processTicksAndRejections (node:internal/process/task_queues:90:21)
    at Axios.request (file:///C:/Users/khade/OneDrive/Placment/Final%20Year%20VD%20Project/backend/node_modules/axios/lib/core/Axios.js:45:41)
    at process.processTicksAndRejections (node:internal/process/task_queues:105:5)
    at async ImageService.downloadImage (C:\Users\khade\OneDrive\Placment\Final Year VD Project\backend\src\services\imageService.ts:162:34)
    at async AIService.getPlaceholderImages (C:\Users\khade\OneDrive\Placment\Final Year VD Project\backend\src\services\aiService.ts:97:40)
    at async AIService.generateRoomRedesign (C:\Users\khade\OneDrive\Placment\Final Year VD Project\backend\src\services\aiService.ts:75:16)
    at async DesignController.generate (C:\Users\khade\OneDrive\Placment\Final Year VD Project\backend\src\controllers\designController.ts:70:37)
2026-02-06 12:52:33 [error]: AxiosError: Request failed with status code 502
    at settle (file:///C:/Users/khade/OneDrive/Placment/Final%20Year%20VD%20Project/backend/node_modules/axios/lib/core/settle.js:19:12)
    at IncomingMessage.handleStreamEnd (file:///C:/Users/khade/OneDrive/Placment/Final%20Year%20VD%20Project/backend/node_modules/axios/lib/adapters/http.js:798:11)
    at IncomingMessage.emit (node:events:531:35)
    at endReadableNT (node:internal/streams/readable:1698:12)
    at process.processTicksAndRejections (node:internal/process/task_queues:90:21)
    at Axios.request (file:///C:/Users/khade/OneDrive/Placment/Final%20Year%20VD%20Project/backend/node_modules/axios/lib/core/Axios.js:45:41)
    at process.processTicksAndRejections (node:internal/process/task_queues:105:5)
    at async ImageService.downloadImage (C:\Users\khade\OneDrive\Placment\Final Year VD Project\backend\src\services\imageService.ts:162:34)
    at async AIService.getPlaceholderImages (C:\Users\khade\OneDrive\Placment\Final Year VD Project\backend\src\services\aiService.ts:97:40)
    at async AIService.generateRoomRedesign (C:\Users\khade\OneDrive\Placment\Final Year VD Project\backend\src\services\aiService.ts:75:16)
    at async DesignController.generate (C:\Users\khade\OneDrive\Placment\Final Year VD Project\backend\src\controllers\designController.ts:70:37)
2026-02-06 12:52:38 [error]: AxiosError: Request failed with status code 502
    at settle (file:///C:/Users/khade/OneDrive/Placment/Final%20Year%20VD%20Project/backend/node_modules/axios/lib/core/settle.js:19:12)
    at IncomingMessage.handleStreamEnd (file:///C:/Users/khade/OneDrive/Placment/Final%20Year%20VD%20Project/backend/node_modules/axios/lib/adapters/http.js:798:11)
    at IncomingMessage.emit (node:events:531:35)
    at endReadableNT (node:internal/streams/readable:1698:12)
    at process.processTicksAndRejections (node:internal/process/task_queues:90:21)
    at Axios.request (file:///C:/Users/khade/OneDrive/Placment/Final%20Year%20VD%20Project/backend/node_modules/axios/lib/core/Axios.js:45:41)
    at process.processTicksAndRejections (node:internal/process/task_queues:105:5)
    at async ImageService.downloadImage (C:\Users\khade\OneDrive\Placment\Final Year VD Project\backend\src\services\imageService.ts:162:34)
    at async AIService.getPlaceholderImages (C:\Users\khade\OneDrive\Placment\Final Year VD Project\backend\src\services\aiService.ts:97:40)
    at async AIService.generateRoomRedesign (C:\Users\khade\OneDrive\Placment\Final Year VD Project\backend\src\services\aiService.ts:75:16)
    at async DesignController.generate (C:\Users\khade\OneDrive\Placment\Final Year VD Project\backend\src\controllers\designController.ts:70:37)
2026-02-06 12:52:38 [error]: AxiosError: Request failed with status code 502
    at settle (file:///C:/Users/khade/OneDrive/Placment/Final%20Year%20VD%20Project/backend/node_modules/axios/lib/core/settle.js:19:12)
    at IncomingMessage.handleStreamEnd (file:///C:/Users/khade/OneDrive/Placment/Final%20Year%20VD%20Project/backend/node_modules/axios/lib/adapters/http.js:798:11)
    at IncomingMessage.emit (node:events:531:35)
    at endReadableNT (node:internal/streams/readable:1698:12)
    at process.processTicksAndRejections (node:internal/process/task_queues:90:21)
    at Axios.request (file:///C:/Users/khade/OneDrive/Placment/Final%20Year%20VD%20Project/backend/node_modules/axios/lib/core/Axios.js:45:41)
    at process.processTicksAndRejections (node:internal/process/task_queues:105:5)
    at async ImageService.downloadImage (C:\Users\khade\OneDrive\Placment\Final Year VD Project\backend\src\services\imageService.ts:162:34)
    at async AIService.getPlaceholderImages (C:\Users\khade\OneDrive\Placment\Final Year VD Project\backend\src\services\aiService.ts:97:40)
    at async AIService.generateRoomRedesign (C:\Users\khade\OneDrive\Placment\Final Year VD Project\backend\src\services\aiService.ts:75:16)
    at async DesignController.generate (C:\Users\khade\OneDrive\Placment\Final Year VD Project\backend\src\controllers\designController.ts:70:37)
2026-02-06 12:54:37 [error]: Proxy failed for https://image.pollinations.ai/prompt/Photorealistic%20360-degree%20equirectangular%20panorama%20of%20a%20Traditional%20style%20Kids%20Room%2C%20focusing%20on%20wide-angle%20spatial%20depth%20and%20floor-to-ceiling%20windows%2C%20with%20cool%20lighting%20effects%2C%20ultra%20minimalist%2C%20sparse%20furniture%2C%20clean%20surfaces%2C%20following%20a%20vibrant%20color%20palette.%20Cinematic%20lighting%2C%20architectural%20photography%2C%208k%20resolution%2C%20highly%20detailed%20materials%2C%20luxury%20finishes%2C%20realistic%20textures.%20no%20people%2C%20no%20text%2C%20no%20watermark%2C%20no%20blur%2C%20no%20distortion?width=1280&height=720&nologo=true&seed=585468&model=flux:
2026-02-06 12:54:37 [error]: Proxy failed for https://image.pollinations.ai/prompt/Photorealistic%20360-degree%20equirectangular%20panorama%20of%20a%20Traditional%20style%20Kids%20Room%2C%20featuring%20custom%20cabinetry%20and%20statement%20lighting%20fixtures%20prominently%2C%20with%20cool%20lighting%20effects%2C%20ultra%20minimalist%2C%20sparse%20furniture%2C%20clean%20surfaces%2C%20following%20a%20vibrant%20color%20palette.%20Cinematic%20lighting%2C%20architectural%20photography%2C%208k%20resolution%2C%20highly%20detailed%20materials%2C%20luxury%20finishes%2C%20realistic%20textures.%20no%20people%2C%20no%20text%2C%20no%20watermark%2C%20no%20blur%2C%20no%20distortion?width=1280&height=720&nologo=true&seed=240254&model=flux:
2026-02-06 12:54:37 [error]: Proxy failed for https://image.pollinations.ai/prompt/Photorealistic%20360-degree%20equirectangular%20panorama%20of%20a%20Traditional%20style%20Kids%20Room%2C%20highlighting%20textural%20contrast%20between%20soft%20fabrics%20and%20hard%20architectural%20surfaces%2C%20with%20cool%20lighting%20effects%2C%20ultra%20minimalist%2C%20sparse%20furniture%2C%20clean%20surfaces%2C%20following%20a%20vibrant%20color%20palette.%20Cinematic%20lighting%2C%20architectural%20photography%2C%208k%20resolution%2C%20highly%20detailed%20materials%2C%20luxury%20finishes%2C%20realistic%20textures.%20no%20people%2C%20no%20text%2C%20no%20watermark%2C%20no%20blur%2C%20no%20distortion?width=1280&height=720&nologo=true&seed=170284&model=flux:
2026-02-06 12:54:42 [error]: Proxy failed for https://image.pollinations.ai/prompt/Photorealistic%20360-degree%20equirectangular%20panorama%20of%20a%20Traditional%20style%20Kids%20Room%2C%20focusing%20on%20wide-angle%20spatial%20depth%20and%20floor-to-ceiling%20windows%2C%20with%20cool%20lighting%20effects%2C%20ultra%20minimalist%2C%20sparse%20furniture%2C%20clean%20surfaces%2C%20following%20a%20vibrant%20color%20palette.%20Cinematic%20lighting%2C%20architectural%20photography%2C%208k%20resolution%2C%20highly%20detailed%20materials%2C%20luxury%20finishes%2C%20realistic%20textures.%20no%20people%2C%20no%20text%2C%20no%20watermark%2C%20no%20blur%2C%20no%20distortion?width=1280&height=720&nologo=true&seed=585468&model=flux:
2026-02-06 19:17:03 [error]: AxiosError: Request failed with status code 502
    at settle (file:///C:/Users/khade/OneDrive/Placment/Final%20Year%20VD%20Project/backend/node_modules/axios/lib/core/settle.js:19:12)
    at IncomingMessage.handleStreamEnd (file:///C:/Users/khade/OneDrive/Placment/Final%20Year%20VD%20Project/backend/node_modules/axios/lib/adapters/http.js:798:11)
    at IncomingMessage.emit (node:events:531:35)
    at endReadableNT (node:internal/streams/readable:1698:12)
    at process.processTicksAndRejections (node:internal/process/task_queues:90:21)
    at Axios.request (file:///C:/Users/khade/OneDrive/Placment/Final%20Year%20VD%20Project/backend/node_modules/axios/lib/core/Axios.js:45:41)
    at process.processTicksAndRejections (node:internal/process/task_queues:105:5)
    at async ImageService.downloadImage (C:\Users\khade\OneDrive\Placment\Final Year VD Project\backend\src\services\imageService.ts:162:34)
    at async AIService.getFallbackImages (C:\Users\khade\OneDrive\Placment\Final Year VD Project\backend\src\services\aiService.ts:163:36)
    at async AIService.generateRoomRedesign (C:\Users\khade\OneDrive\Placment\Final Year VD Project\backend\src\services\aiService.ts:90:16)
    at async DesignController.generate (C:\Users\khade\OneDrive\Placment\Final Year VD Project\backend\src\controllers\designController.ts:70:37)
2026-02-06 19:17:04 [error]: AxiosError: Request failed with status code 502
    at settle (file:///C:/Users/khade/OneDrive/Placment/Final%20Year%20VD%20Project/backend/node_modules/axios/lib/core/settle.js:19:12)
    at IncomingMessage.handleStreamEnd (file:///C:/Users/khade/OneDrive/Placment/Final%20Year%20VD%20Project/backend/node_modules/axios/lib/adapters/http.js:798:11)
    at IncomingMessage.emit (node:events:531:35)
    at endReadableNT (node:internal/streams/readable:1698:12)
    at process.processTicksAndRejections (node:internal/process/task_queues:90:21)
    at Axios.request (file:///C:/Users/khade/OneDrive/Placment/Final%20Year%20VD%20Project/backend/node_modules/axios/lib/core/Axios.js:45:41)
    at process.processTicksAndRejections (node:internal/process/task_queues:105:5)
    at async ImageService.downloadImage (C:\Users\khade\OneDrive\Placment\Final Year VD Project\backend\src\services\imageService.ts:162:34)
    at async AIService.getFallbackImages (C:\Users\khade\OneDrive\Placment\Final Year VD Project\backend\src\services\aiService.ts:163:36)
    at async AIService.generateRoomRedesign (C:\Users\khade\OneDrive\Placment\Final Year VD Project\backend\src\services\aiService.ts:90:16)
    at async DesignController.generate (C:\Users\khade\OneDrive\Placment\Final Year VD Project\backend\src\controllers\designController.ts:70:37)
2026-02-06 19:17:06 [error]: AxiosError: Request failed with status code 502
    at settle (file:///C:/Users/khade/OneDrive/Placment/Final%20Year%20VD%20Project/backend/node_modules/axios/lib/core/settle.js:19:12)
    at IncomingMessage.handleStreamEnd (file:///C:/Users/khade/OneDrive/Placment/Final%20Year%20VD%20Project/backend/node_modules/axios/lib/adapters/http.js:798:11)
    at IncomingMessage.emit (node:events:531:35)
    at endReadableNT (node:internal/streams/readable:1698:12)
    at process.processTicksAndRejections (node:internal/process/task_queues:90:21)
    at Axios.request (file:///C:/Users/khade/OneDrive/Placment/Final%20Year%20VD%20Project/backend/node_modules/axios/lib/core/Axios.js:45:41)
    at process.processTicksAndRejections (node:internal/process/task_queues:105:5)
    at async ImageService.downloadImage (C:\Users\khade\OneDrive\Placment\Final Year VD Project\backend\src\services\imageService.ts:162:34)
    at async AIService.getFallbackImages (C:\Users\khade\OneDrive\Placment\Final Year VD Project\backend\src\services\aiService.ts:163:36)
    at async AIService.generateRoomRedesign (C:\Users\khade\OneDrive\Placment\Final Year VD Project\backend\src\services\aiService.ts:90:16)
    at async DesignController.generate (C:\Users\khade\OneDrive\Placment\Final Year VD Project\backend\src\controllers\designController.ts:70:37)
2026-02-06 19:17:07 [error]: AxiosError: Request failed with status code 502
    at settle (file:///C:/Users/khade/OneDrive/Placment/Final%20Year%20VD%20Project/backend/node_modules/axios/lib/core/settle.js:19:12)
    at IncomingMessage.handleStreamEnd (file:///C:/Users/khade/OneDrive/Placment/Final%20Year%20VD%20Project/backend/node_modules/axios/lib/adapters/http.js:798:11)
    at IncomingMessage.emit (node:events:531:35)
    at endReadableNT (node:internal/streams/readable:1698:12)
    at process.processTicksAndRejections (node:internal/process/task_queues:90:21)
    at Axios.request (file:///C:/Users/khade/OneDrive/Placment/Final%20Year%20VD%20Project/backend/node_modules/axios/lib/core/Axios.js:45:41)
    at process.processTicksAndRejections (node:internal/process/task_queues:105:5)
    at async ImageService.downloadImage (C:\Users\khade\OneDrive\Placment\Final Year VD Project\backend\src\services\imageService.ts:162:34)
    at async AIService.getFallbackImages (C:\Users\khade\OneDrive\Placment\Final Year VD Project\backend\src\services\aiService.ts:163:36)
    at async AIService.generateRoomRedesign (C:\Users\khade\OneDrive\Placment\Final Year VD Project\backend\src\services\aiService.ts:90:16)
    at async DesignController.generate (C:\Users\khade\OneDrive\Placment\Final Year VD Project\backend\src\controllers\designController.ts:70:37)
2026-02-06 19:17:11 [error]: AxiosError: Request failed with status code 502
    at settle (file:///C:/Users/khade/OneDrive/Placment/Final%20Year%20VD%20Project/backend/node_modules/axios/lib/core/settle.js:19:12)
    at IncomingMessage.handleStreamEnd (file:///C:/Users/khade/OneDrive/Placment/Final%20Year%20VD%20Project/backend/node_modules/axios/lib/adapters/http.js:798:11)
    at IncomingMessage.emit (node:events:531:35)
    at endReadableNT (node:internal/streams/readable:1698:12)
    at process.processTicksAndRejections (node:internal/process/task_queues:90:21)
    at Axios.request (file:///C:/Users/khade/OneDrive/Placment/Final%20Year%20VD%20Project/backend/node_modules/axios/lib/core/Axios.js:45:41)
    at process.processTicksAndRejections (node:internal/process/task_queues:105:5)
    at async ImageService.downloadImage (C:\Users\khade\OneDrive\Placment\Final Year VD Project\backend\src\services\imageService.ts:162:34)
    at async AIService.getFallbackImages (C:\Users\khade\OneDrive\Placment\Final Year VD Project\backend\src\services\aiService.ts:163:36)
    at async AIService.generateRoomRedesign (C:\Users\khade\OneDrive\Placment\Final Year VD Project\backend\src\services\aiService.ts:90:16)
    at async DesignController.generate (C:\Users\khade\OneDrive\Placment\Final Year VD Project\backend\src\controllers\designController.ts:70:37)
2026-02-06 19:17:11 [error]: AxiosError: Request failed with status code 502
    at settle (file:///C:/Users/khade/OneDrive/Placment/Final%20Year%20VD%20Project/backend/node_modules/axios/lib/core/settle.js:19:12)
    at IncomingMessage.handleStreamEnd (file:///C:/Users/khade/OneDrive/Placment/Final%20Year%20VD%20Project/backend/node_modules/axios/lib/adapters/http.js:798:11)
    at IncomingMessage.emit (node:events:531:35)
    at endReadableNT (node:internal/streams/readable:1698:12)
    at process.processTicksAndRejections (node:internal/process/task_queues:90:21)
    at Axios.request (file:///C:/Users/khade/OneDrive/Placment/Final%20Year%20VD%20Project/backend/node_modules/axios/lib/core/Axios.js:45:41)
    at process.processTicksAndRejections (node:internal/process/task_queues:105:5)
    at async ImageService.downloadImage (C:\Users\khade\OneDrive\Placment\Final Year VD Project\backend\src\services\imageService.ts:162:34)
    at async AIService.getFallbackImages (C:\Users\khade\OneDrive\Placment\Final Year VD Project\backend\src\services\aiService.ts:163:36)
    at async AIService.generateRoomRedesign (C:\Users\khade\OneDrive\Placment\Final Year VD Project\backend\src\services\aiService.ts:90:16)
    at async DesignController.generate (C:\Users\khade\OneDrive\Placment\Final Year VD Project\backend\src\controllers\designController.ts:70:37)
2026-02-06 19:17:12 [error]: AxiosError: Request failed with status code 502
    at settle (file:///C:/Users/khade/OneDrive/Placment/Final%20Year%20VD%20Project/backend/node_modules/axios/lib/core/settle.js:19:12)
    at IncomingMessage.handleStreamEnd (file:///C:/Users/khade/OneDrive/Placment/Final%20Year%20VD%20Project/backend/node_modules/axios/lib/adapters/http.js:798:11)
    at IncomingMessage.emit (node:events:531:35)
    at endReadableNT (node:internal/streams/readable:1698:12)
    at process.processTicksAndRejections (node:internal/process/task_queues:90:21)
    at Axios.request (file:///C:/Users/khade/OneDrive/Placment/Final%20Year%20VD%20Project/backend/node_modules/axios/lib/core/Axios.js:45:41)
    at process.processTicksAndRejections (node:internal/process/task_queues:105:5)
    at async ImageService.downloadImage (C:\Users\khade\OneDrive\Placment\Final Year VD Project\backend\src\services\imageService.ts:162:34)
    at async AIService.getFallbackImages (C:\Users\khade\OneDrive\Placment\Final Year VD Project\backend\src\services\aiService.ts:163:36)
    at async AIService.generateRoomRedesign (C:\Users\khade\OneDrive\Placment\Final Year VD Project\backend\src\services\aiService.ts:90:16)
    at async DesignController.generate (C:\Users\khade\OneDrive\Placment\Final Year VD Project\backend\src\controllers\designController.ts:70:37)
2026-02-06 19:17:12 [error]: AxiosError: Request failed with status code 502
    at settle (file:///C:/Users/khade/OneDrive/Placment/Final%20Year%20VD%20Project/backend/node_modules/axios/lib/core/settle.js:19:12)
    at IncomingMessage.handleStreamEnd (file:///C:/Users/khade/OneDrive/Placment/Final%20Year%20VD%20Project/backend/node_modules/axios/lib/adapters/http.js:798:11)
    at IncomingMessage.emit (node:events:531:35)
    at endReadableNT (node:internal/streams/readable:1698:12)
    at process.processTicksAndRejections (node:internal/process/task_queues:90:21)
    at Axios.request (file:///C:/Users/khade/OneDrive/Placment/Final%20Year%20VD%20Project/backend/node_modules/axios/lib/core/Axios.js:45:41)
    at process.processTicksAndRejections (node:internal/process/task_queues:105:5)
    at async ImageService.downloadImage (C:\Users\khade\OneDrive\Placment\Final Year VD Project\backend\src\services\imageService.ts:162:34)
    at async AIService.getFallbackImages (C:\Users\khade\OneDrive\Placment\Final Year VD Project\backend\src\services\aiService.ts:163:36)
    at async AIService.generateRoomRedesign (C:\Users\khade\OneDrive\Placment\Final Year VD Project\backend\src\services\aiService.ts:90:16)
    at async DesignController.generate (C:\Users\khade\OneDrive\Placment\Final Year VD Project\backend\src\controllers\designController.ts:70:37)
2026-02-06 19:17:15 [error]: AxiosError: Request failed with status code 502
    at settle (file:///C:/Users/khade/OneDrive/Placment/Final%20Year%20VD%20Project/backend/node_modules/axios/lib/core/settle.js:19:12)
    at IncomingMessage.handleStreamEnd (file:///C:/Users/khade/OneDrive/Placment/Final%20Year%20VD%20Project/backend/node_modules/axios/lib/adapters/http.js:798:11)
    at IncomingMessage.emit (node:events:531:35)
    at endReadableNT (node:internal/streams/readable:1698:12)
    at process.processTicksAndRejections (node:internal/process/task_queues:90:21)
    at Axios.request (file:///C:/Users/khade/OneDrive/Placment/Final%20Year%20VD%20Project/backend/node_modules/axios/lib/core/Axios.js:45:41)
    at process.processTicksAndRejections (node:internal/process/task_queues:105:5)
    at async ImageService.downloadImage (C:\Users\khade\OneDrive\Placment\Final Year VD Project\backend\src\services\imageService.ts:162:34)
    at async AIService.getFallbackImages (C:\Users\khade\OneDrive\Placment\Final Year VD Project\backend\src\services\aiService.ts:163:36)
    at async AIService.generateRoomRedesign (C:\Users\khade\OneDrive\Placment\Final Year VD Project\backend\src\services\aiService.ts:90:16)
    at async DesignController.generate (C:\Users\khade\OneDrive\Placment\Final Year VD Project\backend\src\controllers\designController.ts:70:37)
2026-02-06 19:17:15 [error]: AxiosError: Request failed with status code 502
    at settle (file:///C:/Users/khade/OneDrive/Placment/Final%20Year%20VD%20Project/backend/node_modules/axios/lib/core/settle.js:19:12)
    at IncomingMessage.handleStreamEnd (file:///C:/Users/khade/OneDrive/Placment/Final%20Year%20VD%20Project/backend/node_modules/axios/lib/adapters/http.js:798:11)
    at IncomingMessage.emit (node:events:531:35)
    at endReadableNT (node:internal/streams/readable:1698:12)
    at process.processTicksAndRejections (node:internal/process/task_queues:90:21)
    at Axios.request (file:///C:/Users/khade/OneDrive/Placment/Final%20Year%20VD%20Project/backend/node_modules/axios/lib/core/Axios.js:45:41)
    at process.processTicksAndRejections (node:internal/process/task_queues:105:5)
    at async ImageService.downloadImage (C:\Users\khade\OneDrive\Placment\Final Year VD Project\backend\src\services\imageService.ts:162:34)
    at async AIService.getFallbackImages (C:\Users\khade\OneDrive\Placment\Final Year VD Project\backend\src\services\aiService.ts:163:36)
    at async AIService.generateRoomRedesign (C:\Users\khade\OneDrive\Placment\Final Year VD Project\backend\src\services\aiService.ts:90:16)
    at async DesignController.generate (C:\Users\khade\OneDrive\Placment\Final Year VD Project\backend\src\controllers\designController.ts:70:37)
2026-02-06 19:17:19 [error]: AxiosError: Request failed with status code 502
    at settle (file:///C:/Users/khade/OneDrive/Placment/Final%20Year%20VD%20Project/backend/node_modules/axios/lib/core/settle.js:19:12)
    at IncomingMessage.handleStreamEnd (file:///C:/Users/khade/OneDrive/Placment/Final%20Year%20VD%20Project/backend/node_modules/axios/lib/adapters/http.js:798:11)
    at IncomingMessage.emit (node:events:531:35)
    at endReadableNT (node:internal/streams/readable:1698:12)
    at process.processTicksAndRejections (node:internal/process/task_queues:90:21)
    at Axios.request (file:///C:/Users/khade/OneDrive/Placment/Final%20Year%20VD%20Project/backend/node_modules/axios/lib/core/Axios.js:45:41)
    at process.processTicksAndRejections (node:internal/process/task_queues:105:5)
    at async ImageService.downloadImage (C:\Users\khade\OneDrive\Placment\Final Year VD Project\backend\src\services\imageService.ts:162:34)
    at async AIService.getFallbackImages (C:\Users\khade\OneDrive\Placment\Final Year VD Project\backend\src\services\aiService.ts:163:36)
    at async AIService.generateRoomRedesign (C:\Users\khade\OneDrive\Placment\Final Year VD Project\backend\src\services\aiService.ts:90:16)
    at async DesignController.generate (C:\Users\khade\OneDrive\Placment\Final Year VD Project\backend\src\controllers\designController.ts:70:37)
2026-02-06 19:17:20 [error]: AxiosError: Request failed with status code 502
    at settle (file:///C:/Users/khade/OneDrive/Placment/Final%20Year%20VD%20Project/backend/node_modules/axios/lib/core/settle.js:19:12)
    at IncomingMessage.handleStreamEnd (file:///C:/Users/khade/OneDrive/Placment/Final%20Year%20VD%20Project/backend/node_modules/axios/lib/adapters/http.js:798:11)
    at IncomingMessage.emit (node:events:531:35)
    at endReadableNT (node:internal/streams/readable:1698:12)
    at process.processTicksAndRejections (node:internal/process/task_queues:90:21)
    at Axios.request (file:///C:/Users/khade/OneDrive/Placment/Final%20Year%20VD%20Project/backend/node_modules/axios/lib/core/Axios.js:45:41)
    at process.processTicksAndRejections (node:internal/process/task_queues:105:5)
    at async ImageService.downloadImage (C:\Users\khade\OneDrive\Placment\Final Year VD Project\backend\src\services\imageService.ts:162:34)
    at async AIService.getFallbackImages (C:\Users\khade\OneDrive\Placment\Final Year VD Project\backend\src\services\aiService.ts:163:36)
    at async AIService.generateRoomRedesign (C:\Users\khade\OneDrive\Placment\Final Year VD Project\backend\src\services\aiService.ts:90:16)
    at async DesignController.generate (C:\Users\khade\OneDrive\Placment\Final Year VD Project\backend\src\controllers\designController.ts:70:37)
2026-02-06 19:17:20 [error]: AxiosError: Request failed with status code 502
    at settle (file:///C:/Users/khade/OneDrive/Placment/Final%20Year%20VD%20Project/backend/node_modules/axios/lib/core/settle.js:19:12)
    at IncomingMessage.handleStreamEnd (file:///C:/Users/khade/OneDrive/Placment/Final%20Year%20VD%20Project/backend/node_modules/axios/lib/adapters/http.js:798:11)
    at IncomingMessage.emit (node:events:531:35)
    at endReadableNT (node:internal/streams/readable:1698:12)
    at process.processTicksAndRejections (node:internal/process/task_queues:90:21)
    at Axios.request (file:///C:/Users/khade/OneDrive/Placment/Final%20Year%20VD%20Project/backend/node_modules/axios/lib/core/Axios.js:45:41)
    at process.processTicksAndRejections (node:internal/process/task_queues:105:5)
    at async ImageService.downloadImage (C:\Users\khade\OneDrive\Placment\Final Year VD Project\backend\src\services\imageService.ts:162:34)
    at async AIService.getFallbackImages (C:\Users\khade\OneDrive\Placment\Final Year VD Project\backend\src\services\aiService.ts:163:36)
    at async AIService.generateRoomRedesign (C:\Users\khade\OneDrive\Placment\Final Year VD Project\backend\src\services\aiService.ts:90:16)
    at async DesignController.generate (C:\Users\khade\OneDrive\Placment\Final Year VD Project\backend\src\controllers\designController.ts:70:37)
2026-02-06 19:17:21 [error]: AxiosError: Request failed with status code 502
    at settle (file:///C:/Users/khade/OneDrive/Placment/Final%20Year%20VD%20Project/backend/node_modules/axios/lib/core/settle.js:19:12)
    at IncomingMessage.handleStreamEnd (file:///C:/Users/khade/OneDrive/Placment/Final%20Year%20VD%20Project/backend/node_modules/axios/lib/adapters/http.js:798:11)
    at IncomingMessage.emit (node:events:531:35)
    at endReadableNT (node:internal/streams/readable:1698:12)
    at process.processTicksAndRejections (node:internal/process/task_queues:90:21)
    at Axios.request (file:///C:/Users/khade/OneDrive/Placment/Final%20Year%20VD%20Project/backend/node_modules/axios/lib/core/Axios.js:45:41)
    at process.processTicksAndRejections (node:internal/process/task_queues:105:5)
    at async ImageService.downloadImage (C:\Users\khade\OneDrive\Placment\Final Year VD Project\backend\src\services\imageService.ts:162:34)
    at async AIService.getFallbackImages (C:\Users\khade\OneDrive\Placment\Final Year VD Project\backend\src\services\aiService.ts:163:36)
    at async AIService.generateRoomRedesign (C:\Users\khade\OneDrive\Placment\Final Year VD Project\backend\src\services\aiService.ts:90:16)
    at async DesignController.generate (C:\Users\khade\OneDrive\Placment\Final Year VD Project\backend\src\controllers\designController.ts:70:37)
2026-02-06 19:17:23 [error]: AxiosError: Request failed with status code 502
    at settle (file:///C:/Users/khade/OneDrive/Placment/Final%20Year%20VD%20Project/backend/node_modules/axios/lib/core/settle.js:19:12)
    at IncomingMessage.handleStreamEnd (file:///C:/Users/khade/OneDrive/Placment/Final%20Year%20VD%20Project/backend/node_modules/axios/lib/adapters/http.js:798:11)
    at IncomingMessage.emit (node:events:531:35)
    at endReadableNT (node:internal/streams/readable:1698:12)
    at process.processTicksAndRejections (node:internal/process/task_queues:90:21)
    at Axios.request (file:///C:/Users/khade/OneDrive/Placment/Final%20Year%20VD%20Project/backend/node_modules/axios/lib/core/Axios.js:45:41)
    at process.processTicksAndRejections (node:internal/process/task_queues:105:5)
    at async ImageService.downloadImage (C:\Users\khade\OneDrive\Placment\Final Year VD Project\backend\src\services\imageService.ts:162:34)
    at async AIService.getFallbackImages (C:\Users\khade\OneDrive\Placment\Final Year VD Project\backend\src\services\aiService.ts:163:36)
    at async AIService.generateRoomRedesign (C:\Users\khade\OneDrive\Placment\Final Year VD Project\backend\src\services\aiService.ts:90:16)
    at async DesignController.generate (C:\Users\khade\OneDrive\Placment\Final Year VD Project\backend\src\controllers\designController.ts:70:37)
2026-02-06 19:17:23 [error]: AxiosError: Request failed with status code 502
    at settle (file:///C:/Users/khade/OneDrive/Placment/Final%20Year%20VD%20Project/backend/node_modules/axios/lib/core/settle.js:19:12)
    at IncomingMessage.handleStreamEnd (file:///C:/Users/khade/OneDrive/Placment/Final%20Year%20VD%20Project/backend/node_modules/axios/lib/adapters/http.js:798:11)
    at IncomingMessage.emit (node:events:531:35)
    at endReadableNT (node:internal/streams/readable:1698:12)
    at process.processTicksAndRejections (node:internal/process/task_queues:90:21)
    at Axios.request (file:///C:/Users/khade/OneDrive/Placment/Final%20Year%20VD%20Project/backend/node_modules/axios/lib/core/Axios.js:45:41)
    at process.processTicksAndRejections (node:internal/process/task_queues:105:5)
    at async ImageService.downloadImage (C:\Users\khade\OneDrive\Placment\Final Year VD Project\backend\src\services\imageService.ts:162:34)
    at async AIService.getFallbackImages (C:\Users\khade\OneDrive\Placment\Final Year VD Project\backend\src\services\aiService.ts:163:36)
    at async AIService.generateRoomRedesign (C:\Users\khade\OneDrive\Placment\Final Year VD Project\backend\src\services\aiService.ts:90:16)
    at async DesignController.generate (C:\Users\khade\OneDrive\Placment\Final Year VD Project\backend\src\controllers\designController.ts:70:37)
2026-02-06 19:17:28 [error]: AxiosError: Request failed with status code 502
    at settle (file:///C:/Users/khade/OneDrive/Placment/Final%20Year%20VD%20Project/backend/node_modules/axios/lib/core/settle.js:19:12)
    at IncomingMessage.handleStreamEnd (file:///C:/Users/khade/OneDrive/Placment/Final%20Year%20VD%20Project/backend/node_modules/axios/lib/adapters/http.js:798:11)
    at IncomingMessage.emit (node:events:531:35)
    at endReadableNT (node:internal/streams/readable:1698:12)
    at process.processTicksAndRejections (node:internal/process/task_queues:90:21)
    at Axios.request (file:///C:/Users/khade/OneDrive/Placment/Final%20Year%20VD%20Project/backend/node_modules/axios/lib/core/Axios.js:45:41)
    at process.processTicksAndRejections (node:internal/process/task_queues:105:5)
    at async ImageService.downloadImage (C:\Users\khade\OneDrive\Placment\Final Year VD Project\backend\src\services\imageService.ts:162:34)
    at async AIService.getFallbackImages (C:\Users\khade\OneDrive\Placment\Final Year VD Project\backend\src\services\aiService.ts:163:36)
    at async AIService.generateRoomRedesign (C:\Users\khade\OneDrive\Placment\Final Year VD Project\backend\src\services\aiService.ts:90:16)
    at async DesignController.generate (C:\Users\khade\OneDrive\Placment\Final Year VD Project\backend\src\controllers\designController.ts:70:37)
2026-02-06 19:17:28 [error]: AxiosError: Request failed with status code 502
    at settle (file:///C:/Users/khade/OneDrive/Placment/Final%20Year%20VD%20Project/backend/node_modules/axios/lib/core/settle.js:19:12)
    at IncomingMessage.handleStreamEnd (file:///C:/Users/khade/OneDrive/Placment/Final%20Year%20VD%20Project/backend/node_modules/axios/lib/adapters/http.js:798:11)
    at IncomingMessage.emit (node:events:531:35)
    at endReadableNT (node:internal/streams/readable:1698:12)
    at process.processTicksAndRejections (node:internal/process/task_queues:90:21)
    at Axios.request (file:///C:/Users/khade/OneDrive/Placment/Final%20Year%20VD%20Project/backend/node_modules/axios/lib/core/Axios.js:45:41)
    at process.processTicksAndRejections (node:internal/process/task_queues:105:5)
    at async ImageService.downloadImage (C:\Users\khade\OneDrive\Placment\Final Year VD Project\backend\src\services\imageService.ts:162:34)
    at async AIService.getFallbackImages (C:\Users\khade\OneDrive\Placment\Final Year VD Project\backend\src\services\aiService.ts:163:36)
    at async AIService.generateRoomRedesign (C:\Users\khade\OneDrive\Placment\Final Year VD Project\backend\src\services\aiService.ts:90:16)
    at async DesignController.generate (C:\Users\khade\OneDrive\Placment\Final Year VD Project\backend\src\controllers\designController.ts:70:37)
2026-02-06 19:17:29 [error]: Proxy failed for https://image.pollinations.ai/prompt/Ultra-realistic%20Minimalist%20style%20Bedroom%20interior%2C%20cinematic%20wide-angle%20view%2C%20eye-level%20perspective%2C%20warm%2C%20furniture%20focus%3A%20premium%20sofa%20and%20decorative%20elements%2C%20monochrome%20color%20palette%2C%208K%20resolution%2C%20high%20detail%2C%20architectural%20photography%2C%20no%20blur%2C%20no%20distortion%2C%20no%20people.?width=1280&height=720&nologo=true&seed=11845&model=flux:
2026-02-06 19:17:29 [error]: Proxy failed for https://image.pollinations.ai/prompt/Ultra-realistic%20Minimalist%20style%20Bedroom%20interior%2C%20cinematic%20wide-angle%20view%2C%20eye-level%20perspective%2C%20warm%2C%20furniture%20focus%3A%20premium%20sofa%20and%20decorative%20elements%2C%20monochrome%20color%20palette%2C%208K%20resolution%2C%20high%20detail%2C%20architectural%20photography%2C%20no%20blur%2C%20no%20distortion%2C%20no%20people.?width=1280&height=720&nologo=true&seed=762435&model=flux:
2026-02-06 19:17:29 [error]: Proxy failed for https://image.pollinations.ai/prompt/Ultra-realistic%20Minimalist%20style%20Bedroom%20interior%2C%20cinematic%20wide-angle%20view%2C%20eye-level%20perspective%2C%20warm%2C%20furniture%20focus%3A%20premium%20sofa%20and%20decorative%20elements%2C%20monochrome%20color%20palette%2C%208K%20resolution%2C%20high%20detail%2C%20architectural%20photography%2C%20no%20blur%2C%20no%20distortion%2C%20no%20people.?width=1280&height=720&nologo=true&seed=461228&model=flux:
2026-02-06 19:17:29 [error]: Proxy failed for https://image.pollinations.ai/prompt/Ultra-realistic%20Minimalist%20style%20Bedroom%20interior%2C%20cinematic%20wide-angle%20view%2C%20eye-level%20perspective%2C%20warm%2C%20furniture%20focus%3A%20premium%20sofa%20and%20decorative%20elements%2C%20monochrome%20color%20palette%2C%208K%20resolution%2C%20high%20detail%2C%20architectural%20photography%2C%20no%20blur%2C%20no%20distortion%2C%20no%20people.?width=1280&height=720&nologo=true&seed=115806&model=flux:
2026-02-06 19:17:29 [error]: Proxy failed for https://image.pollinations.ai/prompt/Ultra-realistic%20Minimalist%20style%20Bedroom%20interior%2C%20cinematic%20wide-angle%20view%2C%20eye-level%20perspective%2C%20warm%2C%20furniture%20focus%3A%20premium%20sofa%20and%20decorative%20elements%2C%20monochrome%20color%20palette%2C%208K%20resolution%2C%20high%20detail%2C%20architectural%20photography%2C%20no%20blur%2C%20no%20distortion%2C%20no%20people.?width=1280&height=720&nologo=true&seed=283348&model=flux:
2026-02-06 19:17:29 [error]: Proxy failed for https://image.pollinations.ai/prompt/Ultra-realistic%20Minimalist%20style%20Bedroom%20interior%2C%20cinematic%20wide-angle%20view%2C%20eye-level%20perspective%2C%20warm%2C%20furniture%20focus%3A%20premium%20sofa%20and%20decorative%20elements%2C%20monochrome%20color%20palette%2C%208K%20resolution%2C%20high%20detail%2C%20architectural%20photography%2C%20no%20blur%2C%20no%20distortion%2C%20no%20people.?width=1280&height=720&nologo=true&seed=636167&model=flux:
2026-02-06 19:18:22 [error]: Proxy failed for https://image.pollinations.ai/prompt/Ultra-realistic%20Minimalist%20style%20Bedroom%20interior%2C%20cinematic%20wide-angle%20view%2C%20eye-level%20perspective%2C%20warm%2C%20furniture%20focus%3A%20premium%20sofa%20and%20decorative%20elements%2C%20monochrome%20color%20palette%2C%208K%20resolution%2C%20high%20detail%2C%20architectural%20photography%2C%20no%20blur%2C%20no%20distortion%2C%20no%20people.?width=1280&height=720&nologo=true&seed=283348&model=flux:
2026-02-06 19:28:24 [error]: OpenAI generation failed: 400 Billing hard limit has been reached. Falling back to emergency engine.
2026-02-06 19:28:24 [error]: OpenAI generation failed: 400 Billing hard limit has been reached. Falling back to emergency engine.
2026-02-06 19:28:26 [error]: AxiosError: Request failed with status code 502
    at settle (file:///C:/Users/khade/OneDrive/Placment/Final%20Year%20VD%20Project/backend/node_modules/axios/lib/core/settle.js:19:12)
    at IncomingMessage.handleStreamEnd (file:///C:/Users/khade/OneDrive/Placment/Final%20Year%20VD%20Project/backend/node_modules/axios/lib/adapters/http.js:798:11)
    at IncomingMessage.emit (node:events:531:35)
    at endReadableNT (node:internal/streams/readable:1698:12)
    at process.processTicksAndRejections (node:internal/process/task_queues:90:21)
    at Axios.request (file:///C:/Users/khade/OneDrive/Placment/Final%20Year%20VD%20Project/backend/node_modules/axios/lib/core/Axios.js:45:41)
    at process.processTicksAndRejections (node:internal/process/task_queues:105:5)
    at async ImageService.downloadImage (C:\Users\khade\OneDrive\Placment\Final Year VD Project\backend\src\services\imageService.ts:162:34)
    at async AIService.getFallbackImages (C:\Users\khade\OneDrive\Placment\Final Year VD Project\backend\src\services\aiService.ts:170:36)
    at async AIService.generateRoomRedesign (C:\Users\khade\OneDrive\Placment\Final Year VD Project\backend\src\services\aiService.ts:93:32)
    at async DesignController.generate (C:\Users\khade\OneDrive\Placment\Final Year VD Project\backend\src\controllers\designController.ts:70:37)
2026-02-06 19:28:26 [error]: AxiosError: Request failed with status code 502
    at settle (file:///C:/Users/khade/OneDrive/Placment/Final%20Year%20VD%20Project/backend/node_modules/axios/lib/core/settle.js:19:12)
    at IncomingMessage.handleStreamEnd (file:///C:/Users/khade/OneDrive/Placment/Final%20Year%20VD%20Project/backend/node_modules/axios/lib/adapters/http.js:798:11)
    at IncomingMessage.emit (node:events:531:35)
    at endReadableNT (node:internal/streams/readable:1698:12)
    at process.processTicksAndRejections (node:internal/process/task_queues:90:21)
    at Axios.request (file:///C:/Users/khade/OneDrive/Placment/Final%20Year%20VD%20Project/backend/node_modules/axios/lib/core/Axios.js:45:41)
    at process.processTicksAndRejections (node:internal/process/task_queues:105:5)
    at async ImageService.downloadImage (C:\Users\khade\OneDrive\Placment\Final Year VD Project\backend\src\services\imageService.ts:162:34)
    at async AIService.getFallbackImages (C:\Users\khade\OneDrive\Placment\Final Year VD Project\backend\src\services\aiService.ts:170:36)
    at async AIService.generateRoomRedesign (C:\Users\khade\OneDrive\Placment\Final Year VD Project\backend\src\services\aiService.ts:93:32)
    at async DesignController.generate (C:\Users\khade\OneDrive\Placment\Final Year VD Project\backend\src\controllers\designController.ts:70:37)
2026-02-06 19:28:28 [error]: AxiosError: Request failed with status code 502
    at settle (file:///C:/Users/khade/OneDrive/Placment/Final%20Year%20VD%20Project/backend/node_modules/axios/lib/core/settle.js:19:12)
    at IncomingMessage.handleStreamEnd (file:///C:/Users/khade/OneDrive/Placment/Final%20Year%20VD%20Project/backend/node_modules/axios/lib/adapters/http.js:798:11)
    at IncomingMessage.emit (node:events:531:35)
    at endReadableNT (node:internal/streams/readable:1698:12)
    at process.processTicksAndRejections (node:internal/process/task_queues:90:21)
    at Axios.request (file:///C:/Users/khade/OneDrive/Placment/Final%20Year%20VD%20Project/backend/node_modules/axios/lib/core/Axios.js:45:41)
    at process.processTicksAndRejections (node:internal/process/task_queues:105:5)
    at async ImageService.downloadImage (C:\Users\khade\OneDrive\Placment\Final Year VD Project\backend\src\services\imageService.ts:162:34)
    at async AIService.getFallbackImages (C:\Users\khade\OneDrive\Placment\Final Year VD Project\backend\src\services\aiService.ts:170:36)
    at async AIService.generateRoomRedesign (C:\Users\khade\OneDrive\Placment\Final Year VD Project\backend\src\services\aiService.ts:93:32)
    at async DesignController.generate (C:\Users\khade\OneDrive\Placment\Final Year VD Project\backend\src\controllers\designController.ts:70:37)
2026-02-06 19:28:28 [error]: AxiosError: Request failed with status code 502
    at settle (file:///C:/Users/khade/OneDrive/Placment/Final%20Year%20VD%20Project/backend/node_modules/axios/lib/core/settle.js:19:12)
    at IncomingMessage.handleStreamEnd (file:///C:/Users/khade/OneDrive/Placment/Final%20Year%20VD%20Project/backend/node_modules/axios/lib/adapters/http.js:798:11)
    at IncomingMessage.emit (node:events:531:35)
    at endReadableNT (node:internal/streams/readable:1698:12)
    at process.processTicksAndRejections (node:internal/process/task_queues:90:21)
    at Axios.request (file:///C:/Users/khade/OneDrive/Placment/Final%20Year%20VD%20Project/backend/node_modules/axios/lib/core/Axios.js:45:41)
    at process.processTicksAndRejections (node:internal/process/task_queues:105:5)
    at async ImageService.downloadImage (C:\Users\khade\OneDrive\Placment\Final Year VD Project\backend\src\services\imageService.ts:162:34)
    at async AIService.getFallbackImages (C:\Users\khade\OneDrive\Placment\Final Year VD Project\backend\src\services\aiService.ts:170:36)
    at async AIService.generateRoomRedesign (C:\Users\khade\OneDrive\Placment\Final Year VD Project\backend\src\services\aiService.ts:93:32)
    at async DesignController.generate (C:\Users\khade\OneDrive\Placment\Final Year VD Project\backend\src\controllers\designController.ts:70:37)
2026-02-06 19:28:33 [error]: AxiosError: Request failed with status code 502
    at settle (file:///C:/Users/khade/OneDrive/Placment/Final%20Year%20VD%20Project/backend/node_modules/axios/lib/core/settle.js:19:12)
    at IncomingMessage.handleStreamEnd (file:///C:/Users/khade/OneDrive/Placment/Final%20Year%20VD%20Project/backend/node_modules/axios/lib/adapters/http.js:798:11)
    at IncomingMessage.emit (node:events:531:35)
    at endReadableNT (node:internal/streams/readable:1698:12)
    at process.processTicksAndRejections (node:internal/process/task_queues:90:21)
    at Axios.request (file:///C:/Users/khade/OneDrive/Placment/Final%20Year%20VD%20Project/backend/node_modules/axios/lib/core/Axios.js:45:41)
    at process.processTicksAndRejections (node:internal/process/task_queues:105:5)
    at async ImageService.downloadImage (C:\Users\khade\OneDrive\Placment\Final Year VD Project\backend\src\services\imageService.ts:162:34)
    at async AIService.getFallbackImages (C:\Users\khade\OneDrive\Placment\Final Year VD Project\backend\src\services\aiService.ts:170:36)
    at async AIService.generateRoomRedesign (C:\Users\khade\OneDrive\Placment\Final Year VD Project\backend\src\services\aiService.ts:93:32)
    at async DesignController.generate (C:\Users\khade\OneDrive\Placment\Final Year VD Project\backend\src\controllers\designController.ts:70:37)
2026-02-06 19:28:33 [error]: AxiosError: Request failed with status code 502
    at settle (file:///C:/Users/khade/OneDrive/Placment/Final%20Year%20VD%20Project/backend/node_modules/axios/lib/core/settle.js:19:12)
    at IncomingMessage.handleStreamEnd (file:///C:/Users/khade/OneDrive/Placment/Final%20Year%20VD%20Project/backend/node_modules/axios/lib/adapters/http.js:798:11)
    at IncomingMessage.emit (node:events:531:35)
    at endReadableNT (node:internal/streams/readable:1698:12)
    at process.processTicksAndRejections (node:internal/process/task_queues:90:21)
    at Axios.request (file:///C:/Users/khade/OneDrive/Placment/Final%20Year%20VD%20Project/backend/node_modules/axios/lib/core/Axios.js:45:41)
    at process.processTicksAndRejections (node:internal/process/task_queues:105:5)
    at async ImageService.downloadImage (C:\Users\khade\OneDrive\Placment\Final Year VD Project\backend\src\services\imageService.ts:162:34)
    at async AIService.getFallbackImages (C:\Users\khade\OneDrive\Placment\Final Year VD Project\backend\src\services\aiService.ts:170:36)
    at async AIService.generateRoomRedesign (C:\Users\khade\OneDrive\Placment\Final Year VD Project\backend\src\services\aiService.ts:93:32)
    at async DesignController.generate (C:\Users\khade\OneDrive\Placment\Final Year VD Project\backend\src\controllers\designController.ts:70:37)
2026-02-06 19:28:34 [error]: AxiosError: Request failed with status code 502
    at settle (file:///C:/Users/khade/OneDrive/Placment/Final%20Year%20VD%20Project/backend/node_modules/axios/lib/core/settle.js:19:12)
    at IncomingMessage.handleStreamEnd (file:///C:/Users/khade/OneDrive/Placment/Final%20Year%20VD%20Project/backend/node_modules/axios/lib/adapters/http.js:798:11)
    at IncomingMessage.emit (node:events:531:35)
    at endReadableNT (node:internal/streams/readable:1698:12)
    at process.processTicksAndRejections (node:internal/process/task_queues:90:21)
    at Axios.request (file:///C:/Users/khade/OneDrive/Placment/Final%20Year%20VD%20Project/backend/node_modules/axios/lib/core/Axios.js:45:41)
    at process.processTicksAndRejections (node:internal/process/task_queues:105:5)
    at async ImageService.downloadImage (C:\Users\khade\OneDrive\Placment\Final Year VD Project\backend\src\services\imageService.ts:162:34)
    at async AIService.getFallbackImages (C:\Users\khade\OneDrive\Placment\Final Year VD Project\backend\src\services\aiService.ts:170:36)
    at async AIService.generateRoomRedesign (C:\Users\khade\OneDrive\Placment\Final Year VD Project\backend\src\services\aiService.ts:93:32)
    at async DesignController.generate (C:\Users\khade\OneDrive\Placment\Final Year VD Project\backend\src\controllers\designController.ts:70:37)
2026-02-06 19:28:34 [error]: AxiosError: Request failed with status code 502
    at settle (file:///C:/Users/khade/OneDrive/Placment/Final%20Year%20VD%20Project/backend/node_modules/axios/lib/core/settle.js:19:12)
    at IncomingMessage.handleStreamEnd (file:///C:/Users/khade/OneDrive/Placment/Final%20Year%20VD%20Project/backend/node_modules/axios/lib/adapters/http.js:798:11)
    at IncomingMessage.emit (node:events:531:35)
    at endReadableNT (node:internal/streams/readable:1698:12)
    at process.processTicksAndRejections (node:internal/process/task_queues:90:21)
    at Axios.request (file:///C:/Users/khade/OneDrive/Placment/Final%20Year%20VD%20Project/backend/node_modules/axios/lib/core/Axios.js:45:41)
    at process.processTicksAndRejections (node:internal/process/task_queues:105:5)
    at async ImageService.downloadImage (C:\Users\khade\OneDrive\Placment\Final Year VD Project\backend\src\services\imageService.ts:162:34)
    at async AIService.getFallbackImages (C:\Users\khade\OneDrive\Placment\Final Year VD Project\backend\src\services\aiService.ts:170:36)
    at async AIService.generateRoomRedesign (C:\Users\khade\OneDrive\Placment\Final Year VD Project\backend\src\services\aiService.ts:93:32)
    at async DesignController.generate (C:\Users\khade\OneDrive\Placment\Final Year VD Project\backend\src\controllers\designController.ts:70:37)
2026-02-06 19:28:37 [error]: AxiosError: Request failed with status code 502
    at settle (file:///C:/Users/khade/OneDrive/Placment/Final%20Year%20VD%20Project/backend/node_modules/axios/lib/core/settle.js:19:12)
    at IncomingMessage.handleStreamEnd (file:///C:/Users/khade/OneDrive/Placment/Final%20Year%20VD%20Project/backend/node_modules/axios/lib/adapters/http.js:798:11)
    at IncomingMessage.emit (node:events:531:35)
    at endReadableNT (node:internal/streams/readable:1698:12)
    at process.processTicksAndRejections (node:internal/process/task_queues:90:21)
    at Axios.request (file:///C:/Users/khade/OneDrive/Placment/Final%20Year%20VD%20Project/backend/node_modules/axios/lib/core/Axios.js:45:41)
    at process.processTicksAndRejections (node:internal/process/task_queues:105:5)
    at async ImageService.downloadImage (C:\Users\khade\OneDrive\Placment\Final Year VD Project\backend\src\services\imageService.ts:162:34)
    at async AIService.getFallbackImages (C:\Users\khade\OneDrive\Placment\Final Year VD Project\backend\src\services\aiService.ts:170:36)
    at async AIService.generateRoomRedesign (C:\Users\khade\OneDrive\Placment\Final Year VD Project\backend\src\services\aiService.ts:93:32)
    at async DesignController.generate (C:\Users\khade\OneDrive\Placment\Final Year VD Project\backend\src\controllers\designController.ts:70:37)
2026-02-06 19:28:37 [error]: AxiosError: Request failed with status code 502
    at settle (file:///C:/Users/khade/OneDrive/Placment/Final%20Year%20VD%20Project/backend/node_modules/axios/lib/core/settle.js:19:12)
    at IncomingMessage.handleStreamEnd (file:///C:/Users/khade/OneDrive/Placment/Final%20Year%20VD%20Project/backend/node_modules/axios/lib/adapters/http.js:798:11)
    at IncomingMessage.emit (node:events:531:35)
    at endReadableNT (node:internal/streams/readable:1698:12)
    at process.processTicksAndRejections (node:internal/process/task_queues:90:21)
    at Axios.request (file:///C:/Users/khade/OneDrive/Placment/Final%20Year%20VD%20Project/backend/node_modules/axios/lib/core/Axios.js:45:41)
    at process.processTicksAndRejections (node:internal/process/task_queues:105:5)
    at async ImageService.downloadImage (C:\Users\khade\OneDrive\Placment\Final Year VD Project\backend\src\services\imageService.ts:162:34)
    at async AIService.getFallbackImages (C:\Users\khade\OneDrive\Placment\Final Year VD Project\backend\src\services\aiService.ts:170:36)
    at async AIService.generateRoomRedesign (C:\Users\khade\OneDrive\Placment\Final Year VD Project\backend\src\services\aiService.ts:93:32)
    at async DesignController.generate (C:\Users\khade\OneDrive\Placment\Final Year VD Project\backend\src\controllers\designController.ts:70:37)
2026-02-06 19:28:41 [error]: AxiosError: Request failed with status code 502
    at settle (file:///C:/Users/khade/OneDrive/Placment/Final%20Year%20VD%20Project/backend/node_modules/axios/lib/core/settle.js:19:12)
    at IncomingMessage.handleStreamEnd (file:///C:/Users/khade/OneDrive/Placment/Final%20Year%20VD%20Project/backend/node_modules/axios/lib/adapters/http.js:798:11)
    at IncomingMessage.emit (node:events:531:35)
    at endReadableNT (node:internal/streams/readable:1698:12)
    at process.processTicksAndRejections (node:internal/process/task_queues:90:21)
    at Axios.request (file:///C:/Users/khade/OneDrive/Placment/Final%20Year%20VD%20Project/backend/node_modules/axios/lib/core/Axios.js:45:41)
    at process.processTicksAndRejections (node:internal/process/task_queues:105:5)
    at async ImageService.downloadImage (C:\Users\khade\OneDrive\Placment\Final Year VD Project\backend\src\services\imageService.ts:162:34)
    at async AIService.getFallbackImages (C:\Users\khade\OneDrive\Placment\Final Year VD Project\backend\src\services\aiService.ts:170:36)
    at async AIService.generateRoomRedesign (C:\Users\khade\OneDrive\Placment\Final Year VD Project\backend\src\services\aiService.ts:93:32)
    at async DesignController.generate (C:\Users\khade\OneDrive\Placment\Final Year VD Project\backend\src\controllers\designController.ts:70:37)
2026-02-06 19:28:42 [error]: AxiosError: Request failed with status code 502
    at settle (file:///C:/Users/khade/OneDrive/Placment/Final%20Year%20VD%20Project/backend/node_modules/axios/lib/core/settle.js:19:12)
    at IncomingMessage.handleStreamEnd (file:///C:/Users/khade/OneDrive/Placment/Final%20Year%20VD%20Project/backend/node_modules/axios/lib/adapters/http.js:798:11)
    at IncomingMessage.emit (node:events:531:35)
    at endReadableNT (node:internal/streams/readable:1698:12)
    at process.processTicksAndRejections (node:internal/process/task_queues:90:21)
    at Axios.request (file:///C:/Users/khade/OneDrive/Placment/Final%20Year%20VD%20Project/backend/node_modules/axios/lib/core/Axios.js:45:41)
    at process.processTicksAndRejections (node:internal/process/task_queues:105:5)
    at async ImageService.downloadImage (C:\Users\khade\OneDrive\Placment\Final Year VD Project\backend\src\services\imageService.ts:162:34)
    at async AIService.getFallbackImages (C:\Users\khade\OneDrive\Placment\Final Year VD Project\backend\src\services\aiService.ts:170:36)
    at async AIService.generateRoomRedesign (C:\Users\khade\OneDrive\Placment\Final Year VD Project\backend\src\services\aiService.ts:93:32)
    at async DesignController.generate (C:\Users\khade\OneDrive\Placment\Final Year VD Project\backend\src\controllers\designController.ts:70:37)
2026-02-06 19:28:42 [error]: AxiosError: Request failed with status code 502
    at settle (file:///C:/Users/khade/OneDrive/Placment/Final%20Year%20VD%20Project/backend/node_modules/axios/lib/core/settle.js:19:12)
    at IncomingMessage.handleStreamEnd (file:///C:/Users/khade/OneDrive/Placment/Final%20Year%20VD%20Project/backend/node_modules/axios/lib/adapters/http.js:798:11)
    at IncomingMessage.emit (node:events:531:35)
    at endReadableNT (node:internal/streams/readable:1698:12)
    at process.processTicksAndRejections (node:internal/process/task_queues:90:21)
    at Axios.request (file:///C:/Users/khade/OneDrive/Placment/Final%20Year%20VD%20Project/backend/node_modules/axios/lib/core/Axios.js:45:41)
    at process.processTicksAndRejections (node:internal/process/task_queues:105:5)
    at async ImageService.downloadImage (C:\Users\khade\OneDrive\Placment\Final Year VD Project\backend\src\services\imageService.ts:162:34)
    at async AIService.getFallbackImages (C:\Users\khade\OneDrive\Placment\Final Year VD Project\backend\src\services\aiService.ts:170:36)
    at async AIService.generateRoomRedesign (C:\Users\khade\OneDrive\Placment\Final Year VD Project\backend\src\services\aiService.ts:93:32)
    at async DesignController.generate (C:\Users\khade\OneDrive\Placment\Final Year VD Project\backend\src\controllers\designController.ts:70:37)
2026-02-06 19:28:42 [error]: AxiosError: Request failed with status code 502
    at settle (file:///C:/Users/khade/OneDrive/Placment/Final%20Year%20VD%20Project/backend/node_modules/axios/lib/core/settle.js:19:12)
    at IncomingMessage.handleStreamEnd (file:///C:/Users/khade/OneDrive/Placment/Final%20Year%20VD%20Project/backend/node_modules/axios/lib/adapters/http.js:798:11)
    at IncomingMessage.emit (node:events:531:35)
    at endReadableNT (node:internal/streams/readable:1698:12)
    at process.processTicksAndRejections (node:internal/process/task_queues:90:21)
    at Axios.request (file:///C:/Users/khade/OneDrive/Placment/Final%20Year%20VD%20Project/backend/node_modules/axios/lib/core/Axios.js:45:41)
    at process.processTicksAndRejections (node:internal/process/task_queues:105:5)
    at async ImageService.downloadImage (C:\Users\khade\OneDrive\Placment\Final Year VD Project\backend\src\services\imageService.ts:162:34)
    at async AIService.getFallbackImages (C:\Users\khade\OneDrive\Placment\Final Year VD Project\backend\src\services\aiService.ts:170:36)
    at async AIService.generateRoomRedesign (C:\Users\khade\OneDrive\Placment\Final Year VD Project\backend\src\services\aiService.ts:93:32)
    at async DesignController.generate (C:\Users\khade\OneDrive\Placment\Final Year VD Project\backend\src\controllers\designController.ts:70:37)
2026-02-06 19:28:45 [error]: AxiosError: Request failed with status code 502
    at settle (file:///C:/Users/khade/OneDrive/Placment/Final%20Year%20VD%20Project/backend/node_modules/axios/lib/core/settle.js:19:12)
    at IncomingMessage.handleStreamEnd (file:///C:/Users/khade/OneDrive/Placment/Final%20Year%20VD%20Project/backend/node_modules/axios/lib/adapters/http.js:798:11)
    at IncomingMessage.emit (node:events:531:35)
    at endReadableNT (node:internal/streams/readable:1698:12)
    at process.processTicksAndRejections (node:internal/process/task_queues:90:21)
    at Axios.request (file:///C:/Users/khade/OneDrive/Placment/Final%20Year%20VD%20Project/backend/node_modules/axios/lib/core/Axios.js:45:41)
    at process.processTicksAndRejections (node:internal/process/task_queues:105:5)
    at async ImageService.downloadImage (C:\Users\khade\OneDrive\Placment\Final Year VD Project\backend\src\services\imageService.ts:162:34)
    at async AIService.getFallbackImages (C:\Users\khade\OneDrive\Placment\Final Year VD Project\backend\src\services\aiService.ts:170:36)
    at async AIService.generateRoomRedesign (C:\Users\khade\OneDrive\Placment\Final Year VD Project\backend\src\services\aiService.ts:93:32)
    at async DesignController.generate (C:\Users\khade\OneDrive\Placment\Final Year VD Project\backend\src\controllers\designController.ts:70:37)
2026-02-06 19:28:45 [error]: AxiosError: Request failed with status code 502
    at settle (file:///C:/Users/khade/OneDrive/Placment/Final%20Year%20VD%20Project/backend/node_modules/axios/lib/core/settle.js:19:12)
    at IncomingMessage.handleStreamEnd (file:///C:/Users/khade/OneDrive/Placment/Final%20Year%20VD%20Project/backend/node_modules/axios/lib/adapters/http.js:798:11)
    at IncomingMessage.emit (node:events:531:35)
    at endReadableNT (node:internal/streams/readable:1698:12)
    at process.processTicksAndRejections (node:internal/process/task_queues:90:21)
    at Axios.request (file:///C:/Users/khade/OneDrive/Placment/Final%20Year%20VD%20Project/backend/node_modules/axios/lib/core/Axios.js:45:41)
    at process.processTicksAndRejections (node:internal/process/task_queues:105:5)
    at async ImageService.downloadImage (C:\Users\khade\OneDrive\Placment\Final Year VD Project\backend\src\services\imageService.ts:162:34)
    at async AIService.getFallbackImages (C:\Users\khade\OneDrive\Placment\Final Year VD Project\backend\src\services\aiService.ts:170:36)
    at async AIService.generateRoomRedesign (C:\Users\khade\OneDrive\Placment\Final Year VD Project\backend\src\services\aiService.ts:93:32)
    at async DesignController.generate (C:\Users\khade\OneDrive\Placment\Final Year VD Project\backend\src\controllers\designController.ts:70:37)
2026-02-06 19:28:50 [error]: AxiosError: Request failed with status code 502
    at settle (file:///C:/Users/khade/OneDrive/Placment/Final%20Year%20VD%20Project/backend/node_modules/axios/lib/core/settle.js:19:12)
    at IncomingMessage.handleStreamEnd (file:///C:/Users/khade/OneDrive/Placment/Final%20Year%20VD%20Project/backend/node_modules/axios/lib/adapters/http.js:798:11)
    at IncomingMessage.emit (node:events:531:35)
    at endReadableNT (node:internal/streams/readable:1698:12)
    at process.processTicksAndRejections (node:internal/process/task_queues:90:21)
    at Axios.request (file:///C:/Users/khade/OneDrive/Placment/Final%20Year%20VD%20Project/backend/node_modules/axios/lib/core/Axios.js:45:41)
    at process.processTicksAndRejections (node:internal/process/task_queues:105:5)
    at async ImageService.downloadImage (C:\Users\khade\OneDrive\Placment\Final Year VD Project\backend\src\services\imageService.ts:162:34)
    at async AIService.getFallbackImages (C:\Users\khade\OneDrive\Placment\Final Year VD Project\backend\src\services\aiService.ts:170:36)
    at async AIService.generateRoomRedesign (C:\Users\khade\OneDrive\Placment\Final Year VD Project\backend\src\services\aiService.ts:93:32)
    at async DesignController.generate (C:\Users\khade\OneDrive\Placment\Final Year VD Project\backend\src\controllers\designController.ts:70:37)
2026-02-06 19:28:50 [error]: AxiosError: Request failed with status code 502
    at settle (file:///C:/Users/khade/OneDrive/Placment/Final%20Year%20VD%20Project/backend/node_modules/axios/lib/core/settle.js:19:12)
    at IncomingMessage.handleStreamEnd (file:///C:/Users/khade/OneDrive/Placment/Final%20Year%20VD%20Project/backend/node_modules/axios/lib/adapters/http.js:798:11)
    at IncomingMessage.emit (node:events:531:35)
    at endReadableNT (node:internal/streams/readable:1698:12)
    at process.processTicksAndRejections (node:internal/process/task_queues:90:21)
    at Axios.request (file:///C:/Users/khade/OneDrive/Placment/Final%20Year%20VD%20Project/backend/node_modules/axios/lib/core/Axios.js:45:41)
    at process.processTicksAndRejections (node:internal/process/task_queues:105:5)
    at async ImageService.downloadImage (C:\Users\khade\OneDrive\Placment\Final Year VD Project\backend\src\services\imageService.ts:162:34)
    at async AIService.getFallbackImages (C:\Users\khade\OneDrive\Placment\Final Year VD Project\backend\src\services\aiService.ts:170:36)
    at async AIService.generateRoomRedesign (C:\Users\khade\OneDrive\Placment\Final Year VD Project\backend\src\services\aiService.ts:93:32)
    at async DesignController.generate (C:\Users\khade\OneDrive\Placment\Final Year VD Project\backend\src\controllers\designController.ts:70:37)
2026-02-06 19:28:51 [error]: Proxy failed for https://image.pollinations.ai/prompt/Ultra-realistic%20Minimalist%20style%20Home%20Office%20interior%2C%20cinematic%20wide-angle%20view%2C%20eye-level%20perspective%2C%20natural%2C%20furniture%20focus%3A%20premium%20sofa%20and%20decorative%20elements%2C%20neutral%20color%20palette%2C%208K%20resolution%2C%20high%20detail%2C%20architectural%20photography%2C%20no%20blur%2C%20no%20distortion%2C%20no%20people.?width=1280&height=720&nologo=true&seed=398537&model=flux:
2026-02-06 19:28:51 [error]: Proxy failed for https://image.pollinations.ai/prompt/Ultra-realistic%20Minimalist%20style%20Home%20Office%20interior%2C%20cinematic%20wide-angle%20view%2C%20eye-level%20perspective%2C%20natural%2C%20furniture%20focus%3A%20premium%20sofa%20and%20decorative%20elements%2C%20neutral%20color%20palette%2C%208K%20resolution%2C%20high%20detail%2C%20architectural%20photography%2C%20no%20blur%2C%20no%20distortion%2C%20no%20people.?width=1280&height=720&nologo=true&seed=638532&model=flux:
2026-02-06 19:28:52 [error]: Proxy failed for https://image.pollinations.ai/prompt/Ultra-realistic%20Minimalist%20style%20Home%20Office%20interior%2C%20cinematic%20wide-angle%20view%2C%20eye-level%20perspective%2C%20natural%2C%20furniture%20focus%3A%20premium%20sofa%20and%20decorative%20elements%2C%20neutral%20color%20palette%2C%208K%20resolution%2C%20high%20detail%2C%20architectural%20photography%2C%20no%20blur%2C%20no%20distortion%2C%20no%20people.?width=1280&height=720&nologo=true&seed=968724&model=flux:
2026-02-06 19:28:54 [error]: Proxy failed for https://image.pollinations.ai/prompt/Ultra-realistic%20Minimalist%20style%20Home%20Office%20interior%2C%20cinematic%20wide-angle%20view%2C%20eye-level%20perspective%2C%20natural%2C%20furniture%20focus%3A%20premium%20sofa%20and%20decorative%20elements%2C%20neutral%20color%20palette%2C%208K%20resolution%2C%20high%20detail%2C%20architectural%20photography%2C%20no%20blur%2C%20no%20distortion%2C%20no%20people.?width=1280&height=720&nologo=true&seed=968724&model=flux:
2026-02-06 19:28:58 [error]: Proxy failed for https://image.pollinations.ai/prompt/Ultra-realistic%20Minimalist%20style%20Home%20Office%20interior%2C%20cinematic%20wide-angle%20view%2C%20eye-level%20perspective%2C%20natural%2C%20furniture%20focus%3A%20premium%20sofa%20and%20decorative%20elements%2C%20neutral%20color%20palette%2C%208K%20resolution%2C%20high%20detail%2C%20architectural%20photography%2C%20no%20blur%2C%20no%20distortion%2C%20no%20people.?width=1280&height=720&nologo=true&seed=968724&model=flux:
2026-02-06 19:42:11 [error]: OpenAI generation failed: 400 Billing hard limit has been reached. Falling back to emergency engine.
2026-02-06 19:42:11 [error]: OpenAI generation failed: 400 Billing hard limit has been reached. Falling back to emergency engine.
2026-02-06 19:42:13 [error]: AxiosError: Request failed with status code 502
    at settle (file:///C:/Users/khade/OneDrive/Placment/Final%20Year%20VD%20Project/backend/node_modules/axios/lib/core/settle.js:19:12)
    at IncomingMessage.handleStreamEnd (file:///C:/Users/khade/OneDrive/Placment/Final%20Year%20VD%20Project/backend/node_modules/axios/lib/adapters/http.js:798:11)
    at IncomingMessage.emit (node:events:531:35)
    at endReadableNT (node:internal/streams/readable:1698:12)
    at process.processTicksAndRejections (node:internal/process/task_queues:90:21)
    at Axios.request (file:///C:/Users/khade/OneDrive/Placment/Final%20Year%20VD%20Project/backend/node_modules/axios/lib/core/Axios.js:45:41)
    at process.processTicksAndRejections (node:internal/process/task_queues:105:5)
    at async ImageService.downloadImage (C:\Users\khade\OneDrive\Placment\Final Year VD Project\backend\src\services\imageService.ts:162:34)
    at async AIService.getFallbackImages (C:\Users\khade\OneDrive\Placment\Final Year VD Project\backend\src\services\aiService.ts:171:36)
    at async AIService.generateRoomRedesign (C:\Users\khade\OneDrive\Placment\Final Year VD Project\backend\src\services\aiService.ts:93:32)
    at async DesignController.generate (C:\Users\khade\OneDrive\Placment\Final Year VD Project\backend\src\controllers\designController.ts:70:37)
2026-02-06 19:42:13 [error]: AxiosError: Request failed with status code 502
    at settle (file:///C:/Users/khade/OneDrive/Placment/Final%20Year%20VD%20Project/backend/node_modules/axios/lib/core/settle.js:19:12)
    at IncomingMessage.handleStreamEnd (file:///C:/Users/khade/OneDrive/Placment/Final%20Year%20VD%20Project/backend/node_modules/axios/lib/adapters/http.js:798:11)
    at IncomingMessage.emit (node:events:531:35)
    at endReadableNT (node:internal/streams/readable:1698:12)
    at process.processTicksAndRejections (node:internal/process/task_queues:90:21)
    at Axios.request (file:///C:/Users/khade/OneDrive/Placment/Final%20Year%20VD%20Project/backend/node_modules/axios/lib/core/Axios.js:45:41)
    at process.processTicksAndRejections (node:internal/process/task_queues:105:5)
    at async ImageService.downloadImage (C:\Users\khade\OneDrive\Placment\Final Year VD Project\backend\src\services\imageService.ts:162:34)
    at async AIService.getFallbackImages (C:\Users\khade\OneDrive\Placment\Final Year VD Project\backend\src\services\aiService.ts:171:36)
    at async AIService.generateRoomRedesign (C:\Users\khade\OneDrive\Placment\Final Year VD Project\backend\src\services\aiService.ts:93:32)
    at async DesignController.generate (C:\Users\khade\OneDrive\Placment\Final Year VD Project\backend\src\controllers\designController.ts:70:37)
2026-02-06 19:42:16 [error]: AxiosError: Request failed with status code 502
    at settle (file:///C:/Users/khade/OneDrive/Placment/Final%20Year%20VD%20Project/backend/node_modules/axios/lib/core/settle.js:19:12)
    at IncomingMessage.handleStreamEnd (file:///C:/Users/khade/OneDrive/Placment/Final%20Year%20VD%20Project/backend/node_modules/axios/lib/adapters/http.js:798:11)
    at IncomingMessage.emit (node:events:531:35)
    at endReadableNT (node:internal/streams/readable:1698:12)
    at process.processTicksAndRejections (node:internal/process/task_queues:90:21)
    at Axios.request (file:///C:/Users/khade/OneDrive/Placment/Final%20Year%20VD%20Project/backend/node_modules/axios/lib/core/Axios.js:45:41)
    at process.processTicksAndRejections (node:internal/process/task_queues:105:5)
    at async ImageService.downloadImage (C:\Users\khade\OneDrive\Placment\Final Year VD Project\backend\src\services\imageService.ts:162:34)
    at async AIService.getFallbackImages (C:\Users\khade\OneDrive\Placment\Final Year VD Project\backend\src\services\aiService.ts:171:36)
    at async AIService.generateRoomRedesign (C:\Users\khade\OneDrive\Placment\Final Year VD Project\backend\src\services\aiService.ts:93:32)
    at async DesignController.generate (C:\Users\khade\OneDrive\Placment\Final Year VD Project\backend\src\controllers\designController.ts:70:37)
2026-02-06 19:42:16 [error]: AxiosError: Request failed with status code 502
    at settle (file:///C:/Users/khade/OneDrive/Placment/Final%20Year%20VD%20Project/backend/node_modules/axios/lib/core/settle.js:19:12)
    at IncomingMessage.handleStreamEnd (file:///C:/Users/khade/OneDrive/Placment/Final%20Year%20VD%20Project/backend/node_modules/axios/lib/adapters/http.js:798:11)
    at IncomingMessage.emit (node:events:531:35)
    at endReadableNT (node:internal/streams/readable:1698:12)
    at process.processTicksAndRejections (node:internal/process/task_queues:90:21)
    at Axios.request (file:///C:/Users/khade/OneDrive/Placment/Final%20Year%20VD%20Project/backend/node_modules/axios/lib/core/Axios.js:45:41)
    at process.processTicksAndRejections (node:internal/process/task_queues:105:5)
    at async ImageService.downloadImage (C:\Users\khade\OneDrive\Placment\Final Year VD Project\backend\src\services\imageService.ts:162:34)
    at async AIService.getFallbackImages (C:\Users\khade\OneDrive\Placment\Final Year VD Project\backend\src\services\aiService.ts:171:36)
    at async AIService.generateRoomRedesign (C:\Users\khade\OneDrive\Placment\Final Year VD Project\backend\src\services\aiService.ts:93:32)
    at async DesignController.generate (C:\Users\khade\OneDrive\Placment\Final Year VD Project\backend\src\controllers\designController.ts:70:37)
2026-02-06 19:42:22 [error]: AxiosError: Request failed with status code 502
    at settle (file:///C:/Users/khade/OneDrive/Placment/Final%20Year%20VD%20Project/backend/node_modules/axios/lib/core/settle.js:19:12)
    at IncomingMessage.handleStreamEnd (file:///C:/Users/khade/OneDrive/Placment/Final%20Year%20VD%20Project/backend/node_modules/axios/lib/adapters/http.js:798:11)
    at IncomingMessage.emit (node:events:531:35)
    at endReadableNT (node:internal/streams/readable:1698:12)
    at process.processTicksAndRejections (node:internal/process/task_queues:90:21)
    at Axios.request (file:///C:/Users/khade/OneDrive/Placment/Final%20Year%20VD%20Project/backend/node_modules/axios/lib/core/Axios.js:45:41)
    at process.processTicksAndRejections (node:internal/process/task_queues:105:5)
    at async ImageService.downloadImage (C:\Users\khade\OneDrive\Placment\Final Year VD Project\backend\src\services\imageService.ts:162:34)
    at async AIService.getFallbackImages (C:\Users\khade\OneDrive\Placment\Final Year VD Project\backend\src\services\aiService.ts:171:36)
    at async AIService.generateRoomRedesign (C:\Users\khade\OneDrive\Placment\Final Year VD Project\backend\src\services\aiService.ts:93:32)
    at async DesignController.generate (C:\Users\khade\OneDrive\Placment\Final Year VD Project\backend\src\controllers\designController.ts:70:37)
2026-02-06 19:42:22 [error]: Fallback variation 1 download failed, using raw URL: Failed to download image after 3 attempts: Request failed with status code 502
2026-02-06 19:42:22 [error]: AxiosError: Request failed with status code 502
    at settle (file:///C:/Users/khade/OneDrive/Placment/Final%20Year%20VD%20Project/backend/node_modules/axios/lib/core/settle.js:19:12)
    at IncomingMessage.handleStreamEnd (file:///C:/Users/khade/OneDrive/Placment/Final%20Year%20VD%20Project/backend/node_modules/axios/lib/adapters/http.js:798:11)
    at IncomingMessage.emit (node:events:531:35)
    at endReadableNT (node:internal/streams/readable:1698:12)
    at process.processTicksAndRejections (node:internal/process/task_queues:90:21)
    at Axios.request (file:///C:/Users/khade/OneDrive/Placment/Final%20Year%20VD%20Project/backend/node_modules/axios/lib/core/Axios.js:45:41)
    at process.processTicksAndRejections (node:internal/process/task_queues:105:5)
    at async ImageService.downloadImage (C:\Users\khade\OneDrive\Placment\Final Year VD Project\backend\src\services\imageService.ts:162:34)
    at async AIService.getFallbackImages (C:\Users\khade\OneDrive\Placment\Final Year VD Project\backend\src\services\aiService.ts:171:36)
    at async AIService.generateRoomRedesign (C:\Users\khade\OneDrive\Placment\Final Year VD Project\backend\src\services\aiService.ts:93:32)
    at async DesignController.generate (C:\Users\khade\OneDrive\Placment\Final Year VD Project\backend\src\controllers\designController.ts:70:37)
2026-02-06 19:42:22 [error]: Fallback variation 1 download failed, using raw URL: Failed to download image after 3 attempts: Request failed with status code 502
2026-02-06 19:42:27 [error]: Proxy failed for https://image.pollinations.ai/prompt/Ultra-realistic%20Luxury%20style%20Bedroom%20interior%2C%20cinematic%20wide-angle%20view%2C%20eye-level%20perspective%2C%20natural%2C%20furniture%20focus%3A%20premium%20sofa%20and%20decorative%20elements%2C%20neutral%20color%20palette%2C%208K%20resolution%2C%20high%20detail%2C%20architectural%20photography%2C%20no%20blur%2C%20no%20distortion%2C%20no%20people.?width=1280&height=720&nologo=true&seed=641624&model=flux:
2026-02-06 19:47:22 [error]: OpenAI generation failed: 400 Billing hard limit has been reached. Falling back to emergency engine.
2026-02-06 19:47:23 [error]: OpenAI generation failed: 400 Billing hard limit has been reached. Falling back to emergency engine.
2026-02-06 19:47:24 [error]: AxiosError: Request failed with status code 502
    at settle (file:///C:/Users/khade/OneDrive/Placment/Final%20Year%20VD%20Project/backend/node_modules/axios/lib/core/settle.js:19:12)
    at IncomingMessage.handleStreamEnd (file:///C:/Users/khade/OneDrive/Placment/Final%20Year%20VD%20Project/backend/node_modules/axios/lib/adapters/http.js:798:11)
    at IncomingMessage.emit (node:events:531:35)
    at endReadableNT (node:internal/streams/readable:1698:12)
    at process.processTicksAndRejections (node:internal/process/task_queues:90:21)
    at Axios.request (file:///C:/Users/khade/OneDrive/Placment/Final%20Year%20VD%20Project/backend/node_modules/axios/lib/core/Axios.js:45:41)
    at process.processTicksAndRejections (node:internal/process/task_queues:105:5)
    at async ImageService.downloadImage (C:\Users\khade\OneDrive\Placment\Final Year VD Project\backend\src\services\imageService.ts:162:34)
    at async AIService.getFallbackImages (C:\Users\khade\OneDrive\Placment\Final Year VD Project\backend\src\services\aiService.ts:171:36)
    at async AIService.generateRoomRedesign (C:\Users\khade\OneDrive\Placment\Final Year VD Project\backend\src\services\aiService.ts:93:32)
    at async DesignController.generate (C:\Users\khade\OneDrive\Placment\Final Year VD Project\backend\src\controllers\designController.ts:70:37)
2026-02-06 19:47:24 [error]: AxiosError: Request failed with status code 502
    at settle (file:///C:/Users/khade/OneDrive/Placment/Final%20Year%20VD%20Project/backend/node_modules/axios/lib/core/settle.js:19:12)
    at IncomingMessage.handleStreamEnd (file:///C:/Users/khade/OneDrive/Placment/Final%20Year%20VD%20Project/backend/node_modules/axios/lib/adapters/http.js:798:11)
    at IncomingMessage.emit (node:events:531:35)
    at endReadableNT (node:internal/streams/readable:1698:12)
    at process.processTicksAndRejections (node:internal/process/task_queues:90:21)
    at Axios.request (file:///C:/Users/khade/OneDrive/Placment/Final%20Year%20VD%20Project/backend/node_modules/axios/lib/core/Axios.js:45:41)
    at process.processTicksAndRejections (node:internal/process/task_queues:105:5)
    at async ImageService.downloadImage (C:\Users\khade\OneDrive\Placment\Final Year VD Project\backend\src\services\imageService.ts:162:34)
    at async AIService.getFallbackImages (C:\Users\khade\OneDrive\Placment\Final Year VD Project\backend\src\services\aiService.ts:171:36)
    at async AIService.generateRoomRedesign (C:\Users\khade\OneDrive\Placment\Final Year VD Project\backend\src\services\aiService.ts:93:32)
    at async DesignController.generate (C:\Users\khade\OneDrive\Placment\Final Year VD Project\backend\src\controllers\designController.ts:70:37)
2026-02-06 19:47:26 [error]: AxiosError: Request failed with status code 502
    at settle (file:///C:/Users/khade/OneDrive/Placment/Final%20Year%20VD%20Project/backend/node_modules/axios/lib/core/settle.js:19:12)
    at IncomingMessage.handleStreamEnd (file:///C:/Users/khade/OneDrive/Placment/Final%20Year%20VD%20Project/backend/node_modules/axios/lib/adapters/http.js:798:11)
    at IncomingMessage.emit (node:events:531:35)
    at endReadableNT (node:internal/streams/readable:1698:12)
    at process.processTicksAndRejections (node:internal/process/task_queues:90:21)
    at Axios.request (file:///C:/Users/khade/OneDrive/Placment/Final%20Year%20VD%20Project/backend/node_modules/axios/lib/core/Axios.js:45:41)
    at process.processTicksAndRejections (node:internal/process/task_queues:105:5)
    at async ImageService.downloadImage (C:\Users\khade\OneDrive\Placment\Final Year VD Project\backend\src\services\imageService.ts:162:34)
    at async AIService.getFallbackImages (C:\Users\khade\OneDrive\Placment\Final Year VD Project\backend\src\services\aiService.ts:171:36)
    at async AIService.generateRoomRedesign (C:\Users\khade\OneDrive\Placment\Final Year VD Project\backend\src\services\aiService.ts:93:32)
    at async DesignController.generate (C:\Users\khade\OneDrive\Placment\Final Year VD Project\backend\src\controllers\designController.ts:70:37)
2026-02-06 19:47:27 [error]: AxiosError: Request failed with status code 502
    at settle (file:///C:/Users/khade/OneDrive/Placment/Final%20Year%20VD%20Project/backend/node_modules/axios/lib/core/settle.js:19:12)
    at IncomingMessage.handleStreamEnd (file:///C:/Users/khade/OneDrive/Placment/Final%20Year%20VD%20Project/backend/node_modules/axios/lib/adapters/http.js:798:11)
    at IncomingMessage.emit (node:events:531:35)
    at endReadableNT (node:internal/streams/readable:1698:12)
    at process.processTicksAndRejections (node:internal/process/task_queues:90:21)
    at Axios.request (file:///C:/Users/khade/OneDrive/Placment/Final%20Year%20VD%20Project/backend/node_modules/axios/lib/core/Axios.js:45:41)
    at process.processTicksAndRejections (node:internal/process/task_queues:105:5)
    at async ImageService.downloadImage (C:\Users\khade\OneDrive\Placment\Final Year VD Project\backend\src\services\imageService.ts:162:34)
    at async AIService.getFallbackImages (C:\Users\khade\OneDrive\Placment\Final Year VD Project\backend\src\services\aiService.ts:171:36)
    at async AIService.generateRoomRedesign (C:\Users\khade\OneDrive\Placment\Final Year VD Project\backend\src\services\aiService.ts:93:32)
    at async DesignController.generate (C:\Users\khade\OneDrive\Placment\Final Year VD Project\backend\src\controllers\designController.ts:70:37)
2026-02-06 19:47:31 [error]: AxiosError: Request failed with status code 502
    at settle (file:///C:/Users/khade/OneDrive/Placment/Final%20Year%20VD%20Project/backend/node_modules/axios/lib/core/settle.js:19:12)
    at IncomingMessage.handleStreamEnd (file:///C:/Users/khade/OneDrive/Placment/Final%20Year%20VD%20Project/backend/node_modules/axios/lib/adapters/http.js:798:11)
    at IncomingMessage.emit (node:events:531:35)
    at endReadableNT (node:internal/streams/readable:1698:12)
    at process.processTicksAndRejections (node:internal/process/task_queues:90:21)
    at Axios.request (file:///C:/Users/khade/OneDrive/Placment/Final%20Year%20VD%20Project/backend/node_modules/axios/lib/core/Axios.js:45:41)
    at process.processTicksAndRejections (node:internal/process/task_queues:105:5)
    at async ImageService.downloadImage (C:\Users\khade\OneDrive\Placment\Final Year VD Project\backend\src\services\imageService.ts:162:34)
    at async AIService.getFallbackImages (C:\Users\khade\OneDrive\Placment\Final Year VD Project\backend\src\services\aiService.ts:171:36)
    at async AIService.generateRoomRedesign (C:\Users\khade\OneDrive\Placment\Final Year VD Project\backend\src\services\aiService.ts:93:32)
    at async DesignController.generate (C:\Users\khade\OneDrive\Placment\Final Year VD Project\backend\src\controllers\designController.ts:70:37)
2026-02-06 19:47:31 [error]: Fallback variation 1 download failed, using raw URL: Failed to download image after 3 attempts: Request failed with status code 502
2026-02-06 19:47:32 [error]: AxiosError: Request failed with status code 502
    at settle (file:///C:/Users/khade/OneDrive/Placment/Final%20Year%20VD%20Project/backend/node_modules/axios/lib/core/settle.js:19:12)
    at IncomingMessage.handleStreamEnd (file:///C:/Users/khade/OneDrive/Placment/Final%20Year%20VD%20Project/backend/node_modules/axios/lib/adapters/http.js:798:11)
    at IncomingMessage.emit (node:events:531:35)
    at endReadableNT (node:internal/streams/readable:1698:12)
    at process.processTicksAndRejections (node:internal/process/task_queues:90:21)
    at Axios.request (file:///C:/Users/khade/OneDrive/Placment/Final%20Year%20VD%20Project/backend/node_modules/axios/lib/core/Axios.js:45:41)
    at process.processTicksAndRejections (node:internal/process/task_queues:105:5)
    at async ImageService.downloadImage (C:\Users\khade\OneDrive\Placment\Final Year VD Project\backend\src\services\imageService.ts:162:34)
    at async AIService.getFallbackImages (C:\Users\khade\OneDrive\Placment\Final Year VD Project\backend\src\services\aiService.ts:171:36)
    at async AIService.generateRoomRedesign (C:\Users\khade\OneDrive\Placment\Final Year VD Project\backend\src\services\aiService.ts:93:32)
    at async DesignController.generate (C:\Users\khade\OneDrive\Placment\Final Year VD Project\backend\src\controllers\designController.ts:70:37)
2026-02-06 19:47:32 [error]: Fallback variation 1 download failed, using raw URL: Failed to download image after 3 attempts: Request failed with status code 502
2026-02-06 20:04:05 [error]: AxiosError: Request failed with status code 502
    at settle (file:///C:/Users/khade/OneDrive/Placment/Final%20Year%20VD%20Project/backend/node_modules/axios/lib/core/settle.js:19:12)
    at IncomingMessage.handleStreamEnd (file:///C:/Users/khade/OneDrive/Placment/Final%20Year%20VD%20Project/backend/node_modules/axios/lib/adapters/http.js:798:11)
    at IncomingMessage.emit (node:events:531:35)
    at endReadableNT (node:internal/streams/readable:1698:12)
    at process.processTicksAndRejections (node:internal/process/task_queues:90:21)
    at Axios.request (file:///C:/Users/khade/OneDrive/Placment/Final%20Year%20VD%20Project/backend/node_modules/axios/lib/core/Axios.js:45:41)
    at process.processTicksAndRejections (node:internal/process/task_queues:105:5)
    at async ImageService.downloadImage (C:\Users\khade\OneDrive\Placment\Final Year VD Project\backend\src\services\imageService.ts:162:34)
    at async AIService.getFallbackImages (C:\Users\khade\OneDrive\Placment\Final Year VD Project\backend\src\services\aiService.ts:171:36)
    at async AIService.generateRoomRedesign (C:\Users\khade\OneDrive\Placment\Final Year VD Project\backend\src\services\aiService.ts:93:32)
    at async DesignController.generate (C:\Users\khade\OneDrive\Placment\Final Year VD Project\backend\src\controllers\designController.ts:70:37)
2026-02-06 20:04:06 [error]: AxiosError: Request failed with status code 502
    at settle (file:///C:/Users/khade/OneDrive/Placment/Final%20Year%20VD%20Project/backend/node_modules/axios/lib/core/settle.js:19:12)
    at IncomingMessage.handleStreamEnd (file:///C:/Users/khade/OneDrive/Placment/Final%20Year%20VD%20Project/backend/node_modules/axios/lib/adapters/http.js:798:11)
    at IncomingMessage.emit (node:events:531:35)
    at endReadableNT (node:internal/streams/readable:1698:12)
    at process.processTicksAndRejections (node:internal/process/task_queues:90:21)
    at Axios.request (file:///C:/Users/khade/OneDrive/Placment/Final%20Year%20VD%20Project/backend/node_modules/axios/lib/core/Axios.js:45:41)
    at process.processTicksAndRejections (node:internal/process/task_queues:105:5)
    at async ImageService.downloadImage (C:\Users\khade\OneDrive\Placment\Final Year VD Project\backend\src\services\imageService.ts:162:34)
    at async AIService.getFallbackImages (C:\Users\khade\OneDrive\Placment\Final Year VD Project\backend\src\services\aiService.ts:171:36)
    at async AIService.generateRoomRedesign (C:\Users\khade\OneDrive\Placment\Final Year VD Project\backend\src\services\aiService.ts:93:32)
    at async DesignController.generate (C:\Users\khade\OneDrive\Placment\Final Year VD Project\backend\src\controllers\designController.ts:70:37)
2026-02-06 20:04:08 [error]: AxiosError: Request failed with status code 502
    at settle (file:///C:/Users/khade/OneDrive/Placment/Final%20Year%20VD%20Project/backend/node_modules/axios/lib/core/settle.js:19:12)
    at IncomingMessage.handleStreamEnd (file:///C:/Users/khade/OneDrive/Placment/Final%20Year%20VD%20Project/backend/node_modules/axios/lib/adapters/http.js:798:11)
    at IncomingMessage.emit (node:events:531:35)
    at endReadableNT (node:internal/streams/readable:1698:12)
    at process.processTicksAndRejections (node:internal/process/task_queues:90:21)
    at Axios.request (file:///C:/Users/khade/OneDrive/Placment/Final%20Year%20VD%20Project/backend/node_modules/axios/lib/core/Axios.js:45:41)
    at process.processTicksAndRejections (node:internal/process/task_queues:105:5)
    at async ImageService.downloadImage (C:\Users\khade\OneDrive\Placment\Final Year VD Project\backend\src\services\imageService.ts:162:34)
    at async AIService.getFallbackImages (C:\Users\khade\OneDrive\Placment\Final Year VD Project\backend\src\services\aiService.ts:171:36)
    at async AIService.generateRoomRedesign (C:\Users\khade\OneDrive\Placment\Final Year VD Project\backend\src\services\aiService.ts:93:32)
    at async DesignController.generate (C:\Users\khade\OneDrive\Placment\Final Year VD Project\backend\src\controllers\designController.ts:70:37)
2026-02-06 20:04:09 [error]: AxiosError: Request failed with status code 502
    at settle (file:///C:/Users/khade/OneDrive/Placment/Final%20Year%20VD%20Project/backend/node_modules/axios/lib/core/settle.js:19:12)
    at IncomingMessage.handleStreamEnd (file:///C:/Users/khade/OneDrive/Placment/Final%20Year%20VD%20Project/backend/node_modules/axios/lib/adapters/http.js:798:11)
    at IncomingMessage.emit (node:events:531:35)
    at endReadableNT (node:internal/streams/readable:1698:12)
    at process.processTicksAndRejections (node:internal/process/task_queues:90:21)
    at Axios.request (file:///C:/Users/khade/OneDrive/Placment/Final%20Year%20VD%20Project/backend/node_modules/axios/lib/core/Axios.js:45:41)
    at process.processTicksAndRejections (node:internal/process/task_queues:105:5)
    at async ImageService.downloadImage (C:\Users\khade\OneDrive\Placment\Final Year VD Project\backend\src\services\imageService.ts:162:34)
    at async AIService.getFallbackImages (C:\Users\khade\OneDrive\Placment\Final Year VD Project\backend\src\services\aiService.ts:171:36)
    at async AIService.generateRoomRedesign (C:\Users\khade\OneDrive\Placment\Final Year VD Project\backend\src\services\aiService.ts:93:32)
    at async DesignController.generate (C:\Users\khade\OneDrive\Placment\Final Year VD Project\backend\src\controllers\designController.ts:70:37)
2026-02-06 20:04:13 [error]: AxiosError: Request failed with status code 502
    at settle (file:///C:/Users/khade/OneDrive/Placment/Final%20Year%20VD%20Project/backend/node_modules/axios/lib/core/settle.js:19:12)
    at IncomingMessage.handleStreamEnd (file:///C:/Users/khade/OneDrive/Placment/Final%20Year%20VD%20Project/backend/node_modules/axios/lib/adapters/http.js:798:11)
    at IncomingMessage.emit (node:events:531:35)
    at endReadableNT (node:internal/streams/readable:1698:12)
    at process.processTicksAndRejections (node:internal/process/task_queues:90:21)
    at Axios.request (file:///C:/Users/khade/OneDrive/Placment/Final%20Year%20VD%20Project/backend/node_modules/axios/lib/core/Axios.js:45:41)
    at process.processTicksAndRejections (node:internal/process/task_queues:105:5)
    at async ImageService.downloadImage (C:\Users\khade\OneDrive\Placment\Final Year VD Project\backend\src\services\imageService.ts:162:34)
    at async AIService.getFallbackImages (C:\Users\khade\OneDrive\Placment\Final Year VD Project\backend\src\services\aiService.ts:171:36)
    at async AIService.generateRoomRedesign (C:\Users\khade\OneDrive\Placment\Final Year VD Project\backend\src\services\aiService.ts:93:32)
    at async DesignController.generate (C:\Users\khade\OneDrive\Placment\Final Year VD Project\backend\src\controllers\designController.ts:70:37)
2026-02-06 20:04:13 [error]: Fallback variation 1 download failed, using raw URL: Failed to download image after 3 attempts: Request failed with status code 502
2026-02-06 20:04:13 [error]: AxiosError: Request failed with status code 502
    at settle (file:///C:/Users/khade/OneDrive/Placment/Final%20Year%20VD%20Project/backend/node_modules/axios/lib/core/settle.js:19:12)
    at IncomingMessage.handleStreamEnd (file:///C:/Users/khade/OneDrive/Placment/Final%20Year%20VD%20Project/backend/node_modules/axios/lib/adapters/http.js:798:11)
    at IncomingMessage.emit (node:events:531:35)
    at endReadableNT (node:internal/streams/readable:1698:12)
    at process.processTicksAndRejections (node:internal/process/task_queues:90:21)
    at Axios.request (file:///C:/Users/khade/OneDrive/Placment/Final%20Year%20VD%20Project/backend/node_modules/axios/lib/core/Axios.js:45:41)
    at process.processTicksAndRejections (node:internal/process/task_queues:105:5)
    at async ImageService.downloadImage (C:\Users\khade\OneDrive\Placment\Final Year VD Project\backend\src\services\imageService.ts:162:34)
    at async AIService.getFallbackImages (C:\Users\khade\OneDrive\Placment\Final Year VD Project\backend\src\services\aiService.ts:171:36)
    at async AIService.generateRoomRedesign (C:\Users\khade\OneDrive\Placment\Final Year VD Project\backend\src\services\aiService.ts:93:32)
    at async DesignController.generate (C:\Users\khade\OneDrive\Placment\Final Year VD Project\backend\src\controllers\designController.ts:70:37)
2026-02-06 20:04:13 [error]: Fallback variation 1 download failed, using raw URL: Failed to download image after 3 attempts: Request failed with status code 502
2026-02-06 20:11:16 [error]: AxiosError: Request failed with status code 502
    at settle (file:///C:/Users/khade/OneDrive/Placment/Final%20Year%20VD%20Project/backend/node_modules/axios/lib/core/settle.js:19:12)
    at IncomingMessage.handleStreamEnd (file:///C:/Users/khade/OneDrive/Placment/Final%20Year%20VD%20Project/backend/node_modules/axios/lib/adapters/http.js:798:11)
    at IncomingMessage.emit (node:events:531:35)
    at endReadableNT (node:internal/streams/readable:1698:12)
    at process.processTicksAndRejections (node:internal/process/task_queues:90:21)
    at Axios.request (file:///C:/Users/khade/OneDrive/Placment/Final%20Year%20VD%20Project/backend/node_modules/axios/lib/core/Axios.js:45:41)
    at process.processTicksAndRejections (node:internal/process/task_queues:105:5)
    at async ImageService.downloadImage (C:\Users\khade\OneDrive\Placment\Final Year VD Project\backend\src\services\imageService.ts:162:34)
    at async AIService.getFallbackImages (C:\Users\khade\OneDrive\Placment\Final Year VD Project\backend\src\services\aiService.ts:167:36)
    at async AIService.generateRoomRedesign (C:\Users\khade\OneDrive\Placment\Final Year VD Project\backend\src\services\aiService.ts:93:32)
    at async DesignController.generate (C:\Users\khade\OneDrive\Placment\Final Year VD Project\backend\src\controllers\designController.ts:70:37)
2026-02-06 20:11:16 [error]: AxiosError: Request failed with status code 502
    at settle (file:///C:/Users/khade/OneDrive/Placment/Final%20Year%20VD%20Project/backend/node_modules/axios/lib/core/settle.js:19:12)
    at IncomingMessage.handleStreamEnd (file:///C:/Users/khade/OneDrive/Placment/Final%20Year%20VD%20Project/backend/node_modules/axios/lib/adapters/http.js:798:11)
    at IncomingMessage.emit (node:events:531:35)
    at endReadableNT (node:internal/streams/readable:1698:12)
    at process.processTicksAndRejections (node:internal/process/task_queues:90:21)
    at Axios.request (file:///C:/Users/khade/OneDrive/Placment/Final%20Year%20VD%20Project/backend/node_modules/axios/lib/core/Axios.js:45:41)
    at process.processTicksAndRejections (node:internal/process/task_queues:105:5)
    at async ImageService.downloadImage (C:\Users\khade\OneDrive\Placment\Final Year VD Project\backend\src\services\imageService.ts:162:34)
    at async AIService.getFallbackImages (C:\Users\khade\OneDrive\Placment\Final Year VD Project\backend\src\services\aiService.ts:167:36)
    at async AIService.generateRoomRedesign (C:\Users\khade\OneDrive\Placment\Final Year VD Project\backend\src\services\aiService.ts:93:32)
    at async DesignController.generate (C:\Users\khade\OneDrive\Placment\Final Year VD Project\backend\src\controllers\designController.ts:70:37)
2026-02-06 20:11:19 [error]: AxiosError: Request failed with status code 502
    at settle (file:///C:/Users/khade/OneDrive/Placment/Final%20Year%20VD%20Project/backend/node_modules/axios/lib/core/settle.js:19:12)
    at IncomingMessage.handleStreamEnd (file:///C:/Users/khade/OneDrive/Placment/Final%20Year%20VD%20Project/backend/node_modules/axios/lib/adapters/http.js:798:11)
    at IncomingMessage.emit (node:events:531:35)
    at endReadableNT (node:internal/streams/readable:1698:12)
    at process.processTicksAndRejections (node:internal/process/task_queues:90:21)
    at Axios.request (file:///C:/Users/khade/OneDrive/Placment/Final%20Year%20VD%20Project/backend/node_modules/axios/lib/core/Axios.js:45:41)
    at process.processTicksAndRejections (node:internal/process/task_queues:105:5)
    at async ImageService.downloadImage (C:\Users\khade\OneDrive\Placment\Final Year VD Project\backend\src\services\imageService.ts:162:34)
    at async AIService.getFallbackImages (C:\Users\khade\OneDrive\Placment\Final Year VD Project\backend\src\services\aiService.ts:167:36)
    at async AIService.generateRoomRedesign (C:\Users\khade\OneDrive\Placment\Final Year VD Project\backend\src\services\aiService.ts:93:32)
    at async DesignController.generate (C:\Users\khade\OneDrive\Placment\Final Year VD Project\backend\src\controllers\designController.ts:70:37)
2026-02-06 20:11:19 [error]: AxiosError: Request failed with status code 502
    at settle (file:///C:/Users/khade/OneDrive/Placment/Final%20Year%20VD%20Project/backend/node_modules/axios/lib/core/settle.js:19:12)
    at IncomingMessage.handleStreamEnd (file:///C:/Users/khade/OneDrive/Placment/Final%20Year%20VD%20Project/backend/node_modules/axios/lib/adapters/http.js:798:11)
    at IncomingMessage.emit (node:events:531:35)
    at endReadableNT (node:internal/streams/readable:1698:12)
    at process.processTicksAndRejections (node:internal/process/task_queues:90:21)
    at Axios.request (file:///C:/Users/khade/OneDrive/Placment/Final%20Year%20VD%20Project/backend/node_modules/axios/lib/core/Axios.js:45:41)
    at process.processTicksAndRejections (node:internal/process/task_queues:105:5)
    at async ImageService.downloadImage (C:\Users\khade\OneDrive\Placment\Final Year VD Project\backend\src\services\imageService.ts:162:34)
    at async AIService.getFallbackImages (C:\Users\khade\OneDrive\Placment\Final Year VD Project\backend\src\services\aiService.ts:167:36)
    at async AIService.generateRoomRedesign (C:\Users\khade\OneDrive\Placment\Final Year VD Project\backend\src\services\aiService.ts:93:32)
    at async DesignController.generate (C:\Users\khade\OneDrive\Placment\Final Year VD Project\backend\src\controllers\designController.ts:70:37)
2026-02-06 20:11:23 [error]: AxiosError: Request failed with status code 502
    at settle (file:///C:/Users/khade/OneDrive/Placment/Final%20Year%20VD%20Project/backend/node_modules/axios/lib/core/settle.js:19:12)
    at IncomingMessage.handleStreamEnd (file:///C:/Users/khade/OneDrive/Placment/Final%20Year%20VD%20Project/backend/node_modules/axios/lib/adapters/http.js:798:11)
    at IncomingMessage.emit (node:events:531:35)
    at endReadableNT (node:internal/streams/readable:1698:12)
    at process.processTicksAndRejections (node:internal/process/task_queues:90:21)
    at Axios.request (file:///C:/Users/khade/OneDrive/Placment/Final%20Year%20VD%20Project/backend/node_modules/axios/lib/core/Axios.js:45:41)
    at process.processTicksAndRejections (node:internal/process/task_queues:105:5)
    at async ImageService.downloadImage (C:\Users\khade\OneDrive\Placment\Final Year VD Project\backend\src\services\imageService.ts:162:34)
    at async AIService.getFallbackImages (C:\Users\khade\OneDrive\Placment\Final Year VD Project\backend\src\services\aiService.ts:167:36)
    at async AIService.generateRoomRedesign (C:\Users\khade\OneDrive\Placment\Final Year VD Project\backend\src\services\aiService.ts:93:32)
    at async DesignController.generate (C:\Users\khade\OneDrive\Placment\Final Year VD Project\backend\src\controllers\designController.ts:70:37)
2026-02-06 20:11:23 [error]: Fallback variation 1 download failed, using raw URL: Failed to download image after 3 attempts: Request failed with status code 502
2026-02-06 20:11:23 [error]: AxiosError: Request failed with status code 502
    at settle (file:///C:/Users/khade/OneDrive/Placment/Final%20Year%20VD%20Project/backend/node_modules/axios/lib/core/settle.js:19:12)
    at IncomingMessage.handleStreamEnd (file:///C:/Users/khade/OneDrive/Placment/Final%20Year%20VD%20Project/backend/node_modules/axios/lib/adapters/http.js:798:11)
    at IncomingMessage.emit (node:events:531:35)
    at endReadableNT (node:internal/streams/readable:1698:12)
    at process.processTicksAndRejections (node:internal/process/task_queues:90:21)
    at Axios.request (file:///C:/Users/khade/OneDrive/Placment/Final%20Year%20VD%20Project/backend/node_modules/axios/lib/core/Axios.js:45:41)
    at process.processTicksAndRejections (node:internal/process/task_queues:105:5)
    at async ImageService.downloadImage (C:\Users\khade\OneDrive\Placment\Final Year VD Project\backend\src\services\imageService.ts:162:34)
    at async AIService.getFallbackImages (C:\Users\khade\OneDrive\Placment\Final Year VD Project\backend\src\services\aiService.ts:167:36)
    at async AIService.generateRoomRedesign (C:\Users\khade\OneDrive\Placment\Final Year VD Project\backend\src\services\aiService.ts:93:32)
    at async DesignController.generate (C:\Users\khade\OneDrive\Placment\Final Year VD Project\backend\src\controllers\designController.ts:70:37)
2026-02-06 20:11:23 [error]: Fallback variation 1 download failed, using raw URL: Failed to download image after 3 attempts: Request failed with status code 502
2026-02-06 20:23:11 [error]: Error: ENOENT: no such file or directory, unlink 'C:\uploads\originals\dev-user-001\6c51c139-9088-4e51-9f8b-b7c1b9333f3c.png'
    at async Object.unlink (node:internal/fs/promises:1067:10)
    at async ImageService.deleteImage (C:\Users\khade\OneDrive\Placment\Final Year VD Project\backend\src\services\imageService.ts:110:13)
    at async DesignController.delete (C:\Users\khade\OneDrive\Placment\Final Year VD Project\backend\src\controllers\designController.ts:162:13)
2026-02-06 20:23:11 [error]: Error: ENOENT: no such file or directory, unlink 'C:\Users\khade\OneDrive\Placment\Final Year VD Project\backend\uploads\https:\images.unsplash.com\photo-1522771739844-6a9f6d5f14af?w=1280&q=90'
    at async Object.unlink (node:internal/fs/promises:1067:10)
    at async ImageService.deleteImage (C:\Users\khade\OneDrive\Placment\Final Year VD Project\backend\src\services\imageService.ts:110:13)
    at async DesignController.delete (C:\Users\khade\OneDrive\Placment\Final Year VD Project\backend\src\controllers\designController.ts:164:17)
2026-02-06 20:23:14 [error]: Error: ENOENT: no such file or directory, unlink 'C:\uploads\originals\dev-user-001\ae240798-9a3d-4116-9d1c-495ebc04e523.png'
    at async Object.unlink (node:internal/fs/promises:1067:10)
    at async ImageService.deleteImage (C:\Users\khade\OneDrive\Placment\Final Year VD Project\backend\src\services\imageService.ts:110:13)
    at async DesignController.delete (C:\Users\khade\OneDrive\Placment\Final Year VD Project\backend\src\controllers\designController.ts:162:13)
2026-02-06 20:23:14 [error]: Error: ENOENT: no such file or directory, unlink 'C:\Users\khade\OneDrive\Placment\Final Year VD Project\backend\uploads\https:\image.pollinations.ai\prompt\Photorealistic%20Minimalist%20Kitchen%20interior%20design%2C%20natural%20lighting%2C%20neutral%20colors%2C%208K%20quality%2C%20architectural%20photography?width=1280&height=720&nologo=true&seed=260979&model=flux'
    at async Object.unlink (node:internal/fs/promises:1067:10)
    at async ImageService.deleteImage (C:\Users\khade\OneDrive\Placment\Final Year VD Project\backend\src\services\imageService.ts:110:13)
    at async DesignController.delete (C:\Users\khade\OneDrive\Placment\Final Year VD Project\backend\src\controllers\designController.ts:164:17)
2026-02-06 20:23:17 [error]: Error: ENOENT: no such file or directory, unlink 'C:\uploads\originals\dev-user-001\d095dcee-b7f5-416c-8526-8cd2d0b5ec37.png'
    at async Object.unlink (node:internal/fs/promises:1067:10)
    at async ImageService.deleteImage (C:\Users\khade\OneDrive\Placment\Final Year VD Project\backend\src\services\imageService.ts:110:13)
    at async DesignController.delete (C:\Users\khade\OneDrive\Placment\Final Year VD Project\backend\src\controllers\designController.ts:162:13)
2026-02-06 20:23:17 [error]: Error: ENOENT: no such file or directory, unlink 'C:\Users\khade\OneDrive\Placment\Final Year VD Project\backend\uploads\https:\image.pollinations.ai\prompt\Photorealistic%20Minimalist%20Kitchen%20interior%20design%2C%20natural%20lighting%2C%20neutral%20colors%2C%208K%20quality%2C%20architectural%20photography?width=1280&height=720&nologo=true&seed=795028&model=flux'
    at async Object.unlink (node:internal/fs/promises:1067:10)
    at async ImageService.deleteImage (C:\Users\khade\OneDrive\Placment\Final Year VD Project\backend\src\services\imageService.ts:110:13)
    at async DesignController.delete (C:\Users\khade\OneDrive\Placment\Final Year VD Project\backend\src\controllers\designController.ts:164:17)
2026-02-06 20:23:20 [error]: Error: ENOENT: no such file or directory, unlink 'C:\uploads\originals\dev-user-001\b29a10c8-e21a-4609-9a9d-d8038ccd970b.png'
    at async Object.unlink (node:internal/fs/promises:1067:10)
    at async ImageService.deleteImage (C:\Users\khade\OneDrive\Placment\Final Year VD Project\backend\src\services\imageService.ts:110:13)
    at async DesignController.delete (C:\Users\khade\OneDrive\Placment\Final Year VD Project\backend\src\controllers\designController.ts:162:13)
2026-02-06 20:23:20 [error]: Error: ENOENT: no such file or directory, unlink 'C:\Users\khade\OneDrive\Placment\Final Year VD Project\backend\uploads\https:\image.pollinations.ai\prompt\Ultra-realistic%20Minimalist%20style%20Bedroom%20interior%2C%20cinematic%20wide-angle%20view%2C%20eye-level%20perspective%2C%20natural%2C%20furniture%20focus%3A%20premium%20sofa%20and%20decorative%20elements%2C%20neutral%20color%20palette%2C%208K%20resolution%2C%20high%20detail%2C%20architectural%20photography%2C%20no%20blur%2C%20no%20distortion%2C%20no%20people.?width=1280&height=720&nologo=true&seed=845593&model=flux'
    at async Object.unlink (node:internal/fs/promises:1067:10)
    at async ImageService.deleteImage (C:\Users\khade\OneDrive\Placment\Final Year VD Project\backend\src\services\imageService.ts:110:13)
    at async DesignController.delete (C:\Users\khade\OneDrive\Placment\Final Year VD Project\backend\src\controllers\designController.ts:164:17)
2026-02-06 20:23:28 [error]: Error: ENOENT: no such file or directory, unlink 'C:\uploads\originals\dev-user-001\9c223283-1f85-4b8a-b079-05b36ddfaac7.png'
    at async Object.unlink (node:internal/fs/promises:1067:10)
    at async ImageService.deleteImage (C:\Users\khade\OneDrive\Placment\Final Year VD Project\backend\src\services\imageService.ts:110:13)
    at async DesignController.delete (C:\Users\khade\OneDrive\Placment\Final Year VD Project\backend\src\controllers\designController.ts:162:13)
2026-02-06 20:23:28 [error]: Error: ENOENT: no such file or directory, unlink 'C:\Users\khade\OneDrive\Placment\Final Year VD Project\backend\uploads\https:\image.pollinations.ai\prompt\Ultra-realistic%20Minimalist%20style%20Bedroom%20interior%2C%20cinematic%20wide-angle%20view%2C%20eye-level%20perspective%2C%20natural%2C%20furniture%20focus%3A%20premium%20sofa%20and%20decorative%20elements%2C%20neutral%20color%20palette%2C%208K%20resolution%2C%20high%20detail%2C%20architectural%20photography%2C%20no%20blur%2C%20no%20distortion%2C%20no%20people.?width=1280&height=720&nologo=true&seed=53280&model=flux'
    at async Object.unlink (node:internal/fs/promises:1067:10)
    at async ImageService.deleteImage (C:\Users\khade\OneDrive\Placment\Final Year VD Project\backend\src\services\imageService.ts:110:13)
    at async DesignController.delete (C:\Users\khade\OneDrive\Placment\Final Year VD Project\backend\src\controllers\designController.ts:164:17)
2026-02-06 20:28:58 [error]: Error: ENOENT: no such file or directory, unlink 'C:\uploads\originals\dev-user-001\62707d46-7434-429a-bffe-b7c27e7e6f47.webp'
    at async Object.unlink (node:internal/fs/promises:1067:10)
    at async ImageService.deleteImage (C:\Users\khade\OneDrive\Placment\Final Year VD Project\backend\src\services\imageService.ts:110:13)
    at async DesignController.delete (C:\Users\khade\OneDrive\Placment\Final Year VD Project\backend\src\controllers\designController.ts:162:13)
2026-02-06 20:28:58 [error]: Error: ENOENT: no such file or directory, unlink 'C:\Users\khade\OneDrive\Placment\Final Year VD Project\backend\uploads\https:\image.pollinations.ai\prompt\Ultra-realistic%20Luxury%20style%20Bedroom%20interior%2C%20cinematic%20wide-angle%20view%2C%20eye-level%20perspective%2C%20natural%2C%20furniture%20focus%3A%20premium%20sofa%20and%20decorative%20elements%2C%20neutral%20color%20palette%2C%208K%20resolution%2C%20high%20detail%2C%20architectural%20photography%2C%20no%20blur%2C%20no%20distortion%2C%20no%20people.?width=1280&height=720&nologo=true&seed=494354&model=flux'
    at async Object.unlink (node:internal/fs/promises:1067:10)
    at async ImageService.deleteImage (C:\Users\khade\OneDrive\Placment\Final Year VD Project\backend\src\services\imageService.ts:110:13)
    at async DesignController.delete (C:\Users\khade\OneDrive\Placment\Final Year VD Project\backend\src\controllers\designController.ts:164:17)
2026-02-06 20:29:36 [error]: Error: Design not found
    at DesignController.delete (C:\Users\khade\OneDrive\Placment\Final Year VD Project\backend\src\controllers\designController.ts:158:23)
2026-02-06 20:29:39 [error]: Error: Design not found
    at DesignController.delete (C:\Users\khade\OneDrive\Placment\Final Year VD Project\backend\src\controllers\designController.ts:158:23)
2026-02-06 20:29:42 [error]: Error: Design not found
    at DesignController.delete (C:\Users\khade\OneDrive\Placment\Final Year VD Project\backend\src\controllers\designController.ts:158:23)
2026-02-06 20:29:50 [error]: Error: ENOENT: no such file or directory, unlink 'C:\uploads\originals\dev-user-001\a4ca1797-2ea9-47a5-aaee-94d426afd6f8.webp'
    at async Object.unlink (node:internal/fs/promises:1067:10)
    at async ImageService.deleteImage (C:\Users\khade\OneDrive\Placment\Final Year VD Project\backend\src\services\imageService.ts:110:13)
    at async DesignController.delete (C:\Users\khade\OneDrive\Placment\Final Year VD Project\backend\src\controllers\designController.ts:162:13)
2026-02-06 20:29:50 [error]: Error: ENOENT: no such file or directory, unlink 'C:\Users\khade\OneDrive\Placment\Final Year VD Project\backend\uploads\https:\image.pollinations.ai\prompt\Ultra-realistic%20Luxury%20style%20Bedroom%20interior%2C%20cinematic%20wide-angle%20view%2C%20eye-level%20perspective%2C%20natural%2C%20furniture%20focus%3A%20premium%20sofa%20and%20decorative%20elements%2C%20neutral%20color%20palette%2C%208K%20resolution%2C%20high%20detail%2C%20architectural%20photography%2C%20no%20blur%2C%20no%20distortion%2C%20no%20people.?width=1280&height=720&nologo=true&seed=758656&model=flux'
    at async Object.unlink (node:internal/fs/promises:1067:10)
    at async ImageService.deleteImage (C:\Users\khade\OneDrive\Placment\Final Year VD Project\backend\src\services\imageService.ts:110:13)
    at async DesignController.delete (C:\Users\khade\OneDrive\Placment\Final Year VD Project\backend\src\controllers\designController.ts:164:17)
2026-02-06 21:12:25 [error]: Proxy failure for: http://localhost:3001/api/images/secure/ad39ca7f-6fa3-4d33-b358-ae45c39f5ba0... | Status: 404 | Message: Request failed with status code 404
2026-02-06 21:12:28 [error]: Proxy failure for: http://localhost:3001/api/images/secure/ad39ca7f-6fa3-4d33-b358-ae45c39f5ba0... | Status: 404 | Message: Request failed with status code 404
2026-02-06 21:13:04 [error]: PrismaClientValidationError: 
Invalid `prisma.design.findMany()` invocation in
C:\Users\khade\OneDrive\Placment\Final Year VD Project\backend\src\repository\designRepo.ts:97:30

  94 }
  95 
  96 async getRecentDesigns(limit: number = 10) {
→ 97     return prisma.design.findMany({
           where: {
             status: "completed"
           },
           orderBy: {
             createdAt: "desc"
           },
           take: 40,
           include: {
             user: {
               select: {
                 name: true,
                 avatar: true,
                 ~~~~~~
         ?       id?: true,
         ?       email?: true,
         ?       password?: true,
         ?       createdAt?: true,
         ?       updatedAt?: true,
         ?       designs?: true,
         ?       chats?: true,
         ?       _count?: true
               }
             }
           }
         })

Unknown field `avatar` for select statement on model `User`. Available options are marked with ?.
    at throwValidationException (C:\Users\khade\OneDrive\Placment\Final Year VD Project\backend\node_modules\@prisma\client\src\runtime\core\errorRendering\throwValidationException.ts:45:9)
    at ei.handleRequestError (C:\Users\khade\OneDrive\Placment\Final Year VD Project\backend\node_modules\@prisma\client\src\runtime\RequestHandler.ts:202:7)
    at ei.handleAndLogRequestError (C:\Users\khade\OneDrive\Placment\Final Year VD Project\backend\node_modules\@prisma\client\src\runtime\RequestHandler.ts:174:12)
    at ei.request (C:\Users\khade\OneDrive\Placment\Final Year VD Project\backend\node_modules\@prisma\client\src\runtime\RequestHandler.ts:143:12)
    at async a (C:\Users\khade\OneDrive\Placment\Final Year VD Project\backend\node_modules\@prisma\client\src\runtime\getPrismaClient.ts:833:24)
    at async DesignController.getGallery (C:\Users\khade\OneDrive\Placment\Final Year VD Project\backend\src\controllers\designController.ts:199:29)
2026-02-06 21:21:44 [error]: Error: ENOENT: no such file or directory, unlink 'C:\uploads\originals\dev-user-001\8ecba1e1-e6fa-44a1-8969-cab22a0f287e.png'
    at async Object.unlink (node:internal/fs/promises:1067:10)
    at async ImageService.deleteImage (C:\Users\khade\OneDrive\Placment\Final Year VD Project\backend\src\services\imageService.ts:110:13)
    at async DesignController.delete (C:\Users\khade\OneDrive\Placment\Final Year VD Project\backend\src\controllers\designController.ts:157:13)
2026-02-06 21:21:44 [error]: Error: ENOENT: no such file or directory, unlink 'C:\api\images\secure\ad39ca7f-6fa3-4d33-b358-ae45c39f5ba0'
    at async Object.unlink (node:internal/fs/promises:1067:10)
    at async ImageService.deleteImage (C:\Users\khade\OneDrive\Placment\Final Year VD Project\backend\src\services\imageService.ts:110:13)
    at async DesignController.delete (C:\Users\khade\OneDrive\Placment\Final Year VD Project\backend\src\controllers\designController.ts:159:17)
2026-02-06 21:21:47 [error]: Error: ENOENT: no such file or directory, unlink 'C:\uploads\originals\dev-user-001\dde07f18-5e78-438c-afc8-0a5c1c7e5011.png'
    at async Object.unlink (node:internal/fs/promises:1067:10)
    at async ImageService.deleteImage (C:\Users\khade\OneDrive\Placment\Final Year VD Project\backend\src\services\imageService.ts:110:13)
    at async DesignController.delete (C:\Users\khade\OneDrive\Placment\Final Year VD Project\backend\src\controllers\designController.ts:157:13)
2026-02-06 21:21:47 [error]: Error: ENOENT: no such file or directory, unlink 'C:\api\images\secure\c8a04d39-93d0-458a-b9fb-db54811c3ba4'
    at async Object.unlink (node:internal/fs/promises:1067:10)
    at async ImageService.deleteImage (C:\Users\khade\OneDrive\Placment\Final Year VD Project\backend\src\services\imageService.ts:110:13)
    at async DesignController.delete (C:\Users\khade\OneDrive\Placment\Final Year VD Project\backend\src\controllers\designController.ts:159:17)
2026-02-06 21:26:29 [error]: Error: ENOENT: no such file or directory, unlink 'C:\uploads\originals\dev-user-001\70f0106d-d1fa-4cdc-afd3-1c3aac595ad4.png'
    at async Object.unlink (node:internal/fs/promises:1067:10)
    at async ImageService.deleteImage (C:\Users\khade\OneDrive\Placment\Final Year VD Project\backend\src\services\imageService.ts:110:13)
    at async DesignController.delete (C:\Users\khade\OneDrive\Placment\Final Year VD Project\backend\src\controllers\designController.ts:157:13)
2026-02-06 21:26:29 [error]: Error: ENOENT: no such file or directory, unlink 'C:\Users\khade\OneDrive\Placment\Final Year VD Project\backend\uploads\https:\images.unsplash.com\photo-1560448204-e02f11c3d0e2?w=1280&q=90'
    at async Object.unlink (node:internal/fs/promises:1067:10)
    at async ImageService.deleteImage (C:\Users\khade\OneDrive\Placment\Final Year VD Project\backend\src\services\imageService.ts:110:13)
    at async DesignController.delete (C:\Users\khade\OneDrive\Placment\Final Year VD Project\backend\src\controllers\designController.ts:159:17)
2026-02-06 21:29:04 [error]: Error: ENOENT: no such file or directory, unlink 'C:\uploads\originals\dev-user-001\6125b888-69ae-4ca2-8108-fc21fbb0cb96.png'
    at async Object.unlink (node:internal/fs/promises:1067:10)
    at async ImageService.deleteImage (C:\Users\khade\OneDrive\Placment\Final Year VD Project\backend\src\services\imageService.ts:110:13)
    at async DesignController.delete (C:\Users\khade\OneDrive\Placment\Final Year VD Project\backend\src\controllers\designController.ts:157:13)
2026-02-06 21:29:04 [error]: Error: ENOENT: no such file or directory, unlink 'C:\Users\khade\OneDrive\Placment\Final Year VD Project\backend\uploads\https:\images.unsplash.com\photo-1558618666-fcd25c85cd64?w=1280&q=90'
    at async Object.unlink (node:internal/fs/promises:1067:10)
    at async ImageService.deleteImage (C:\Users\khade\OneDrive\Placment\Final Year VD Project\backend\src\services\imageService.ts:110:13)
    at async DesignController.delete (C:\Users\khade\OneDrive\Placment\Final Year VD Project\backend\src\controllers\designController.ts:159:17)
2026-02-06 21:29:17 [error]: Error: ENOENT: no such file or directory, unlink 'C:\uploads\originals\dev-user-001\7070b787-c4ba-4782-9ffb-5d7fc2445421.png'
    at async Object.unlink (node:internal/fs/promises:1067:10)
    at async ImageService.deleteImage (C:\Users\khade\OneDrive\Placment\Final Year VD Project\backend\src\services\imageService.ts:110:13)
    at async DesignController.delete (C:\Users\khade\OneDrive\Placment\Final Year VD Project\backend\src\controllers\designController.ts:157:13)
2026-02-06 21:29:17 [error]: Error: ENOENT: no such file or directory, unlink 'C:\Users\khade\OneDrive\Placment\Final Year VD Project\backend\uploads\https:\images.unsplash.com\photo-1560448204-e02f11c3d0e2?w=1280&q=90'
    at async Object.unlink (node:internal/fs/promises:1067:10)
    at async ImageService.deleteImage (C:\Users\khade\OneDrive\Placment\Final Year VD Project\backend\src\services\imageService.ts:110:13)
    at async DesignController.delete (C:\Users\khade\OneDrive\Placment\Final Year VD Project\backend\src\controllers\designController.ts:159:17)
2026-02-06 22:43:02 [error]: Error: ENOENT: no such file or directory, unlink 'C:\uploads\originals\dev-user-001\5427aee8-f2f3-4f36-921a-d6410ea6e39a.png'
    at async Object.unlink (node:internal/fs/promises:1067:10)
    at async ImageService.deleteImage (C:\Users\khade\OneDrive\Placment\Final Year VD Project\backend\src\services\imageService.ts:110:13)
    at async DesignController.delete (C:\Users\khade\OneDrive\Placment\Final Year VD Project\backend\src\controllers\designController.ts:157:13)
2026-02-06 22:43:02 [error]: Error: ENOENT: no such file or directory, unlink 'C:\Users\khade\OneDrive\Placment\Final Year VD Project\backend\uploads\https:\images.unsplash.com\photo-1600210491369-e753d80a41f3?w=1280&q=90'
    at async Object.unlink (node:internal/fs/promises:1067:10)
    at async ImageService.deleteImage (C:\Users\khade\OneDrive\Placment\Final Year VD Project\backend\src\services\imageService.ts:110:13)
    at async DesignController.delete (C:\Users\khade\OneDrive\Placment\Final Year VD Project\backend\src\controllers\designController.ts:159:17)
2026-02-06 22:58:11 [error]: Error: ENOENT: no such file or directory, unlink 'C:\uploads\originals\dev-user-001\b0b6706d-0e00-42f1-b089-7fb1796f283d.png'
    at async Object.unlink (node:internal/fs/promises:1067:10)
    at async ImageService.deleteImage (C:\Users\khade\OneDrive\Placment\Final Year VD Project\backend\src\services\imageService.ts:110:13)
    at async DesignController.delete (C:\Users\khade\OneDrive\Placment\Final Year VD Project\backend\src\controllers\designController.ts:157:13)
2026-02-06 22:58:11 [error]: Error: ENOENT: no such file or directory, unlink 'C:\Users\khade\OneDrive\Placment\Final Year VD Project\backend\uploads\https:\images.unsplash.com\photo-1600607687939-ce8a6c25118c?w=1280&q=90'
    at async Object.unlink (node:internal/fs/promises:1067:10)
    at async ImageService.deleteImage (C:\Users\khade\OneDrive\Placment\Final Year VD Project\backend\src\services\imageService.ts:110:13)
    at async DesignController.delete (C:\Users\khade\OneDrive\Placment\Final Year VD Project\backend\src\controllers\designController.ts:159:17)
2026-02-06 22:58:14 [error]: Error: ENOENT: no such file or directory, unlink 'C:\uploads\originals\dev-user-001\c4a78a94-93be-47d7-8844-d8502907880d.png'
    at async Object.unlink (node:internal/fs/promises:1067:10)
    at async ImageService.deleteImage (C:\Users\khade\OneDrive\Placment\Final Year VD Project\backend\src\services\imageService.ts:110:13)
    at async DesignController.delete (C:\Users\khade\OneDrive\Placment\Final Year VD Project\backend\src\controllers\designController.ts:157:13)
2026-02-06 22:58:14 [error]: Error: ENOENT: no such file or directory, unlink 'C:\Users\khade\OneDrive\Placment\Final Year VD Project\backend\uploads\https:\images.unsplash.com\photo-1600607687939-ce8a6c25118c?w=1280&q=90'
    at async Object.unlink (node:internal/fs/promises:1067:10)
    at async ImageService.deleteImage (C:\Users\khade\OneDrive\Placment\Final Year VD Project\backend\src\services\imageService.ts:110:13)
    at async DesignController.delete (C:\Users\khade\OneDrive\Placment\Final Year VD Project\backend\src\controllers\designController.ts:159:17)
2026-02-06 23:08:04 [error]: Error: ENOENT: no such file or directory, unlink 'C:\uploads\originals\dev-user-001\2aa5f2b7-cc4b-42ec-9ca5-206f87b07d41.png'
    at async Object.unlink (node:internal/fs/promises:1067:10)
    at async ImageService.deleteImage (C:\Users\khade\OneDrive\Placment\Final Year VD Project\backend\src\services\imageService.ts:110:13)
    at async DesignController.delete (C:\Users\khade\OneDrive\Placment\Final Year VD Project\backend\src\controllers\designController.ts:157:13)
2026-02-06 23:08:04 [error]: Error: ENOENT: no such file or directory, unlink 'C:\Users\khade\OneDrive\Placment\Final Year VD Project\backend\uploads\https:\images.unsplash.com\photo-1600607687939-ce8a6c25118c?w=1280&q=90'
    at async Object.unlink (node:internal/fs/promises:1067:10)
    at async ImageService.deleteImage (C:\Users\khade\OneDrive\Placment\Final Year VD Project\backend\src\services\imageService.ts:110:13)
    at async DesignController.delete (C:\Users\khade\OneDrive\Placment\Final Year VD Project\backend\src\controllers\designController.ts:159:17)
2026-02-06 23:08:34 [error]: Error: ENOENT: no such file or directory, unlink 'C:\uploads\originals\dev-user-001\5b1cd7e8-8331-4da8-a1d4-33e2da13f29c.png'
    at async Object.unlink (node:internal/fs/promises:1067:10)
    at async ImageService.deleteImage (C:\Users\khade\OneDrive\Placment\Final Year VD Project\backend\src\services\imageService.ts:110:13)
    at async DesignController.delete (C:\Users\khade\OneDrive\Placment\Final Year VD Project\backend\src\controllers\designController.ts:157:13)
2026-02-06 23:08:34 [error]: Error: ENOENT: no such file or directory, unlink 'C:\Users\khade\OneDrive\Placment\Final Year VD Project\backend\uploads\https:\images.unsplash.com\photo-1600607687939-ce8a6c25118c?w=1280&q=90'
    at async Object.unlink (node:internal/fs/promises:1067:10)
    at async ImageService.deleteImage (C:\Users\khade\OneDrive\Placment\Final Year VD Project\backend\src\services\imageService.ts:110:13)
    at async DesignController.delete (C:\Users\khade\OneDrive\Placment\Final Year VD Project\backend\src\controllers\designController.ts:159:17)
2026-02-06 23:08:37 [error]: Error: ENOENT: no such file or directory, unlink 'C:\uploads\originals\dev-user-001\174d426f-2c09-48d0-b6cc-e2b00c056f9e.webp'
    at async Object.unlink (node:internal/fs/promises:1067:10)
    at async ImageService.deleteImage (C:\Users\khade\OneDrive\Placment\Final Year VD Project\backend\src\services\imageService.ts:110:13)
    at async DesignController.delete (C:\Users\khade\OneDrive\Placment\Final Year VD Project\backend\src\controllers\designController.ts:157:13)
2026-02-06 23:08:37 [error]: Error: ENOENT: no such file or directory, unlink 'C:\Users\khade\OneDrive\Placment\Final Year VD Project\backend\uploads\https:\images.unsplash.com\photo-1560448204-e02f11c3d0e2?w=1280&q=90'
    at async Object.unlink (node:internal/fs/promises:1067:10)
    at async ImageService.deleteImage (C:\Users\khade\OneDrive\Placment\Final Year VD Project\backend\src\services\imageService.ts:110:13)
    at async DesignController.delete (C:\Users\khade\OneDrive\Placment\Final Year VD Project\backend\src\controllers\designController.ts:159:17)
2026-02-14 06:59:12 [error]: Error: [GoogleGenerativeAI Error]: Error fetching from https://generativelanguage.googleapis.com/v1beta/models/gemini-1.5-flash:generateContent: [404 Not Found] models/gemini-1.5-flash is not found for API version v1beta, or is not supported for generateContent. Call ListModels to see the list of available models and their supported methods.
    at handleResponseNotOk (file:///C:/Users/khade/OneDrive/Placment/Final%20Year%20VD%20Project/backend/node_modules/@google/generative-ai/dist/index.mjs:432:11)
    at process.processTicksAndRejections (node:internal/process/task_queues:105:5)
    at async makeRequest (file:///C:/Users/khade/OneDrive/Placment/Final%20Year%20VD%20Project/backend/node_modules/@google/generative-ai/dist/index.mjs:401:9)
    at async generateContent (file:///C:/Users/khade/OneDrive/Placment/Final%20Year%20VD%20Project/backend/node_modules/@google/generative-ai/dist/index.mjs:865:22)
    at async AIService.generatePrompt (C:\Users\khade\OneDrive\Placment\Final Year VD Project\backend\src\services\aiService.ts:80:28)
    at async AIService.generateRoomRedesign (C:\Users\khade\OneDrive\Placment\Final Year VD Project\backend\src\services\aiService.ts:96:32)
    at async DesignController.generate (C:\Users\khade\OneDrive\Placment\Final Year VD Project\backend\src\controllers\designController.ts:69:37)
2026-02-14 06:59:12 [error]: Error: [GoogleGenerativeAI Error]: Error fetching from https://generativelanguage.googleapis.com/v1beta/models/gemini-1.5-flash:generateContent: [404 Not Found] models/gemini-1.5-flash is not found for API version v1beta, or is not supported for generateContent. Call ListModels to see the list of available models and their supported methods.
    at handleResponseNotOk (file:///C:/Users/khade/OneDrive/Placment/Final%20Year%20VD%20Project/backend/node_modules/@google/generative-ai/dist/index.mjs:432:11)
    at process.processTicksAndRejections (node:internal/process/task_queues:105:5)
    at async makeRequest (file:///C:/Users/khade/OneDrive/Placment/Final%20Year%20VD%20Project/backend/node_modules/@google/generative-ai/dist/index.mjs:401:9)
    at async generateContent (file:///C:/Users/khade/OneDrive/Placment/Final%20Year%20VD%20Project/backend/node_modules/@google/generative-ai/dist/index.mjs:865:22)
    at async AIService.generatePrompt (C:\Users\khade\OneDrive\Placment\Final Year VD Project\backend\src\services\aiService.ts:80:28)
    at async AIService.generateRoomRedesign (C:\Users\khade\OneDrive\Placment\Final Year VD Project\backend\src\services\aiService.ts:96:32)
    at async DesignController.generate (C:\Users\khade\OneDrive\Placment\Final Year VD Project\backend\src\controllers\designController.ts:69:37)
2026-02-14 06:59:12 [error]: Error: [GoogleGenerativeAI Error]: Error fetching from https://generativelanguage.googleapis.com/v1beta/models/gemini-1.5-flash:generateContent: [404 Not Found] models/gemini-1.5-flash is not found for API version v1beta, or is not supported for generateContent. Call ListModels to see the list of available models and their supported methods.
    at handleResponseNotOk (file:///C:/Users/khade/OneDrive/Placment/Final%20Year%20VD%20Project/backend/node_modules/@google/generative-ai/dist/index.mjs:432:11)
    at process.processTicksAndRejections (node:internal/process/task_queues:105:5)
    at async makeRequest (file:///C:/Users/khade/OneDrive/Placment/Final%20Year%20VD%20Project/backend/node_modules/@google/generative-ai/dist/index.mjs:401:9)
    at async generateContent (file:///C:/Users/khade/OneDrive/Placment/Final%20Year%20VD%20Project/backend/node_modules/@google/generative-ai/dist/index.mjs:865:22)
    at async AIService.consultDesign (C:\Users\khade\OneDrive\Placment\Final Year VD Project\backend\src\services\aiService.ts:137:28)
    at async DesignController.generate (C:\Users\khade\OneDrive\Placment\Final Year VD Project\backend\src\controllers\designController.ts:80:29)
2026-02-14 06:59:12 [error]: Error: [GoogleGenerativeAI Error]: Error fetching from https://generativelanguage.googleapis.com/v1beta/models/gemini-1.5-flash:generateContent: [404 Not Found] models/gemini-1.5-flash is not found for API version v1beta, or is not supported for generateContent. Call ListModels to see the list of available models and their supported methods.
    at handleResponseNotOk (file:///C:/Users/khade/OneDrive/Placment/Final%20Year%20VD%20Project/backend/node_modules/@google/generative-ai/dist/index.mjs:432:11)
    at process.processTicksAndRejections (node:internal/process/task_queues:105:5)
    at async makeRequest (file:///C:/Users/khade/OneDrive/Placment/Final%20Year%20VD%20Project/backend/node_modules/@google/generative-ai/dist/index.mjs:401:9)
    at async generateContent (file:///C:/Users/khade/OneDrive/Placment/Final%20Year%20VD%20Project/backend/node_modules/@google/generative-ai/dist/index.mjs:865:22)
    at async AIService.consultDesign (C:\Users\khade\OneDrive\Placment\Final Year VD Project\backend\src\services\aiService.ts:137:28)
    at async DesignController.generate (C:\Users\khade\OneDrive\Placment\Final Year VD Project\backend\src\controllers\designController.ts:80:29)
2026-02-14 07:01:21 [error]: Error: [GoogleGenerativeAI Error]: Error fetching from https://generativelanguage.googleapis.com/v1beta/models/gemini-1.5-flash:generateContent: [404 Not Found] models/gemini-1.5-flash is not found for API version v1beta, or is not supported for generateContent. Call ListModels to see the list of available models and their supported methods.
    at handleResponseNotOk (file:///C:/Users/khade/OneDrive/Placment/Final%20Year%20VD%20Project/backend/node_modules/@google/generative-ai/dist/index.mjs:432:11)
    at process.processTicksAndRejections (node:internal/process/task_queues:105:5)
    at async makeRequest (file:///C:/Users/khade/OneDrive/Placment/Final%20Year%20VD%20Project/backend/node_modules/@google/generative-ai/dist/index.mjs:401:9)
    at async generateContent (file:///C:/Users/khade/OneDrive/Placment/Final%20Year%20VD%20Project/backend/node_modules/@google/generative-ai/dist/index.mjs:865:22)
    at async AIService.generatePrompt (C:\Users\khade\OneDrive\Placment\Final Year VD Project\backend\src\services\aiService.ts:80:28)
    at async AIService.generateRoomRedesign (C:\Users\khade\OneDrive\Placment\Final Year VD Project\backend\src\services\aiService.ts:96:32)
    at async DesignController.generate (C:\Users\khade\OneDrive\Placment\Final Year VD Project\backend\src\controllers\designController.ts:69:37)
2026-02-14 07:01:21 [error]: Error: [GoogleGenerativeAI Error]: Error fetching from https://generativelanguage.googleapis.com/v1beta/models/gemini-1.5-flash:generateContent: [404 Not Found] models/gemini-1.5-flash is not found for API version v1beta, or is not supported for generateContent. Call ListModels to see the list of available models and their supported methods.
    at handleResponseNotOk (file:///C:/Users/khade/OneDrive/Placment/Final%20Year%20VD%20Project/backend/node_modules/@google/generative-ai/dist/index.mjs:432:11)
    at process.processTicksAndRejections (node:internal/process/task_queues:105:5)
    at async makeRequest (file:///C:/Users/khade/OneDrive/Placment/Final%20Year%20VD%20Project/backend/node_modules/@google/generative-ai/dist/index.mjs:401:9)
    at async generateContent (file:///C:/Users/khade/OneDrive/Placment/Final%20Year%20VD%20Project/backend/node_modules/@google/generative-ai/dist/index.mjs:865:22)
    at async AIService.generatePrompt (C:\Users\khade\OneDrive\Placment\Final Year VD Project\backend\src\services\aiService.ts:80:28)
    at async AIService.generateRoomRedesign (C:\Users\khade\OneDrive\Placment\Final Year VD Project\backend\src\services\aiService.ts:96:32)
    at async DesignController.generate (C:\Users\khade\OneDrive\Placment\Final Year VD Project\backend\src\controllers\designController.ts:69:37)
2026-02-14 07:01:21 [error]: Error: [GoogleGenerativeAI Error]: Error fetching from https://generativelanguage.googleapis.com/v1beta/models/gemini-1.5-flash:generateContent: [404 Not Found] models/gemini-1.5-flash is not found for API version v1beta, or is not supported for generateContent. Call ListModels to see the list of available models and their supported methods.
    at handleResponseNotOk (file:///C:/Users/khade/OneDrive/Placment/Final%20Year%20VD%20Project/backend/node_modules/@google/generative-ai/dist/index.mjs:432:11)
    at process.processTicksAndRejections (node:internal/process/task_queues:105:5)
    at async makeRequest (file:///C:/Users/khade/OneDrive/Placment/Final%20Year%20VD%20Project/backend/node_modules/@google/generative-ai/dist/index.mjs:401:9)
    at async generateContent (file:///C:/Users/khade/OneDrive/Placment/Final%20Year%20VD%20Project/backend/node_modules/@google/generative-ai/dist/index.mjs:865:22)
    at async AIService.consultDesign (C:\Users\khade\OneDrive\Placment\Final Year VD Project\backend\src\services\aiService.ts:137:28)
    at async DesignController.generate (C:\Users\khade\OneDrive\Placment\Final Year VD Project\backend\src\controllers\designController.ts:80:29)
2026-02-14 07:01:21 [error]: Error: [GoogleGenerativeAI Error]: Error fetching from https://generativelanguage.googleapis.com/v1beta/models/gemini-1.5-flash:generateContent: [404 Not Found] models/gemini-1.5-flash is not found for API version v1beta, or is not supported for generateContent. Call ListModels to see the list of available models and their supported methods.
    at handleResponseNotOk (file:///C:/Users/khade/OneDrive/Placment/Final%20Year%20VD%20Project/backend/node_modules/@google/generative-ai/dist/index.mjs:432:11)
    at process.processTicksAndRejections (node:internal/process/task_queues:105:5)
    at async makeRequest (file:///C:/Users/khade/OneDrive/Placment/Final%20Year%20VD%20Project/backend/node_modules/@google/generative-ai/dist/index.mjs:401:9)
    at async generateContent (file:///C:/Users/khade/OneDrive/Placment/Final%20Year%20VD%20Project/backend/node_modules/@google/generative-ai/dist/index.mjs:865:22)
    at async AIService.consultDesign (C:\Users\khade\OneDrive\Placment\Final Year VD Project\backend\src\services\aiService.ts:137:28)
    at async DesignController.generate (C:\Users\khade\OneDrive\Placment\Final Year VD Project\backend\src\controllers\designController.ts:80:29)
2026-02-14 07:01:45 [error]: Proxy failure for: https://image.pollinations.ai/prompt/Traditional%20Kitchen%20interior%20design%2C%20high-end%20furniture%2C%208k%20resolution%2C%20architectural%20digest%20style%2C%20unique%20variation%20940934... | Status: 530 | Message: Request failed with status code 530
2026-02-14 07:02:25 [error]: Error: ENOENT: no such file or directory, unlink 'C:\uploads\originals\dev-user-001\74d7b89e-9b3a-4af3-962a-b4763ccbc2eb.png'
    at async Object.unlink (node:internal/fs/promises:1067:10)
    at async ImageService.deleteImage (C:\Users\khade\OneDrive\Placment\Final Year VD Project\backend\src\services\imageService.ts:110:13)
    at async DesignController.delete (C:\Users\khade\OneDrive\Placment\Final Year VD Project\backend\src\controllers\designController.ts:171:13)
2026-02-14 07:02:25 [error]: Error: ENOENT: no such file or directory, unlink 'C:\Users\khade\OneDrive\Placment\Final Year VD Project\backend\uploads\https:\image.pollinations.ai\prompt\Minimalist%20Bedroom%20interior%20design%2C%20high-end%20furniture%2C%208k%20resolution%2C%20architectural%20digest%20style%2C%20unique%20variation%20899284?width=1280&height=1280&nologo=true&seed=899284'
    at async Object.unlink (node:internal/fs/promises:1067:10)
    at async ImageService.deleteImage (C:\Users\khade\OneDrive\Placment\Final Year VD Project\backend\src\services\imageService.ts:110:13)
    at async DesignController.delete (C:\Users\khade\OneDrive\Placment\Final Year VD Project\backend\src\controllers\designController.ts:173:17)
2026-02-14 07:02:25 [error]: Error: ENOENT: no such file or directory, unlink 'C:\Users\khade\OneDrive\Placment\Final Year VD Project\backend\uploads\https:\image.pollinations.ai\prompt\Minimalist%20Bedroom%20interior%20design%2C%20high-end%20furniture%2C%208k%20resolution%2C%20architectural%20digest%20style%2C%20unique%20variation%20858839?width=1280&height=1280&nologo=true&seed=858839'
    at async Object.unlink (node:internal/fs/promises:1067:10)
    at async ImageService.deleteImage (C:\Users\khade\OneDrive\Placment\Final Year VD Project\backend\src\services\imageService.ts:110:13)
    at async DesignController.delete (C:\Users\khade\OneDrive\Placment\Final Year VD Project\backend\src\controllers\designController.ts:173:17)
2026-02-14 07:02:25 [error]: Error: ENOENT: no such file or directory, unlink 'C:\Users\khade\OneDrive\Placment\Final Year VD Project\backend\uploads\https:\image.pollinations.ai\prompt\Minimalist%20Bedroom%20interior%20design%2C%20high-end%20furniture%2C%208k%20resolution%2C%20architectural%20digest%20style%2C%20unique%20variation%20325950?width=1280&height=1280&nologo=true&seed=325950'
    at async Object.unlink (node:internal/fs/promises:1067:10)
    at async ImageService.deleteImage (C:\Users\khade\OneDrive\Placment\Final Year VD Project\backend\src\services\imageService.ts:110:13)
    at async DesignController.delete (C:\Users\khade\OneDrive\Placment\Final Year VD Project\backend\src\controllers\designController.ts:173:17)
2026-02-14 07:02:28 [error]: Error: ENOENT: no such file or directory, unlink 'C:\uploads\originals\dev-user-001\1fccc5fc-fda1-4942-8211-24023679fbcc.png'
    at async Object.unlink (node:internal/fs/promises:1067:10)
    at async ImageService.deleteImage (C:\Users\khade\OneDrive\Placment\Final Year VD Project\backend\src\services\imageService.ts:110:13)
    at async DesignController.delete (C:\Users\khade\OneDrive\Placment\Final Year VD Project\backend\src\controllers\designController.ts:171:13)
2026-02-14 07:02:28 [error]: Error: ENOENT: no such file or directory, unlink 'C:\Users\khade\OneDrive\Placment\Final Year VD Project\backend\uploads\https:\image.pollinations.ai\prompt\Minimalist%20Bedroom%20interior%20design%2C%20high-end%20furniture%2C%208k%20resolution%2C%20architectural%20digest%20style%2C%20unique%20variation%20225366?width=1280&height=1280&nologo=true&seed=225366'
    at async Object.unlink (node:internal/fs/promises:1067:10)
    at async ImageService.deleteImage (C:\Users\khade\OneDrive\Placment\Final Year VD Project\backend\src\services\imageService.ts:110:13)
    at async DesignController.delete (C:\Users\khade\OneDrive\Placment\Final Year VD Project\backend\src\controllers\designController.ts:173:17)
2026-02-14 07:02:28 [error]: Error: ENOENT: no such file or directory, unlink 'C:\Users\khade\OneDrive\Placment\Final Year VD Project\backend\uploads\https:\image.pollinations.ai\prompt\Minimalist%20Bedroom%20interior%20design%2C%20high-end%20furniture%2C%208k%20resolution%2C%20architectural%20digest%20style%2C%20unique%20variation%2079556?width=1280&height=1280&nologo=true&seed=79556'
    at async Object.unlink (node:internal/fs/promises:1067:10)
    at async ImageService.deleteImage (C:\Users\khade\OneDrive\Placment\Final Year VD Project\backend\src\services\imageService.ts:110:13)
    at async DesignController.delete (C:\Users\khade\OneDrive\Placment\Final Year VD Project\backend\src\controllers\designController.ts:173:17)
2026-02-14 07:02:28 [error]: Error: ENOENT: no such file or directory, unlink 'C:\Users\khade\OneDrive\Placment\Final Year VD Project\backend\uploads\https:\image.pollinations.ai\prompt\Minimalist%20Bedroom%20interior%20design%2C%20high-end%20furniture%2C%208k%20resolution%2C%20architectural%20digest%20style%2C%20unique%20variation%20360835?width=1280&height=1280&nologo=true&seed=360835'
    at async Object.unlink (node:internal/fs/promises:1067:10)
    at async ImageService.deleteImage (C:\Users\khade\OneDrive\Placment\Final Year VD Project\backend\src\services\imageService.ts:110:13)
    at async DesignController.delete (C:\Users\khade\OneDrive\Placment\Final Year VD Project\backend\src\controllers\designController.ts:173:17)
2026-02-14 07:02:32 [error]: Error: ENOENT: no such file or directory, unlink 'C:\uploads\originals\dev-user-001\fbe87ef4-df0b-463f-9563-ef602fd2c2e6.png'
    at async Object.unlink (node:internal/fs/promises:1067:10)
    at async ImageService.deleteImage (C:\Users\khade\OneDrive\Placment\Final Year VD Project\backend\src\services\imageService.ts:110:13)
    at async DesignController.delete (C:\Users\khade\OneDrive\Placment\Final Year VD Project\backend\src\controllers\designController.ts:171:13)
2026-02-14 07:02:32 [error]: Error: ENOENT: no such file or directory, unlink 'C:\Users\khade\OneDrive\Placment\Final Year VD Project\backend\uploads\https:\image.pollinations.ai\prompt\Traditional%20Kitchen%20interior%20design%2C%20high-end%20furniture%2C%208k%20resolution%2C%20architectural%20digest%20style%2C%20unique%20variation%20829982?width=1280&height=1280&nologo=true&seed=829982'
    at async Object.unlink (node:internal/fs/promises:1067:10)
    at async ImageService.deleteImage (C:\Users\khade\OneDrive\Placment\Final Year VD Project\backend\src\services\imageService.ts:110:13)
    at async DesignController.delete (C:\Users\khade\OneDrive\Placment\Final Year VD Project\backend\src\controllers\designController.ts:173:17)
2026-02-14 07:02:35 [error]: Error: ENOENT: no such file or directory, unlink 'C:\uploads\originals\dev-user-001\b4a2e46e-af65-46f6-b07c-f0dae2122d30.png'
    at async Object.unlink (node:internal/fs/promises:1067:10)
    at async ImageService.deleteImage (C:\Users\khade\OneDrive\Placment\Final Year VD Project\backend\src\services\imageService.ts:110:13)
    at async DesignController.delete (C:\Users\khade\OneDrive\Placment\Final Year VD Project\backend\src\controllers\designController.ts:171:13)
2026-02-14 07:02:35 [error]: Error: ENOENT: no such file or directory, unlink 'C:\Users\khade\OneDrive\Placment\Final Year VD Project\backend\uploads\https:\image.pollinations.ai\prompt\Traditional%20Kitchen%20interior%20design%2C%20high-end%20furniture%2C%208k%20resolution%2C%20architectural%20digest%20style%2C%20unique%20variation%20940934?width=1280&height=1280&nologo=true&seed=940934'
    at async Object.unlink (node:internal/fs/promises:1067:10)
    at async ImageService.deleteImage (C:\Users\khade\OneDrive\Placment\Final Year VD Project\backend\src\services\imageService.ts:110:13)
    at async DesignController.delete (C:\Users\khade\OneDrive\Placment\Final Year VD Project\backend\src\controllers\designController.ts:173:17)
2026-02-14 07:03:38 [error]: Error: [GoogleGenerativeAI Error]: Error fetching from https://generativelanguage.googleapis.com/v1beta/models/gemini-1.5-flash:generateContent: [404 Not Found] models/gemini-1.5-flash is not found for API version v1beta, or is not supported for generateContent. Call ListModels to see the list of available models and their supported methods.
    at handleResponseNotOk (file:///C:/Users/khade/OneDrive/Placment/Final%20Year%20VD%20Project/backend/node_modules/@google/generative-ai/dist/index.mjs:432:11)
    at process.processTicksAndRejections (node:internal/process/task_queues:105:5)
    at async makeRequest (file:///C:/Users/khade/OneDrive/Placment/Final%20Year%20VD%20Project/backend/node_modules/@google/generative-ai/dist/index.mjs:401:9)
    at async generateContent (file:///C:/Users/khade/OneDrive/Placment/Final%20Year%20VD%20Project/backend/node_modules/@google/generative-ai/dist/index.mjs:865:22)
    at async AIService.generatePrompt (C:\Users\khade\OneDrive\Placment\Final Year VD Project\backend\src\services\aiService.ts:80:28)
    at async AIService.generateRoomRedesign (C:\Users\khade\OneDrive\Placment\Final Year VD Project\backend\src\services\aiService.ts:96:32)
    at async DesignController.generate (C:\Users\khade\OneDrive\Placment\Final Year VD Project\backend\src\controllers\designController.ts:69:37)
2026-02-14 07:03:38 [error]: Error: [GoogleGenerativeAI Error]: Error fetching from https://generativelanguage.googleapis.com/v1beta/models/gemini-1.5-flash:generateContent: [404 Not Found] models/gemini-1.5-flash is not found for API version v1beta, or is not supported for generateContent. Call ListModels to see the list of available models and their supported methods.
    at handleResponseNotOk (file:///C:/Users/khade/OneDrive/Placment/Final%20Year%20VD%20Project/backend/node_modules/@google/generative-ai/dist/index.mjs:432:11)
    at process.processTicksAndRejections (node:internal/process/task_queues:105:5)
    at async makeRequest (file:///C:/Users/khade/OneDrive/Placment/Final%20Year%20VD%20Project/backend/node_modules/@google/generative-ai/dist/index.mjs:401:9)
    at async generateContent (file:///C:/Users/khade/OneDrive/Placment/Final%20Year%20VD%20Project/backend/node_modules/@google/generative-ai/dist/index.mjs:865:22)
    at async AIService.generatePrompt (C:\Users\khade\OneDrive\Placment\Final Year VD Project\backend\src\services\aiService.ts:80:28)
    at async AIService.generateRoomRedesign (C:\Users\khade\OneDrive\Placment\Final Year VD Project\backend\src\services\aiService.ts:96:32)
    at async DesignController.generate (C:\Users\khade\OneDrive\Placment\Final Year VD Project\backend\src\controllers\designController.ts:69:37)
2026-02-14 07:03:38 [error]: Error: [GoogleGenerativeAI Error]: Error fetching from https://generativelanguage.googleapis.com/v1beta/models/gemini-1.5-flash:generateContent: [404 Not Found] models/gemini-1.5-flash is not found for API version v1beta, or is not supported for generateContent. Call ListModels to see the list of available models and their supported methods.
    at handleResponseNotOk (file:///C:/Users/khade/OneDrive/Placment/Final%20Year%20VD%20Project/backend/node_modules/@google/generative-ai/dist/index.mjs:432:11)
    at process.processTicksAndRejections (node:internal/process/task_queues:105:5)
    at async makeRequest (file:///C:/Users/khade/OneDrive/Placment/Final%20Year%20VD%20Project/backend/node_modules/@google/generative-ai/dist/index.mjs:401:9)
    at async generateContent (file:///C:/Users/khade/OneDrive/Placment/Final%20Year%20VD%20Project/backend/node_modules/@google/generative-ai/dist/index.mjs:865:22)
    at async AIService.consultDesign (C:\Users\khade\OneDrive\Placment\Final Year VD Project\backend\src\services\aiService.ts:137:28)
    at async DesignController.generate (C:\Users\khade\OneDrive\Placment\Final Year VD Project\backend\src\controllers\designController.ts:80:29)
2026-02-14 07:03:38 [error]: Error: [GoogleGenerativeAI Error]: Error fetching from https://generativelanguage.googleapis.com/v1beta/models/gemini-1.5-flash:generateContent: [404 Not Found] models/gemini-1.5-flash is not found for API version v1beta, or is not supported for generateContent. Call ListModels to see the list of available models and their supported methods.
    at handleResponseNotOk (file:///C:/Users/khade/OneDrive/Placment/Final%20Year%20VD%20Project/backend/node_modules/@google/generative-ai/dist/index.mjs:432:11)
    at process.processTicksAndRejections (node:internal/process/task_queues:105:5)
    at async makeRequest (file:///C:/Users/khade/OneDrive/Placment/Final%20Year%20VD%20Project/backend/node_modules/@google/generative-ai/dist/index.mjs:401:9)
    at async generateContent (file:///C:/Users/khade/OneDrive/Placment/Final%20Year%20VD%20Project/backend/node_modules/@google/generative-ai/dist/index.mjs:865:22)
    at async AIService.consultDesign (C:\Users\khade\OneDrive\Placment\Final Year VD Project\backend\src\services\aiService.ts:137:28)
    at async DesignController.generate (C:\Users\khade\OneDrive\Placment\Final Year VD Project\backend\src\controllers\designController.ts:80:29)
2026-02-14 07:09:31 [error]: Gemini Health Check Failed:
2026-02-14 07:09:34 [error]: Gemini Health Check Failed:
2026-02-14 07:09:39 [error]: Gemini Health Check Failed:
2026-02-14 07:09:39 [error]: Gemini Health Check Failed:
2026-02-14 07:09:48 [error]: Gemini Health Check Failed:
2026-02-14 07:09:56 [error]: Gemini Health Check Failed:
2026-02-14 07:10:05 [error]: Gemini Health Check Failed:
2026-02-14 07:10:14 [error]: Gemini Health Check Failed:
2026-02-14 07:10:40 [error]: Gemini Health Check Failed:
2026-02-14 07:10:40 [error]: Gemini Health Check Failed:
2026-02-14 07:13:27 [error]: Gemini Health Check Failed:
2026-02-14 07:13:27 [error]: Gemini Health Check Failed:
2026-02-14 07:14:43 [error]: Gemini Health Check Failed:
2026-02-14 07:22:01 [error]: Error: ENOENT: no such file or directory, unlink 'C:\uploads\originals\dev-user-001\38355efe-ddbf-4da5-ae5a-abe7bbfceef3.png'
    at async Object.unlink (node:internal/fs/promises:1067:10)
    at async ImageService.deleteImage (C:\Users\khade\OneDrive\Placment\Final Year VD Project\backend\src\services\imageService.ts:110:13)
    at async DesignController.delete (C:\Users\khade\OneDrive\Placment\Final Year VD Project\backend\src\controllers\designController.ts:171:13)
2026-02-14 07:22:01 [error]: Error: ENOENT: no such file or directory, unlink 'C:\Users\khade\OneDrive\Placment\Final Year VD Project\backend\uploads\https:\image.pollinations.ai\prompt\Minimalist%20Outdoor%20Patio%20interior%20design%2C%20high-end%20furniture%2C%208k%20resolution%2C%20architectural%20digest%20style%2C%20unique%20variation%20829961?width=1280&height=1280&nologo=true&seed=829961'
    at async Object.unlink (node:internal/fs/promises:1067:10)
    at async ImageService.deleteImage (C:\Users\khade\OneDrive\Placment\Final Year VD Project\backend\src\services\imageService.ts:110:13)
    at async DesignController.delete (C:\Users\khade\OneDrive\Placment\Final Year VD Project\backend\src\controllers\designController.ts:173:17)
2026-02-14 07:22:04 [error]: Error: ENOENT: no such file or directory, unlink 'C:\uploads\originals\dev-user-001\e95ea106-2c55-4807-be36-73acb35365bd.png'
    at async Object.unlink (node:internal/fs/promises:1067:10)
    at async ImageService.deleteImage (C:\Users\khade\OneDrive\Placment\Final Year VD Project\backend\src\services\imageService.ts:110:13)
    at async DesignController.delete (C:\Users\khade\OneDrive\Placment\Final Year VD Project\backend\src\controllers\designController.ts:171:13)
2026-02-14 07:22:04 [error]: Error: ENOENT: no such file or directory, unlink 'C:\Users\khade\OneDrive\Placment\Final Year VD Project\backend\uploads\https:\image.pollinations.ai\prompt\Minimalist%20Outdoor%20Patio%20interior%20design%2C%20high-end%20furniture%2C%208k%20resolution%2C%20architectural%20digest%20style%2C%20unique%20variation%20348136?width=1280&height=1280&nologo=true&seed=348136'
    at async Object.unlink (node:internal/fs/promises:1067:10)
    at async ImageService.deleteImage (C:\Users\khade\OneDrive\Placment\Final Year VD Project\backend\src\services\imageService.ts:110:13)
    at async DesignController.delete (C:\Users\khade\OneDrive\Placment\Final Year VD Project\backend\src\controllers\designController.ts:173:17)
2026-02-14 07:22:38 [error]: Prompt generation failed for Luxury Home Office:
2026-02-14 07:22:38 [error]: Prompt generation failed for Luxury Home Office:
2026-02-14 07:22:38 [error]: Error: [GoogleGenerativeAI Error]: Error fetching from https://generativelanguage.googleapis.com/v1beta/models/gemini-1.5-flash:generateContent: [404 Not Found] models/gemini-1.5-flash is not found for API version v1beta, or is not supported for generateContent. Call ListModels to see the list of available models and their supported methods.
    at handleResponseNotOk (file:///C:/Users/khade/OneDrive/Placment/Final%20Year%20VD%20Project/backend/node_modules/@google/generative-ai/dist/index.mjs:432:11)
    at process.processTicksAndRejections (node:internal/process/task_queues:105:5)
    at async makeRequest (file:///C:/Users/khade/OneDrive/Placment/Final%20Year%20VD%20Project/backend/node_modules/@google/generative-ai/dist/index.mjs:401:9)
    at async generateContent (file:///C:/Users/khade/OneDrive/Placment/Final%20Year%20VD%20Project/backend/node_modules/@google/generative-ai/dist/index.mjs:865:22)
    at async AIService.consultDesign (C:\Users\khade\OneDrive\Placment\Final Year VD Project\backend\src\services\aiService.ts:155:28)
    at async DesignController.generate (C:\Users\khade\OneDrive\Placment\Final Year VD Project\backend\src\controllers\designController.ts:80:29)
2026-02-14 07:22:38 [error]: Error: [GoogleGenerativeAI Error]: Error fetching from https://generativelanguage.googleapis.com/v1beta/models/gemini-1.5-flash:generateContent: [404 Not Found] models/gemini-1.5-flash is not found for API version v1beta, or is not supported for generateContent. Call ListModels to see the list of available models and their supported methods.
    at handleResponseNotOk (file:///C:/Users/khade/OneDrive/Placment/Final%20Year%20VD%20Project/backend/node_modules/@google/generative-ai/dist/index.mjs:432:11)
    at process.processTicksAndRejections (node:internal/process/task_queues:105:5)
    at async makeRequest (file:///C:/Users/khade/OneDrive/Placment/Final%20Year%20VD%20Project/backend/node_modules/@google/generative-ai/dist/index.mjs:401:9)
    at async generateContent (file:///C:/Users/khade/OneDrive/Placment/Final%20Year%20VD%20Project/backend/node_modules/@google/generative-ai/dist/index.mjs:865:22)
    at async AIService.consultDesign (C:\Users\khade\OneDrive\Placment\Final Year VD Project\backend\src\services\aiService.ts:155:28)
    at async DesignController.generate (C:\Users\khade\OneDrive\Placment\Final Year VD Project\backend\src\controllers\designController.ts:80:29)
2026-02-14 07:23:50 [error]: Proxy failure for: https://image.pollinations.ai/prompt/A%20professional%208k%20photorealistic%20interior%20design%20of%20a%20Luxury%20Home%20Office%2C%20high-end%20materials%2C%20architectural%20lighting%2C%20cinematic%20composition%2C%20architectural%20digest%20style%2C%20trending%20on%20pinterest%2C%20highly%20detailed.%2C%20interior%20design%2C%20photorealistic%2C%208k%2C%20sharp%20focus%2C%20highly%20detailed%20architecture... | Status: 530 | Message: Request failed with status code 530
2026-02-15 22:42:38 [error]: Failed to read input image: /uploads/originals/dev-user-001/998640d6-a507-4c87-a542-52223ee79ab8.png — ENOENT: no such file or directory, open 'C:\uploads\originals\dev-user-001\998640d6-a507-4c87-a542-52223ee79ab8.png'
2026-02-15 22:42:38 [error]: ❌ Gemini image generation failed: Could not load room image: ENOENT: no such file or directory, open 'C:\uploads\originals\dev-user-001\998640d6-a507-4c87-a542-52223ee79ab8.png'
2026-02-15 22:42:39 [error]: Failed to read input image: /uploads/originals/dev-user-001/11f96876-c787-4023-ab9d-dabcfac9c9c6.png — ENOENT: no such file or directory, open 'C:\uploads\originals\dev-user-001\11f96876-c787-4023-ab9d-dabcfac9c9c6.png'
2026-02-15 22:42:39 [error]: ❌ Gemini image generation failed: Could not load room image: ENOENT: no such file or directory, open 'C:\uploads\originals\dev-user-001\11f96876-c787-4023-ab9d-dabcfac9c9c6.png'
2026-02-15 22:42:40 [error]: Gemini consultation failed: {"error":{"code":429,"message":"You exceeded your current quota, please check your plan and billing details. For more information on this error, head to: https://ai.google.dev/gemini-api/docs/rate-limits. To monitor your current usage, head to: https://ai.dev/rate-limit. \n* Quota exceeded for metric: generativelanguage.googleapis.com/generate_content_free_tier_input_token_count, limit: 0, model: gemini-2.0-flash\n* Quota exceeded for metric: generativelanguage.googleapis.com/generate_content_free_tier_requests, limit: 0, model: gemini-2.0-flash\n* Quota exceeded for metric: generativelanguage.googleapis.com/generate_content_free_tier_requests, limit: 0, model: gemini-2.0-flash\nPlease retry in 20.285739439s.","status":"RESOURCE_EXHAUSTED","details":[{"@type":"type.googleapis.com/google.rpc.Help","links":[{"description":"Learn more about Gemini API quotas","url":"https://ai.google.dev/gemini-api/docs/rate-limits"}]},{"@type":"type.googleapis.com/google.rpc.QuotaFailure","violations":[{"quotaMetric":"generativelanguage.googleapis.com/generate_content_free_tier_input_token_count","quotaId":"GenerateContentInputTokensPerModelPerMinute-FreeTier","quotaDimensions":{"location":"global","model":"gemini-2.0-flash"}},{"quotaMetric":"generativelanguage.googleapis.com/generate_content_free_tier_requests","quotaId":"GenerateRequestsPerMinutePerProjectPerModel-FreeTier","quotaDimensions":{"location":"global","model":"gemini-2.0-flash"}},{"quotaMetric":"generativelanguage.googleapis.com/generate_content_free_tier_requests","quotaId":"GenerateRequestsPerDayPerProjectPerModel-FreeTier","quotaDimensions":{"model":"gemini-2.0-flash","location":"global"}}]},{"@type":"type.googleapis.com/google.rpc.RetryInfo","retryDelay":"20s"}]}}
2026-02-15 22:42:40 [error]: Gemini consultation failed: {"error":{"code":429,"message":"You exceeded your current quota, please check your plan and billing details. For more information on this error, head to: https://ai.google.dev/gemini-api/docs/rate-limits. To monitor your current usage, head to: https://ai.dev/rate-limit. \n* Quota exceeded for metric: generativelanguage.googleapis.com/generate_content_free_tier_input_token_count, limit: 0, model: gemini-2.0-flash\n* Quota exceeded for metric: generativelanguage.googleapis.com/generate_content_free_tier_requests, limit: 0, model: gemini-2.0-flash\n* Quota exceeded for metric: generativelanguage.googleapis.com/generate_content_free_tier_requests, limit: 0, model: gemini-2.0-flash\nPlease retry in 20.187223063s.","status":"RESOURCE_EXHAUSTED","details":[{"@type":"type.googleapis.com/google.rpc.Help","links":[{"description":"Learn more about Gemini API quotas","url":"https://ai.google.dev/gemini-api/docs/rate-limits"}]},{"@type":"type.googleapis.com/google.rpc.QuotaFailure","violations":[{"quotaMetric":"generativelanguage.googleapis.com/generate_content_free_tier_input_token_count","quotaId":"GenerateContentInputTokensPerModelPerMinute-FreeTier","quotaDimensions":{"model":"gemini-2.0-flash","location":"global"}},{"quotaMetric":"generativelanguage.googleapis.com/generate_content_free_tier_requests","quotaId":"GenerateRequestsPerMinutePerProjectPerModel-FreeTier","quotaDimensions":{"model":"gemini-2.0-flash","location":"global"}},{"quotaMetric":"generativelanguage.googleapis.com/generate_content_free_tier_requests","quotaId":"GenerateRequestsPerDayPerProjectPerModel-FreeTier","quotaDimensions":{"location":"global","model":"gemini-2.0-flash"}}]},{"@type":"type.googleapis.com/google.rpc.RetryInfo","retryDelay":"20s"}]}}
2026-02-15 22:56:23 [error]: Failed to read input image: /uploads/originals/dev-user-001/523eb8b5-2424-400a-b79f-cff310ea2f14.png — ENOENT: no such file or directory, open 'C:\uploads\originals\dev-user-001\523eb8b5-2424-400a-b79f-cff310ea2f14.png'
2026-02-15 22:56:23 [error]: ❌ Gemini image generation failed: Could not load room image: ENOENT: no such file or directory, open 'C:\uploads\originals\dev-user-001\523eb8b5-2424-400a-b79f-cff310ea2f14.png'
2026-02-15 22:56:25 [error]: Failed to read input image: /uploads/originals/dev-user-001/ef4ee22e-12a6-4f22-9123-eff1ca4582fe.png — ENOENT: no such file or directory, open 'C:\uploads\originals\dev-user-001\ef4ee22e-12a6-4f22-9123-eff1ca4582fe.png'
2026-02-15 22:56:25 [error]: ❌ Gemini image generation failed: Could not load room image: ENOENT: no such file or directory, open 'C:\uploads\originals\dev-user-001\ef4ee22e-12a6-4f22-9123-eff1ca4582fe.png'
2026-02-15 22:56:56 [error]: Gemini consultation failed: {"error":{"code":429,"message":"You exceeded your current quota, please check your plan and billing details. For more information on this error, head to: https://ai.google.dev/gemini-api/docs/rate-limits. To monitor your current usage, head to: https://ai.dev/rate-limit. \n* Quota exceeded for metric: generativelanguage.googleapis.com/generate_content_free_tier_input_token_count, limit: 0, model: gemini-2.0-flash\n* Quota exceeded for metric: generativelanguage.googleapis.com/generate_content_free_tier_requests, limit: 0, model: gemini-2.0-flash\n* Quota exceeded for metric: generativelanguage.googleapis.com/generate_content_free_tier_requests, limit: 0, model: gemini-2.0-flash\nPlease retry in 3.792575527s.","status":"RESOURCE_EXHAUSTED","details":[{"@type":"type.googleapis.com/google.rpc.Help","links":[{"description":"Learn more about Gemini API quotas","url":"https://ai.google.dev/gemini-api/docs/rate-limits"}]},{"@type":"type.googleapis.com/google.rpc.QuotaFailure","violations":[{"quotaMetric":"generativelanguage.googleapis.com/generate_content_free_tier_input_token_count","quotaId":"GenerateContentInputTokensPerModelPerMinute-FreeTier","quotaDimensions":{"model":"gemini-2.0-flash","location":"global"}},{"quotaMetric":"generativelanguage.googleapis.com/generate_content_free_tier_requests","quotaId":"GenerateRequestsPerMinutePerProjectPerModel-FreeTier","quotaDimensions":{"model":"gemini-2.0-flash","location":"global"}},{"quotaMetric":"generativelanguage.googleapis.com/generate_content_free_tier_requests","quotaId":"GenerateRequestsPerDayPerProjectPerModel-FreeTier","quotaDimensions":{"location":"global","model":"gemini-2.0-flash"}}]},{"@type":"type.googleapis.com/google.rpc.RetryInfo","retryDelay":"3s"}]}}
2026-02-15 22:56:56 [error]: Gemini consultation failed: {"error":{"code":429,"message":"You exceeded your current quota, please check your plan and billing details. For more information on this error, head to: https://ai.google.dev/gemini-api/docs/rate-limits. To monitor your current usage, head to: https://ai.dev/rate-limit. \n* Quota exceeded for metric: generativelanguage.googleapis.com/generate_content_free_tier_input_token_count, limit: 0, model: gemini-2.0-flash\n* Quota exceeded for metric: generativelanguage.googleapis.com/generate_content_free_tier_requests, limit: 0, model: gemini-2.0-flash\n* Quota exceeded for metric: generativelanguage.googleapis.com/generate_content_free_tier_requests, limit: 0, model: gemini-2.0-flash\nPlease retry in 3.793659987s.","status":"RESOURCE_EXHAUSTED","details":[{"@type":"type.googleapis.com/google.rpc.Help","links":[{"description":"Learn more about Gemini API quotas","url":"https://ai.google.dev/gemini-api/docs/rate-limits"}]},{"@type":"type.googleapis.com/google.rpc.QuotaFailure","violations":[{"quotaMetric":"generativelanguage.googleapis.com/generate_content_free_tier_input_token_count","quotaId":"GenerateContentInputTokensPerModelPerMinute-FreeTier","quotaDimensions":{"model":"gemini-2.0-flash","location":"global"}},{"quotaMetric":"generativelanguage.googleapis.com/generate_content_free_tier_requests","quotaId":"GenerateRequestsPerMinutePerProjectPerModel-FreeTier","quotaDimensions":{"location":"global","model":"gemini-2.0-flash"}},{"quotaMetric":"generativelanguage.googleapis.com/generate_content_free_tier_requests","quotaId":"GenerateRequestsPerDayPerProjectPerModel-FreeTier","quotaDimensions":{"location":"global","model":"gemini-2.0-flash"}}]},{"@type":"type.googleapis.com/google.rpc.RetryInfo","retryDelay":"3s"}]}}
2026-02-20 05:25:57 [error]: Failed to read input image: /uploads/originals/dev-user-001/ffc53d84-25cd-49fc-8246-d873a733a775.webp — ENOENT: no such file or directory, open 'C:\uploads\originals\dev-user-001\ffc53d84-25cd-49fc-8246-d873a733a775.webp'
2026-02-20 05:25:57 [error]: ❌ Gemini image generation failed: Could not load room image: ENOENT: no such file or directory, open 'C:\uploads\originals\dev-user-001\ffc53d84-25cd-49fc-8246-d873a733a775.webp'
2026-02-20 05:25:57 [error]: Failed to read input image: /uploads/originals/dev-user-001/d7715bd5-c732-458f-bec1-2f6ad374d09d.webp — ENOENT: no such file or directory, open 'C:\uploads\originals\dev-user-001\d7715bd5-c732-458f-bec1-2f6ad374d09d.webp'
2026-02-20 05:25:57 [error]: ❌ Gemini image generation failed: Could not load room image: ENOENT: no such file or directory, open 'C:\uploads\originals\dev-user-001\d7715bd5-c732-458f-bec1-2f6ad374d09d.webp'
2026-02-20 05:26:28 [error]: Gemini consultation failed: {"error":{"code":429,"message":"You exceeded your current quota, please check your plan and billing details. For more information on this error, head to: https://ai.google.dev/gemini-api/docs/rate-limits. To monitor your current usage, head to: https://ai.dev/rate-limit. \n* Quota exceeded for metric: generativelanguage.googleapis.com/generate_content_free_tier_input_token_count, limit: 0, model: gemini-2.0-flash\n* Quota exceeded for metric: generativelanguage.googleapis.com/generate_content_free_tier_requests, limit: 0, model: gemini-2.0-flash\n* Quota exceeded for metric: generativelanguage.googleapis.com/generate_content_free_tier_requests, limit: 0, model: gemini-2.0-flash\nPlease retry in 35.595450904s.","status":"RESOURCE_EXHAUSTED","details":[{"@type":"type.googleapis.com/google.rpc.Help","links":[{"description":"Learn more about Gemini API quotas","url":"https://ai.google.dev/gemini-api/docs/rate-limits"}]},{"@type":"type.googleapis.com/google.rpc.QuotaFailure","violations":[{"quotaMetric":"generativelanguage.googleapis.com/generate_content_free_tier_input_token_count","quotaId":"GenerateContentInputTokensPerModelPerMinute-FreeTier","quotaDimensions":{"location":"global","model":"gemini-2.0-flash"}},{"quotaMetric":"generativelanguage.googleapis.com/generate_content_free_tier_requests","quotaId":"GenerateRequestsPerMinutePerProjectPerModel-FreeTier","quotaDimensions":{"location":"global","model":"gemini-2.0-flash"}},{"quotaMetric":"generativelanguage.googleapis.com/generate_content_free_tier_requests","quotaId":"GenerateRequestsPerDayPerProjectPerModel-FreeTier","quotaDimensions":{"location":"global","model":"gemini-2.0-flash"}}]},{"@type":"type.googleapis.com/google.rpc.RetryInfo","retryDelay":"35s"}]}}
2026-02-20 05:26:28 [error]: Gemini consultation failed: {"error":{"code":429,"message":"You exceeded your current quota, please check your plan and billing details. For more information on this error, head to: https://ai.google.dev/gemini-api/docs/rate-limits. To monitor your current usage, head to: https://ai.dev/rate-limit. \n* Quota exceeded for metric: generativelanguage.googleapis.com/generate_content_free_tier_requests, limit: 0, model: gemini-2.0-flash\n* Quota exceeded for metric: generativelanguage.googleapis.com/generate_content_free_tier_requests, limit: 0, model: gemini-2.0-flash\n* Quota exceeded for metric: generativelanguage.googleapis.com/generate_content_free_tier_input_token_count, limit: 0, model: gemini-2.0-flash\nPlease retry in 35.467392275s.","status":"RESOURCE_EXHAUSTED","details":[{"@type":"type.googleapis.com/google.rpc.Help","links":[{"description":"Learn more about Gemini API quotas","url":"https://ai.google.dev/gemini-api/docs/rate-limits"}]},{"@type":"type.googleapis.com/google.rpc.QuotaFailure","violations":[{"quotaMetric":"generativelanguage.googleapis.com/generate_content_free_tier_requests","quotaId":"GenerateRequestsPerDayPerProjectPerModel-FreeTier","quotaDimensions":{"location":"global","model":"gemini-2.0-flash"}},{"quotaMetric":"generativelanguage.googleapis.com/generate_content_free_tier_requests","quotaId":"GenerateRequestsPerMinutePerProjectPerModel-FreeTier","quotaDimensions":{"location":"global","model":"gemini-2.0-flash"}},{"quotaMetric":"generativelanguage.googleapis.com/generate_content_free_tier_input_token_count","quotaId":"GenerateContentInputTokensPerModelPerMinute-FreeTier","quotaDimensions":{"location":"global","model":"gemini-2.0-flash"}}]},{"@type":"type.googleapis.com/google.rpc.RetryInfo","retryDelay":"35s"}]}}
2026-02-20 05:26:41 [error]: Error: ENOENT: no such file or directory, unlink 'C:\uploads\originals\dev-user-001\349cc447-d746-4828-bf32-b3d801c4244b.webp'
    at async Object.unlink (node:internal/fs/promises:1067:10)
    at async ImageService.deleteImage (C:\Users\khade\OneDrive\Placment\Final Year VD Project\backend\src\services\imageService.ts:110:13)
    at async DesignController.delete (C:\Users\khade\OneDrive\Placment\Final Year VD Project\backend\src\controllers\designController.ts:171:13)
2026-02-20 05:26:41 [error]: Error: ENOENT: no such file or directory, unlink 'C:\Users\khade\OneDrive\Placment\Final Year VD Project\backend\uploads\https:\images.unsplash.com\photo-1600210492486-724fe5c67fb0?w=1280&q=90'
    at async Object.unlink (node:internal/fs/promises:1067:10)
    at async ImageService.deleteImage (C:\Users\khade\OneDrive\Placment\Final Year VD Project\backend\src\services\imageService.ts:110:13)
    at async DesignController.delete (C:\Users\khade\OneDrive\Placment\Final Year VD Project\backend\src\controllers\designController.ts:173:17)
2026-02-20 05:26:45 [error]: Error: ENOENT: no such file or directory, unlink 'C:\uploads\originals\dev-user-001\6a6cd0ea-7754-4253-ba27-e2c47b1a0624.png'
    at async Object.unlink (node:internal/fs/promises:1067:10)
    at async ImageService.deleteImage (C:\Users\khade\OneDrive\Placment\Final Year VD Project\backend\src\services\imageService.ts:110:13)
    at async DesignController.delete (C:\Users\khade\OneDrive\Placment\Final Year VD Project\backend\src\controllers\designController.ts:171:13)
2026-02-20 05:26:45 [error]: Error: ENOENT: no such file or directory, unlink 'C:\Users\khade\OneDrive\Placment\Final Year VD Project\backend\uploads\https:\image.pollinations.ai\prompt\A%20professional%208k%20photorealistic%20interior%20design%20of%20a%20Luxury%20Home%20Office%2C%20high-end%20materials%2C%20architectural%20lighting%2C%20cinematic%20composition%2C%20architectural%20digest%20style%2C%20trending%20on%20pinterest%2C%20highly%20detailed.%2C%20interior%20design%2C%20photorealistic%2C%208k%2C%20sharp%20focus%2C%20highly%20detailed%20architecture?width=1280&height=1280&nologo=true&seed=109021&model=flux'
    at async Object.unlink (node:internal/fs/promises:1067:10)
    at async ImageService.deleteImage (C:\Users\khade\OneDrive\Placment\Final Year VD Project\backend\src\services\imageService.ts:110:13)
    at async DesignController.delete (C:\Users\khade\OneDrive\Placment\Final Year VD Project\backend\src\controllers\designController.ts:173:17)
2026-02-20 05:26:48 [error]: Error: ENOENT: no such file or directory, unlink 'C:\uploads\originals\dev-user-001\51dac697-d03a-45d1-b2e6-438c75eeb259.png'
    at async Object.unlink (node:internal/fs/promises:1067:10)
    at async ImageService.deleteImage (C:\Users\khade\OneDrive\Placment\Final Year VD Project\backend\src\services\imageService.ts:110:13)
    at async DesignController.delete (C:\Users\khade\OneDrive\Placment\Final Year VD Project\backend\src\controllers\designController.ts:171:13)
2026-02-20 05:26:48 [error]: Error: ENOENT: no such file or directory, unlink 'C:\Users\khade\OneDrive\Placment\Final Year VD Project\backend\uploads\https:\image.pollinations.ai\prompt\A%20professional%208k%20photorealistic%20interior%20design%20of%20a%20Luxury%20Home%20Office%2C%20high-end%20materials%2C%20architectural%20lighting%2C%20cinematic%20composition%2C%20architectural%20digest%20style%2C%20trending%20on%20pinterest%2C%20highly%20detailed.%2C%20interior%20design%2C%20photorealistic%2C%208k%2C%20sharp%20focus%2C%20highly%20detailed%20architecture?width=1280&height=1280&nologo=true&seed=181415&model=flux'
    at async Object.unlink (node:internal/fs/promises:1067:10)
    at async ImageService.deleteImage (C:\Users\khade\OneDrive\Placment\Final Year VD Project\backend\src\services\imageService.ts:110:13)
    at async DesignController.delete (C:\Users\khade\OneDrive\Placment\Final Year VD Project\backend\src\controllers\designController.ts:173:17)
2026-02-20 05:26:50 [error]: Error: ENOENT: no such file or directory, unlink 'C:\uploads\originals\dev-user-001\7faa2eaf-c16b-49fd-a41c-c12a1e38b007.png'
    at async Object.unlink (node:internal/fs/promises:1067:10)
    at async ImageService.deleteImage (C:\Users\khade\OneDrive\Placment\Final Year VD Project\backend\src\services\imageService.ts:110:13)
    at async DesignController.delete (C:\Users\khade\OneDrive\Placment\Final Year VD Project\backend\src\controllers\designController.ts:171:13)
2026-02-20 05:26:50 [error]: Error: ENOENT: no such file or directory, unlink 'C:\Users\khade\OneDrive\Placment\Final Year VD Project\backend\uploads\https:\images.unsplash.com\photo-1600210492486-724fe5c67fb0?w=1280&q=90'
    at async Object.unlink (node:internal/fs/promises:1067:10)
    at async ImageService.deleteImage (C:\Users\khade\OneDrive\Placment\Final Year VD Project\backend\src\services\imageService.ts:110:13)
    at async DesignController.delete (C:\Users\khade\OneDrive\Placment\Final Year VD Project\backend\src\controllers\designController.ts:173:17)
2026-02-20 05:26:53 [error]: Error: ENOENT: no such file or directory, unlink 'C:\uploads\originals\dev-user-001\cdd48767-12ab-4740-bf80-53fd07e442d3.png'
    at async Object.unlink (node:internal/fs/promises:1067:10)
    at async ImageService.deleteImage (C:\Users\khade\OneDrive\Placment\Final Year VD Project\backend\src\services\imageService.ts:110:13)
    at async DesignController.delete (C:\Users\khade\OneDrive\Placment\Final Year VD Project\backend\src\controllers\designController.ts:171:13)
2026-02-20 05:26:53 [error]: Error: ENOENT: no such file or directory, unlink 'C:\Users\khade\OneDrive\Placment\Final Year VD Project\backend\uploads\https:\images.unsplash.com\photo-1618221195710-dd6b41faaea6?w=1280&q=90'
    at async Object.unlink (node:internal/fs/promises:1067:10)
    at async ImageService.deleteImage (C:\Users\khade\OneDrive\Placment\Final Year VD Project\backend\src\services\imageService.ts:110:13)
    at async DesignController.delete (C:\Users\khade\OneDrive\Placment\Final Year VD Project\backend\src\controllers\designController.ts:173:17)
2026-02-20 05:26:56 [error]: Error: ENOENT: no such file or directory, unlink 'C:\uploads\originals\dev-user-001\4b5057bc-7cd0-4397-82a8-7ab70b7c15fc.png'
    at async Object.unlink (node:internal/fs/promises:1067:10)
    at async ImageService.deleteImage (C:\Users\khade\OneDrive\Placment\Final Year VD Project\backend\src\services\imageService.ts:110:13)
    at async DesignController.delete (C:\Users\khade\OneDrive\Placment\Final Year VD Project\backend\src\controllers\designController.ts:171:13)
2026-02-20 05:26:56 [error]: Error: ENOENT: no such file or directory, unlink 'C:\Users\khade\OneDrive\Placment\Final Year VD Project\backend\uploads\https:\images.unsplash.com\photo-1616486701797-0f33f61038ec?w=1280&q=90'
    at async Object.unlink (node:internal/fs/promises:1067:10)
    at async ImageService.deleteImage (C:\Users\khade\OneDrive\Placment\Final Year VD Project\backend\src\services\imageService.ts:110:13)
    at async DesignController.delete (C:\Users\khade\OneDrive\Placment\Final Year VD Project\backend\src\controllers\designController.ts:173:17)
2026-02-20 05:26:59 [error]: Error: ENOENT: no such file or directory, unlink 'C:\uploads\originals\dev-user-001\cefaf449-9883-413b-a1df-d37b516110c8.png'
    at async Object.unlink (node:internal/fs/promises:1067:10)
    at async ImageService.deleteImage (C:\Users\khade\OneDrive\Placment\Final Year VD Project\backend\src\services\imageService.ts:110:13)
    at async DesignController.delete (C:\Users\khade\OneDrive\Placment\Final Year VD Project\backend\src\controllers\designController.ts:171:13)
2026-02-20 05:26:59 [error]: Error: ENOENT: no such file or directory, unlink 'C:\Users\khade\OneDrive\Placment\Final Year VD Project\backend\uploads\https:\images.unsplash.com\photo-1594913785162-e6785b49dea3?w=1280&q=90'
    at async Object.unlink (node:internal/fs/promises:1067:10)
    at async ImageService.deleteImage (C:\Users\khade\OneDrive\Placment\Final Year VD Project\backend\src\services\imageService.ts:110:13)
    at async DesignController.delete (C:\Users\khade\OneDrive\Placment\Final Year VD Project\backend\src\controllers\designController.ts:173:17)
2026-02-20 05:27:01 [error]: Error: ENOENT: no such file or directory, unlink 'C:\uploads\originals\dev-user-001\998640d6-a507-4c87-a542-52223ee79ab8.png'
    at async Object.unlink (node:internal/fs/promises:1067:10)
    at async ImageService.deleteImage (C:\Users\khade\OneDrive\Placment\Final Year VD Project\backend\src\services\imageService.ts:110:13)
    at async DesignController.delete (C:\Users\khade\OneDrive\Placment\Final Year VD Project\backend\src\controllers\designController.ts:171:13)
2026-02-20 05:27:01 [error]: Error: ENOENT: no such file or directory, unlink 'C:\Users\khade\OneDrive\Placment\Final Year VD Project\backend\uploads\https:\images.unsplash.com\photo-1615529182904-14819c35db37?w=1280&q=90'
    at async Object.unlink (node:internal/fs/promises:1067:10)
    at async ImageService.deleteImage (C:\Users\khade\OneDrive\Placment\Final Year VD Project\backend\src\services\imageService.ts:110:13)
    at async DesignController.delete (C:\Users\khade\OneDrive\Placment\Final Year VD Project\backend\src\controllers\designController.ts:173:17)
2026-02-20 05:27:04 [error]: Error: ENOENT: no such file or directory, unlink 'C:\uploads\originals\dev-user-001\11f96876-c787-4023-ab9d-dabcfac9c9c6.png'
    at async Object.unlink (node:internal/fs/promises:1067:10)
    at async ImageService.deleteImage (C:\Users\khade\OneDrive\Placment\Final Year VD Project\backend\src\services\imageService.ts:110:13)
    at async DesignController.delete (C:\Users\khade\OneDrive\Placment\Final Year VD Project\backend\src\controllers\designController.ts:171:13)
2026-02-20 05:27:04 [error]: Error: ENOENT: no such file or directory, unlink 'C:\Users\khade\OneDrive\Placment\Final Year VD Project\backend\uploads\https:\images.unsplash.com\photo-1615529182904-14819c35db37?w=1280&q=90'
    at async Object.unlink (node:internal/fs/promises:1067:10)
    at async ImageService.deleteImage (C:\Users\khade\OneDrive\Placment\Final Year VD Project\backend\src\services\imageService.ts:110:13)
    at async DesignController.delete (C:\Users\khade\OneDrive\Placment\Final Year VD Project\backend\src\controllers\designController.ts:173:17)
2026-02-20 05:27:08 [error]: Error: ENOENT: no such file or directory, unlink 'C:\uploads\originals\dev-user-001\523eb8b5-2424-400a-b79f-cff310ea2f14.png'
    at async Object.unlink (node:internal/fs/promises:1067:10)
    at async ImageService.deleteImage (C:\Users\khade\OneDrive\Placment\Final Year VD Project\backend\src\services\imageService.ts:110:13)
    at async DesignController.delete (C:\Users\khade\OneDrive\Placment\Final Year VD Project\backend\src\controllers\designController.ts:171:13)
2026-02-20 05:27:08 [error]: Error: ENOENT: no such file or directory, unlink 'C:\Users\khade\OneDrive\Placment\Final Year VD Project\backend\uploads\https:\images.unsplash.com\photo-1615529182904-14819c35db37?w=1280&q=90'
    at async Object.unlink (node:internal/fs/promises:1067:10)
    at async ImageService.deleteImage (C:\Users\khade\OneDrive\Placment\Final Year VD Project\backend\src\services\imageService.ts:110:13)
    at async DesignController.delete (C:\Users\khade\OneDrive\Placment\Final Year VD Project\backend\src\controllers\designController.ts:173:17)
2026-02-20 05:27:10 [error]: Error: ENOENT: no such file or directory, unlink 'C:\uploads\originals\dev-user-001\ef4ee22e-12a6-4f22-9123-eff1ca4582fe.png'
    at async Object.unlink (node:internal/fs/promises:1067:10)
    at async ImageService.deleteImage (C:\Users\khade\OneDrive\Placment\Final Year VD Project\backend\src\services\imageService.ts:110:13)
    at async DesignController.delete (C:\Users\khade\OneDrive\Placment\Final Year VD Project\backend\src\controllers\designController.ts:171:13)
2026-02-20 05:27:10 [error]: Error: ENOENT: no such file or directory, unlink 'C:\Users\khade\OneDrive\Placment\Final Year VD Project\backend\uploads\https:\images.unsplash.com\photo-1615529182904-14819c35db37?w=1280&q=90'
    at async Object.unlink (node:internal/fs/promises:1067:10)
    at async ImageService.deleteImage (C:\Users\khade\OneDrive\Placment\Final Year VD Project\backend\src\services\imageService.ts:110:13)
    at async DesignController.delete (C:\Users\khade\OneDrive\Placment\Final Year VD Project\backend\src\controllers\designController.ts:173:17)
2026-02-20 05:27:12 [error]: Error: ENOENT: no such file or directory, unlink 'C:\uploads\originals\dev-user-001\ffc53d84-25cd-49fc-8246-d873a733a775.webp'
    at async Object.unlink (node:internal/fs/promises:1067:10)
    at async ImageService.deleteImage (C:\Users\khade\OneDrive\Placment\Final Year VD Project\backend\src\services\imageService.ts:110:13)
    at async DesignController.delete (C:\Users\khade\OneDrive\Placment\Final Year VD Project\backend\src\controllers\designController.ts:171:13)
2026-02-20 05:27:12 [error]: Error: ENOENT: no such file or directory, unlink 'C:\Users\khade\OneDrive\Placment\Final Year VD Project\backend\uploads\https:\images.unsplash.com\photo-1600210492486-724fe5c67fb0?w=1280&q=90'
    at async Object.unlink (node:internal/fs/promises:1067:10)
    at async ImageService.deleteImage (C:\Users\khade\OneDrive\Placment\Final Year VD Project\backend\src\services\imageService.ts:110:13)
    at async DesignController.delete (C:\Users\khade\OneDrive\Placment\Final Year VD Project\backend\src\controllers\designController.ts:173:17)
2026-02-20 05:27:15 [error]: Error: ENOENT: no such file or directory, unlink 'C:\uploads\originals\dev-user-001\d7715bd5-c732-458f-bec1-2f6ad374d09d.webp'
    at async Object.unlink (node:internal/fs/promises:1067:10)
    at async ImageService.deleteImage (C:\Users\khade\OneDrive\Placment\Final Year VD Project\backend\src\services\imageService.ts:110:13)
    at async DesignController.delete (C:\Users\khade\OneDrive\Placment\Final Year VD Project\backend\src\controllers\designController.ts:171:13)
2026-02-20 05:27:15 [error]: Error: ENOENT: no such file or directory, unlink 'C:\Users\khade\OneDrive\Placment\Final Year VD Project\backend\uploads\https:\images.unsplash.com\photo-1600210492486-724fe5c67fb0?w=1280&q=90'
    at async Object.unlink (node:internal/fs/promises:1067:10)
    at async ImageService.deleteImage (C:\Users\khade\OneDrive\Placment\Final Year VD Project\backend\src\services\imageService.ts:110:13)
    at async DesignController.delete (C:\Users\khade\OneDrive\Placment\Final Year VD Project\backend\src\controllers\designController.ts:173:17)
2026-02-20 05:34:37 [error]: Failed to read input image: /uploads/originals/dev-user-001/c0ac94ab-6a43-4099-84ea-0e1047876599.jpg — ENOENT: no such file or directory, open 'C:\uploads\originals\dev-user-001\c0ac94ab-6a43-4099-84ea-0e1047876599.jpg'
2026-02-20 05:34:37 [error]: ❌ Gemini image generation failed: Could not load room image: ENOENT: no such file or directory, open 'C:\uploads\originals\dev-user-001\c0ac94ab-6a43-4099-84ea-0e1047876599.jpg'
2026-02-20 05:34:37 [error]: Failed to read input image: /uploads/originals/dev-user-001/5dc102b3-65c9-4dfc-8209-2abd2b67a27e.jpg — ENOENT: no such file or directory, open 'C:\uploads\originals\dev-user-001\5dc102b3-65c9-4dfc-8209-2abd2b67a27e.jpg'
2026-02-20 05:34:37 [error]: ❌ Gemini image generation failed: Could not load room image: ENOENT: no such file or directory, open 'C:\uploads\originals\dev-user-001\5dc102b3-65c9-4dfc-8209-2abd2b67a27e.jpg'
2026-02-20 05:35:07 [error]: Gemini consultation failed: {"error":{"code":429,"message":"You exceeded your current quota, please check your plan and billing details. For more information on this error, head to: https://ai.google.dev/gemini-api/docs/rate-limits. To monitor your current usage, head to: https://ai.dev/rate-limit. \n* Quota exceeded for metric: generativelanguage.googleapis.com/generate_content_free_tier_input_token_count, limit: 0, model: gemini-2.0-flash\n* Quota exceeded for metric: generativelanguage.googleapis.com/generate_content_free_tier_requests, limit: 0, model: gemini-2.0-flash\n* Quota exceeded for metric: generativelanguage.googleapis.com/generate_content_free_tier_requests, limit: 0, model: gemini-2.0-flash\nPlease retry in 55.913500408s.","status":"RESOURCE_EXHAUSTED","details":[{"@type":"type.googleapis.com/google.rpc.Help","links":[{"description":"Learn more about Gemini API quotas","url":"https://ai.google.dev/gemini-api/docs/rate-limits"}]},{"@type":"type.googleapis.com/google.rpc.QuotaFailure","violations":[{"quotaMetric":"generativelanguage.googleapis.com/generate_content_free_tier_input_token_count","quotaId":"GenerateContentInputTokensPerModelPerMinute-FreeTier","quotaDimensions":{"location":"global","model":"gemini-2.0-flash"}},{"quotaMetric":"generativelanguage.googleapis.com/generate_content_free_tier_requests","quotaId":"GenerateRequestsPerMinutePerProjectPerModel-FreeTier","quotaDimensions":{"location":"global","model":"gemini-2.0-flash"}},{"quotaMetric":"generativelanguage.googleapis.com/generate_content_free_tier_requests","quotaId":"GenerateRequestsPerDayPerProjectPerModel-FreeTier","quotaDimensions":{"location":"global","model":"gemini-2.0-flash"}}]},{"@type":"type.googleapis.com/google.rpc.RetryInfo","retryDelay":"55s"}]}}
2026-02-20 05:35:07 [error]: Gemini consultation failed: {"error":{"code":429,"message":"You exceeded your current quota, please check your plan and billing details. For more information on this error, head to: https://ai.google.dev/gemini-api/docs/rate-limits. To monitor your current usage, head to: https://ai.dev/rate-limit. \n* Quota exceeded for metric: generativelanguage.googleapis.com/generate_content_free_tier_requests, limit: 0, model: gemini-2.0-flash\n* Quota exceeded for metric: generativelanguage.googleapis.com/generate_content_free_tier_requests, limit: 0, model: gemini-2.0-flash\n* Quota exceeded for metric: generativelanguage.googleapis.com/generate_content_free_tier_input_token_count, limit: 0, model: gemini-2.0-flash\nPlease retry in 55.902982456s.","status":"RESOURCE_EXHAUSTED","details":[{"@type":"type.googleapis.com/google.rpc.Help","links":[{"description":"Learn more about Gemini API quotas","url":"https://ai.google.dev/gemini-api/docs/rate-limits"}]},{"@type":"type.googleapis.com/google.rpc.QuotaFailure","violations":[{"quotaMetric":"generativelanguage.googleapis.com/generate_content_free_tier_requests","quotaId":"GenerateRequestsPerDayPerProjectPerModel-FreeTier","quotaDimensions":{"location":"global","model":"gemini-2.0-flash"}},{"quotaMetric":"generativelanguage.googleapis.com/generate_content_free_tier_requests","quotaId":"GenerateRequestsPerMinutePerProjectPerModel-FreeTier","quotaDimensions":{"location":"global","model":"gemini-2.0-flash"}},{"quotaMetric":"generativelanguage.googleapis.com/generate_content_free_tier_input_token_count","quotaId":"GenerateContentInputTokensPerModelPerMinute-FreeTier","quotaDimensions":{"model":"gemini-2.0-flash","location":"global"}}]},{"@type":"type.googleapis.com/google.rpc.RetryInfo","retryDelay":"55s"}]}}
2026-02-20 06:05:20 [error]: Error: ENOENT: no such file or directory, unlink 'C:\uploads\originals\dev-user-001\c0ac94ab-6a43-4099-84ea-0e1047876599.jpg'
    at async Object.unlink (node:internal/fs/promises:1067:10)
    at async ImageService.deleteImage (C:\Users\khade\OneDrive\Placment\Final Year VD Project\backend\src\services\imageService.ts:110:13)
    at async DesignController.delete (C:\Users\khade\OneDrive\Placment\Final Year VD Project\backend\src\controllers\designController.ts:171:13)
2026-02-20 06:05:20 [error]: Error: ENOENT: no such file or directory, unlink 'C:\Users\khade\OneDrive\Placment\Final Year VD Project\backend\uploads\https:\images.unsplash.com\photo-1598928506311-c55ded91a20c?w=1280&q=90'
    at async Object.unlink (node:internal/fs/promises:1067:10)
    at async ImageService.deleteImage (C:\Users\khade\OneDrive\Placment\Final Year VD Project\backend\src\services\imageService.ts:110:13)
    at async DesignController.delete (C:\Users\khade\OneDrive\Placment\Final Year VD Project\backend\src\controllers\designController.ts:173:17)
2026-02-20 06:05:23 [error]: Error: ENOENT: no such file or directory, unlink 'C:\uploads\originals\dev-user-001\5dc102b3-65c9-4dfc-8209-2abd2b67a27e.jpg'
    at async Object.unlink (node:internal/fs/promises:1067:10)
    at async ImageService.deleteImage (C:\Users\khade\OneDrive\Placment\Final Year VD Project\backend\src\services\imageService.ts:110:13)
    at async DesignController.delete (C:\Users\khade\OneDrive\Placment\Final Year VD Project\backend\src\controllers\designController.ts:171:13)
2026-02-20 06:05:23 [error]: Error: ENOENT: no such file or directory, unlink 'C:\Users\khade\OneDrive\Placment\Final Year VD Project\backend\uploads\https:\images.unsplash.com\photo-1615529182904-14819c35db37?w=1280&q=90'
    at async Object.unlink (node:internal/fs/promises:1067:10)
    at async ImageService.deleteImage (C:\Users\khade\OneDrive\Placment\Final Year VD Project\backend\src\services\imageService.ts:110:13)
    at async DesignController.delete (C:\Users\khade\OneDrive\Placment\Final Year VD Project\backend\src\controllers\designController.ts:173:17)
2026-02-20 06:06:36 [error]: Failed to read input image: /uploads/originals/dev-user-001/ca302f5a-e102-4403-a0f6-4266371c76c2.webp — ENOENT: no such file or directory, open 'C:\uploads\originals\dev-user-001\ca302f5a-e102-4403-a0f6-4266371c76c2.webp'
2026-02-20 06:06:36 [error]: ❌ Gemini image generation failed: Could not load room image: ENOENT: no such file or directory, open 'C:\uploads\originals\dev-user-001\ca302f5a-e102-4403-a0f6-4266371c76c2.webp'
2026-02-20 06:06:36 [error]: Failed to read input image: /uploads/originals/dev-user-001/6521852a-1cf6-4466-a4da-8745d6959837.webp — ENOENT: no such file or directory, open 'C:\uploads\originals\dev-user-001\6521852a-1cf6-4466-a4da-8745d6959837.webp'
2026-02-20 06:06:36 [error]: ❌ Gemini image generation failed: Could not load room image: ENOENT: no such file or directory, open 'C:\uploads\originals\dev-user-001\6521852a-1cf6-4466-a4da-8745d6959837.webp'
2026-02-20 06:07:07 [error]: Gemini consultation failed: {"error":{"code":429,"message":"You exceeded your current quota, please check your plan and billing details. For more information on this error, head to: https://ai.google.dev/gemini-api/docs/rate-limits. To monitor your current usage, head to: https://ai.dev/rate-limit. \n* Quota exceeded for metric: generativelanguage.googleapis.com/generate_content_free_tier_requests, limit: 0, model: gemini-2.0-flash\n* Quota exceeded for metric: generativelanguage.googleapis.com/generate_content_free_tier_requests, limit: 0, model: gemini-2.0-flash\n* Quota exceeded for metric: generativelanguage.googleapis.com/generate_content_free_tier_input_token_count, limit: 0, model: gemini-2.0-flash\nPlease retry in 56.130520053s.","status":"RESOURCE_EXHAUSTED","details":[{"@type":"type.googleapis.com/google.rpc.Help","links":[{"description":"Learn more about Gemini API quotas","url":"https://ai.google.dev/gemini-api/docs/rate-limits"}]},{"@type":"type.googleapis.com/google.rpc.QuotaFailure","violations":[{"quotaMetric":"generativelanguage.googleapis.com/generate_content_free_tier_requests","quotaId":"GenerateRequestsPerDayPerProjectPerModel-FreeTier","quotaDimensions":{"location":"global","model":"gemini-2.0-flash"}},{"quotaMetric":"generativelanguage.googleapis.com/generate_content_free_tier_requests","quotaId":"GenerateRequestsPerMinutePerProjectPerModel-FreeTier","quotaDimensions":{"model":"gemini-2.0-flash","location":"global"}},{"quotaMetric":"generativelanguage.googleapis.com/generate_content_free_tier_input_token_count","quotaId":"GenerateContentInputTokensPerModelPerMinute-FreeTier","quotaDimensions":{"model":"gemini-2.0-flash","location":"global"}}]},{"@type":"type.googleapis.com/google.rpc.RetryInfo","retryDelay":"56s"}]}}
2026-02-20 06:07:07 [error]: Gemini consultation failed: {"error":{"code":429,"message":"You exceeded your current quota, please check your plan and billing details. For more information on this error, head to: https://ai.google.dev/gemini-api/docs/rate-limits. To monitor your current usage, head to: https://ai.dev/rate-limit. \n* Quota exceeded for metric: generativelanguage.googleapis.com/generate_content_free_tier_requests, limit: 0, model: gemini-2.0-flash\n* Quota exceeded for metric: generativelanguage.googleapis.com/generate_content_free_tier_requests, limit: 0, model: gemini-2.0-flash\n* Quota exceeded for metric: generativelanguage.googleapis.com/generate_content_free_tier_input_token_count, limit: 0, model: gemini-2.0-flash\nPlease retry in 55.825995843s.","status":"RESOURCE_EXHAUSTED","details":[{"@type":"type.googleapis.com/google.rpc.Help","links":[{"description":"Learn more about Gemini API quotas","url":"https://ai.google.dev/gemini-api/docs/rate-limits"}]},{"@type":"type.googleapis.com/google.rpc.QuotaFailure","violations":[{"quotaMetric":"generativelanguage.googleapis.com/generate_content_free_tier_requests","quotaId":"GenerateRequestsPerDayPerProjectPerModel-FreeTier","quotaDimensions":{"model":"gemini-2.0-flash","location":"global"}},{"quotaMetric":"generativelanguage.googleapis.com/generate_content_free_tier_requests","quotaId":"GenerateRequestsPerMinutePerProjectPerModel-FreeTier","quotaDimensions":{"location":"global","model":"gemini-2.0-flash"}},{"quotaMetric":"generativelanguage.googleapis.com/generate_content_free_tier_input_token_count","quotaId":"GenerateContentInputTokensPerModelPerMinute-FreeTier","quotaDimensions":{"location":"global","model":"gemini-2.0-flash"}}]},{"@type":"type.googleapis.com/google.rpc.RetryInfo","retryDelay":"55s"}]}}
2026-02-20 09:28:31 [error]: Error: ENOENT: no such file or directory, unlink 'C:\uploads\originals\dev-user-001\ca302f5a-e102-4403-a0f6-4266371c76c2.webp'
    at async Object.unlink (node:internal/fs/promises:1067:10)
    at async ImageService.deleteImage (C:\Users\khade\OneDrive\Placment\Final Year VD Project\backend\src\services\imageService.ts:110:13)
    at async DesignController.delete (C:\Users\khade\OneDrive\Placment\Final Year VD Project\backend\src\controllers\designController.ts:171:13)
2026-02-20 09:28:31 [error]: Error: ENOENT: no such file or directory, unlink 'C:\Users\khade\OneDrive\Placment\Final Year VD Project\backend\uploads\https:\images.unsplash.com\photo-1600210491892-03d54c0aaf87?w=1280&q=90'
    at async Object.unlink (node:internal/fs/promises:1067:10)
    at async ImageService.deleteImage (C:\Users\khade\OneDrive\Placment\Final Year VD Project\backend\src\services\imageService.ts:110:13)
    at async DesignController.delete (C:\Users\khade\OneDrive\Placment\Final Year VD Project\backend\src\controllers\designController.ts:173:17)
2026-02-20 09:28:33 [error]: Error: ENOENT: no such file or directory, unlink 'C:\uploads\originals\dev-user-001\6521852a-1cf6-4466-a4da-8745d6959837.webp'
    at async Object.unlink (node:internal/fs/promises:1067:10)
    at async ImageService.deleteImage (C:\Users\khade\OneDrive\Placment\Final Year VD Project\backend\src\services\imageService.ts:110:13)
    at async DesignController.delete (C:\Users\khade\OneDrive\Placment\Final Year VD Project\backend\src\controllers\designController.ts:171:13)
2026-02-20 09:28:33 [error]: Error: ENOENT: no such file or directory, unlink 'C:\Users\khade\OneDrive\Placment\Final Year VD Project\backend\uploads\https:\images.unsplash.com\photo-1618221195710-dd6b41faaea6?w=1280&q=90'
    at async Object.unlink (node:internal/fs/promises:1067:10)
    at async ImageService.deleteImage (C:\Users\khade\OneDrive\Placment\Final Year VD Project\backend\src\services\imageService.ts:110:13)
    at async DesignController.delete (C:\Users\khade\OneDrive\Placment\Final Year VD Project\backend\src\controllers\designController.ts:173:17)
2026-02-20 09:29:37 [error]: Failed to read input image: /uploads/originals/dev-user-001/edab879f-5dd3-44ff-b1c3-0df1b30eee0f.jpg — ENOENT: no such file or directory, open 'C:\uploads\originals\dev-user-001\edab879f-5dd3-44ff-b1c3-0df1b30eee0f.jpg'
2026-02-20 09:29:37 [error]: ❌ Gemini image generation failed: Could not load room image: ENOENT: no such file or directory, open 'C:\uploads\originals\dev-user-001\edab879f-5dd3-44ff-b1c3-0df1b30eee0f.jpg'
2026-02-20 09:29:37 [error]: Failed to read input image: /uploads/originals/dev-user-001/3bfbfb4e-879e-4a52-9a7b-7fe300aa47a5.jpg — ENOENT: no such file or directory, open 'C:\uploads\originals\dev-user-001\3bfbfb4e-879e-4a52-9a7b-7fe300aa47a5.jpg'
2026-02-20 09:29:37 [error]: ❌ Gemini image generation failed: Could not load room image: ENOENT: no such file or directory, open 'C:\uploads\originals\dev-user-001\3bfbfb4e-879e-4a52-9a7b-7fe300aa47a5.jpg'
2026-02-20 09:30:08 [error]: Gemini consultation failed: {"error":{"code":429,"message":"You exceeded your current quota, please check your plan and billing details. For more information on this error, head to: https://ai.google.dev/gemini-api/docs/rate-limits. To monitor your current usage, head to: https://ai.dev/rate-limit. \n* Quota exceeded for metric: generativelanguage.googleapis.com/generate_content_free_tier_input_token_count, limit: 0, model: gemini-2.0-flash\n* Quota exceeded for metric: generativelanguage.googleapis.com/generate_content_free_tier_requests, limit: 0, model: gemini-2.0-flash\n* Quota exceeded for metric: generativelanguage.googleapis.com/generate_content_free_tier_requests, limit: 0, model: gemini-2.0-flash\nPlease retry in 54.92092862s.","status":"RESOURCE_EXHAUSTED","details":[{"@type":"type.googleapis.com/google.rpc.Help","links":[{"description":"Learn more about Gemini API quotas","url":"https://ai.google.dev/gemini-api/docs/rate-limits"}]},{"@type":"type.googleapis.com/google.rpc.QuotaFailure","violations":[{"quotaMetric":"generativelanguage.googleapis.com/generate_content_free_tier_input_token_count","quotaId":"GenerateContentInputTokensPerModelPerMinute-FreeTier","quotaDimensions":{"location":"global","model":"gemini-2.0-flash"}},{"quotaMetric":"generativelanguage.googleapis.com/generate_content_free_tier_requests","quotaId":"GenerateRequestsPerMinutePerProjectPerModel-FreeTier","quotaDimensions":{"location":"global","model":"gemini-2.0-flash"}},{"quotaMetric":"generativelanguage.googleapis.com/generate_content_free_tier_requests","quotaId":"GenerateRequestsPerDayPerProjectPerModel-FreeTier","quotaDimensions":{"location":"global","model":"gemini-2.0-flash"}}]},{"@type":"type.googleapis.com/google.rpc.RetryInfo","retryDelay":"54s"}]}}
2026-02-20 09:30:08 [error]: Gemini consultation failed: {"error":{"code":429,"message":"You exceeded your current quota, please check your plan and billing details. For more information on this error, head to: https://ai.google.dev/gemini-api/docs/rate-limits. To monitor your current usage, head to: https://ai.dev/rate-limit. \n* Quota exceeded for metric: generativelanguage.googleapis.com/generate_content_free_tier_input_token_count, limit: 0, model: gemini-2.0-flash\n* Quota exceeded for metric: generativelanguage.googleapis.com/generate_content_free_tier_requests, limit: 0, model: gemini-2.0-flash\n* Quota exceeded for metric: generativelanguage.googleapis.com/generate_content_free_tier_requests, limit: 0, model: gemini-2.0-flash\nPlease retry in 54.61749294s.","status":"RESOURCE_EXHAUSTED","details":[{"@type":"type.googleapis.com/google.rpc.Help","links":[{"description":"Learn more about Gemini API quotas","url":"https://ai.google.dev/gemini-api/docs/rate-limits"}]},{"@type":"type.googleapis.com/google.rpc.QuotaFailure","violations":[{"quotaMetric":"generativelanguage.googleapis.com/generate_content_free_tier_input_token_count","quotaId":"GenerateContentInputTokensPerModelPerMinute-FreeTier","quotaDimensions":{"location":"global","model":"gemini-2.0-flash"}},{"quotaMetric":"generativelanguage.googleapis.com/generate_content_free_tier_requests","quotaId":"GenerateRequestsPerMinutePerProjectPerModel-FreeTier","quotaDimensions":{"model":"gemini-2.0-flash","location":"global"}},{"quotaMetric":"generativelanguage.googleapis.com/generate_content_free_tier_requests","quotaId":"GenerateRequestsPerDayPerProjectPerModel-FreeTier","quotaDimensions":{"model":"gemini-2.0-flash","location":"global"}}]},{"@type":"type.googleapis.com/google.rpc.RetryInfo","retryDelay":"54s"}]}}
2026-02-20 09:30:44 [error]: Error: ENOENT: no such file or directory, unlink 'C:\uploads\originals\dev-user-001\edab879f-5dd3-44ff-b1c3-0df1b30eee0f.jpg'
    at async Object.unlink (node:internal/fs/promises:1067:10)
    at async ImageService.deleteImage (C:\Users\khade\OneDrive\Placment\Final Year VD Project\backend\src\services\imageService.ts:110:13)
    at async DesignController.delete (C:\Users\khade\OneDrive\Placment\Final Year VD Project\backend\src\controllers\designController.ts:171:13)
2026-02-20 09:30:44 [error]: Error: ENOENT: no such file or directory, unlink 'C:\Users\khade\OneDrive\Placment\Final Year VD Project\backend\uploads\https:\images.unsplash.com\photo-1614607242094-b1b2cf769ff3?w=1280&q=90'
    at async Object.unlink (node:internal/fs/promises:1067:10)
    at async ImageService.deleteImage (C:\Users\khade\OneDrive\Placment\Final Year VD Project\backend\src\services\imageService.ts:110:13)
    at async DesignController.delete (C:\Users\khade\OneDrive\Placment\Final Year VD Project\backend\src\controllers\designController.ts:173:17)
2026-02-20 09:30:50 [error]: Error: ENOENT: no such file or directory, unlink 'C:\uploads\originals\dev-user-001\3bfbfb4e-879e-4a52-9a7b-7fe300aa47a5.jpg'
    at async Object.unlink (node:internal/fs/promises:1067:10)
    at async ImageService.deleteImage (C:\Users\khade\OneDrive\Placment\Final Year VD Project\backend\src\services\imageService.ts:110:13)
    at async DesignController.delete (C:\Users\khade\OneDrive\Placment\Final Year VD Project\backend\src\controllers\designController.ts:171:13)
2026-02-20 09:30:50 [error]: Error: ENOENT: no such file or directory, unlink 'C:\Users\khade\OneDrive\Placment\Final Year VD Project\backend\uploads\https:\images.unsplash.com\photo-1493809842364-78817add7ffb?w=1280&q=90'
    at async Object.unlink (node:internal/fs/promises:1067:10)
    at async ImageService.deleteImage (C:\Users\khade\OneDrive\Placment\Final Year VD Project\backend\src\services\imageService.ts:110:13)
    at async DesignController.delete (C:\Users\khade\OneDrive\Placment\Final Year VD Project\backend\src\controllers\designController.ts:173:17)
2026-02-20 09:31:33 [error]: Failed to read input image: /uploads/originals/dev-user-001/ea42dbc3-1d70-4b06-89aa-c98fa862dbb4.webp — ENOENT: no such file or directory, open 'C:\uploads\originals\dev-user-001\ea42dbc3-1d70-4b06-89aa-c98fa862dbb4.webp'
2026-02-20 09:31:33 [error]: ❌ Gemini image generation failed: Could not load room image: ENOENT: no such file or directory, open 'C:\uploads\originals\dev-user-001\ea42dbc3-1d70-4b06-89aa-c98fa862dbb4.webp'
2026-02-20 09:31:33 [error]: Failed to read input image: /uploads/originals/dev-user-001/742c5eb7-8f83-43f7-8ad7-3afae7fe3a94.webp — ENOENT: no such file or directory, open 'C:\uploads\originals\dev-user-001\742c5eb7-8f83-43f7-8ad7-3afae7fe3a94.webp'
2026-02-20 09:31:33 [error]: ❌ Gemini image generation failed: Could not load room image: ENOENT: no such file or directory, open 'C:\uploads\originals\dev-user-001\742c5eb7-8f83-43f7-8ad7-3afae7fe3a94.webp'
2026-02-20 09:32:04 [error]: Gemini consultation failed: {"error":{"code":429,"message":"You exceeded your current quota, please check your plan and billing details. For more information on this error, head to: https://ai.google.dev/gemini-api/docs/rate-limits. To monitor your current usage, head to: https://ai.dev/rate-limit. \n* Quota exceeded for metric: generativelanguage.googleapis.com/generate_content_free_tier_requests, limit: 0, model: gemini-2.0-flash\n* Quota exceeded for metric: generativelanguage.googleapis.com/generate_content_free_tier_requests, limit: 0, model: gemini-2.0-flash\n* Quota exceeded for metric: generativelanguage.googleapis.com/generate_content_free_tier_input_token_count, limit: 0, model: gemini-2.0-flash\nPlease retry in 59.04367257s.","status":"RESOURCE_EXHAUSTED","details":[{"@type":"type.googleapis.com/google.rpc.Help","links":[{"description":"Learn more about Gemini API quotas","url":"https://ai.google.dev/gemini-api/docs/rate-limits"}]},{"@type":"type.googleapis.com/google.rpc.QuotaFailure","violations":[{"quotaMetric":"generativelanguage.googleapis.com/generate_content_free_tier_requests","quotaId":"GenerateRequestsPerDayPerProjectPerModel-FreeTier","quotaDimensions":{"location":"global","model":"gemini-2.0-flash"}},{"quotaMetric":"generativelanguage.googleapis.com/generate_content_free_tier_requests","quotaId":"GenerateRequestsPerMinutePerProjectPerModel-FreeTier","quotaDimensions":{"location":"global","model":"gemini-2.0-flash"}},{"quotaMetric":"generativelanguage.googleapis.com/generate_content_free_tier_input_token_count","quotaId":"GenerateContentInputTokensPerModelPerMinute-FreeTier","quotaDimensions":{"location":"global","model":"gemini-2.0-flash"}}]},{"@type":"type.googleapis.com/google.rpc.RetryInfo","retryDelay":"59s"}]}}
2026-02-20 09:32:04 [error]: Gemini consultation failed: {"error":{"code":429,"message":"You exceeded your current quota, please check your plan and billing details. For more information on this error, head to: https://ai.google.dev/gemini-api/docs/rate-limits. To monitor your current usage, head to: https://ai.dev/rate-limit. \n* Quota exceeded for metric: generativelanguage.googleapis.com/generate_content_free_tier_requests, limit: 0, model: gemini-2.0-flash\n* Quota exceeded for metric: generativelanguage.googleapis.com/generate_content_free_tier_requests, limit: 0, model: gemini-2.0-flash\n* Quota exceeded for metric: generativelanguage.googleapis.com/generate_content_free_tier_input_token_count, limit: 0, model: gemini-2.0-flash\nPlease retry in 58.738647675s.","status":"RESOURCE_EXHAUSTED","details":[{"@type":"type.googleapis.com/google.rpc.Help","links":[{"description":"Learn more about Gemini API quotas","url":"https://ai.google.dev/gemini-api/docs/rate-limits"}]},{"@type":"type.googleapis.com/google.rpc.QuotaFailure","violations":[{"quotaMetric":"generativelanguage.googleapis.com/generate_content_free_tier_requests","quotaId":"GenerateRequestsPerDayPerProjectPerModel-FreeTier","quotaDimensions":{"model":"gemini-2.0-flash","location":"global"}},{"quotaMetric":"generativelanguage.googleapis.com/generate_content_free_tier_requests","quotaId":"GenerateRequestsPerMinutePerProjectPerModel-FreeTier","quotaDimensions":{"location":"global","model":"gemini-2.0-flash"}},{"quotaMetric":"generativelanguage.googleapis.com/generate_content_free_tier_input_token_count","quotaId":"GenerateContentInputTokensPerModelPerMinute-FreeTier","quotaDimensions":{"location":"global","model":"gemini-2.0-flash"}}]},{"@type":"type.googleapis.com/google.rpc.RetryInfo","retryDelay":"58s"}]}}
2026-03-01 13:42:57 [error]: Failed to read input image: /uploads/originals/dev-user-001/4933d037-e892-440a-a7b7-51e5b91ad3d5.png — ENOENT: no such file or directory, open 'C:\uploads\originals\dev-user-001\4933d037-e892-440a-a7b7-51e5b91ad3d5.png'
2026-03-01 13:42:57 [error]: ❌ Gemini image generation failed: Could not load room image: ENOENT: no such file or directory, open 'C:\uploads\originals\dev-user-001\4933d037-e892-440a-a7b7-51e5b91ad3d5.png'
2026-03-01 13:42:57 [error]: Failed to read input image: /uploads/originals/dev-user-001/b04b99c7-41b2-4ee4-b6b5-f1d4d6b88daa.png — ENOENT: no such file or directory, open 'C:\uploads\originals\dev-user-001\b04b99c7-41b2-4ee4-b6b5-f1d4d6b88daa.png'
2026-03-01 13:42:57 [error]: ❌ Gemini image generation failed: Could not load room image: ENOENT: no such file or directory, open 'C:\uploads\originals\dev-user-001\b04b99c7-41b2-4ee4-b6b5-f1d4d6b88daa.png'
2026-03-07 19:14:47 [error]: Failed to read input image: /uploads/originals/dev-user-001/bfb3328e-8f5e-4804-ad95-5fd7396c9c6b.webp — ENOENT: no such file or directory, open 'C:\uploads\originals\dev-user-001\bfb3328e-8f5e-4804-ad95-5fd7396c9c6b.webp'
2026-03-07 19:14:47 [error]: ❌ Provider 1 (Gemini) failed: Could not load room image: ENOENT: no such file or directory, open 'C:\uploads\originals\dev-user-001\bfb3328e-8f5e-4804-ad95-5fd7396c9c6b.webp'
2026-03-07 19:14:47 [error]: Failed to read input image: /uploads/originals/dev-user-001/bfb3328e-8f5e-4804-ad95-5fd7396c9c6b.webp — ENOENT: no such file or directory, open 'C:\uploads\originals\dev-user-001\bfb3328e-8f5e-4804-ad95-5fd7396c9c6b.webp'
2026-03-07 19:14:47 [error]: HF instruct-pix2pix completely failed: Could not load room image: ENOENT: no such file or directory, open 'C:\uploads\originals\dev-user-001\bfb3328e-8f5e-4804-ad95-5fd7396c9c6b.webp'
2026-03-07 19:14:47 [error]: Failed to read input image: /uploads/originals/dev-user-001/ce0e8bb1-f123-42f3-aa15-30529a73fcbc.webp — ENOENT: no such file or directory, open 'C:\uploads\originals\dev-user-001\ce0e8bb1-f123-42f3-aa15-30529a73fcbc.webp'
2026-03-07 19:14:47 [error]: ❌ Provider 1 (Gemini) failed: Could not load room image: ENOENT: no such file or directory, open 'C:\uploads\originals\dev-user-001\ce0e8bb1-f123-42f3-aa15-30529a73fcbc.webp'
2026-03-07 19:14:47 [error]: Failed to read input image: /uploads/originals/dev-user-001/ce0e8bb1-f123-42f3-aa15-30529a73fcbc.webp — ENOENT: no such file or directory, open 'C:\uploads\originals\dev-user-001\ce0e8bb1-f123-42f3-aa15-30529a73fcbc.webp'
2026-03-07 19:14:47 [error]: HF instruct-pix2pix completely failed: Could not load room image: ENOENT: no such file or directory, open 'C:\uploads\originals\dev-user-001\ce0e8bb1-f123-42f3-aa15-30529a73fcbc.webp'
2026-03-07 19:15:29 [error]: Gemini consultation failed: {"error":{"code":429,"message":"You exceeded your current quota, please check your plan and billing details. For more information on this error, head to: https://ai.google.dev/gemini-api/docs/rate-limits. To monitor your current usage, head to: https://ai.dev/rate-limit. \n* Quota exceeded for metric: generativelanguage.googleapis.com/generate_content_free_tier_input_token_count, limit: 0, model: gemini-2.0-flash\n* Quota exceeded for metric: generativelanguage.googleapis.com/generate_content_free_tier_requests, limit: 0, model: gemini-2.0-flash\n* Quota exceeded for metric: generativelanguage.googleapis.com/generate_content_free_tier_requests, limit: 0, model: gemini-2.0-flash\nPlease retry in 30.930481468s.","status":"RESOURCE_EXHAUSTED","details":[{"@type":"type.googleapis.com/google.rpc.Help","links":[{"description":"Learn more about Gemini API quotas","url":"https://ai.google.dev/gemini-api/docs/rate-limits"}]},{"@type":"type.googleapis.com/google.rpc.QuotaFailure","violations":[{"quotaMetric":"generativelanguage.googleapis.com/generate_content_free_tier_input_token_count","quotaId":"GenerateContentInputTokensPerModelPerMinute-FreeTier","quotaDimensions":{"location":"global","model":"gemini-2.0-flash"}},{"quotaMetric":"generativelanguage.googleapis.com/generate_content_free_tier_requests","quotaId":"GenerateRequestsPerMinutePerProjectPerModel-FreeTier","quotaDimensions":{"location":"global","model":"gemini-2.0-flash"}},{"quotaMetric":"generativelanguage.googleapis.com/generate_content_free_tier_requests","quotaId":"GenerateRequestsPerDayPerProjectPerModel-FreeTier","quotaDimensions":{"location":"global","model":"gemini-2.0-flash"}}]},{"@type":"type.googleapis.com/google.rpc.RetryInfo","retryDelay":"30s"}]}}
2026-03-07 19:15:29 [error]: Gemini consultation failed: {"error":{"code":429,"message":"You exceeded your current quota, please check your plan and billing details. For more information on this error, head to: https://ai.google.dev/gemini-api/docs/rate-limits. To monitor your current usage, head to: https://ai.dev/rate-limit. \n* Quota exceeded for metric: generativelanguage.googleapis.com/generate_content_free_tier_requests, limit: 0, model: gemini-2.0-flash\n* Quota exceeded for metric: generativelanguage.googleapis.com/generate_content_free_tier_requests, limit: 0, model: gemini-2.0-flash\n* Quota exceeded for metric: generativelanguage.googleapis.com/generate_content_free_tier_input_token_count, limit: 0, model: gemini-2.0-flash\nPlease retry in 30.485210466s.","status":"RESOURCE_EXHAUSTED","details":[{"@type":"type.googleapis.com/google.rpc.Help","links":[{"description":"Learn more about Gemini API quotas","url":"https://ai.google.dev/gemini-api/docs/rate-limits"}]},{"@type":"type.googleapis.com/google.rpc.QuotaFailure","violations":[{"quotaMetric":"generativelanguage.googleapis.com/generate_content_free_tier_requests","quotaId":"GenerateRequestsPerDayPerProjectPerModel-FreeTier","quotaDimensions":{"model":"gemini-2.0-flash","location":"global"}},{"quotaMetric":"generativelanguage.googleapis.com/generate_content_free_tier_requests","quotaId":"GenerateRequestsPerMinutePerProjectPerModel-FreeTier","quotaDimensions":{"model":"gemini-2.0-flash","location":"global"}},{"quotaMetric":"generativelanguage.googleapis.com/generate_content_free_tier_input_token_count","quotaId":"GenerateContentInputTokensPerModelPerMinute-FreeTier","quotaDimensions":{"model":"gemini-2.0-flash","location":"global"}}]},{"@type":"type.googleapis.com/google.rpc.RetryInfo","retryDelay":"30s"}]}}
2026-03-07 19:16:10 [error]: Error: ENOENT: no such file or directory, unlink 'C:\uploads\originals\dev-user-001\742c5eb7-8f83-43f7-8ad7-3afae7fe3a94.webp'
    at async Object.unlink (node:internal/fs/promises:1067:10)
    at async ImageService.deleteImage (C:\Users\khade\OneDrive\Placment\Final Year VD Project\backend\src\services\imageService.ts:110:13)
    at async DesignController.delete (C:\Users\khade\OneDrive\Placment\Final Year VD Project\backend\src\controllers\designController.ts:171:13)
2026-03-07 19:16:10 [error]: Error: ENOENT: no such file or directory, unlink 'C:\Users\khade\OneDrive\Placment\Final Year VD Project\backend\uploads\https:\images.unsplash.com\photo-1600607687937-45a94f01be33?w=1280&q=90'
    at async Object.unlink (node:internal/fs/promises:1067:10)
    at async ImageService.deleteImage (C:\Users\khade\OneDrive\Placment\Final Year VD Project\backend\src\services\imageService.ts:110:13)
    at async DesignController.delete (C:\Users\khade\OneDrive\Placment\Final Year VD Project\backend\src\controllers\designController.ts:173:17)
2026-03-07 19:16:13 [error]: Error: ENOENT: no such file or directory, unlink 'C:\uploads\originals\dev-user-001\ea42dbc3-1d70-4b06-89aa-c98fa862dbb4.webp'
    at async Object.unlink (node:internal/fs/promises:1067:10)
    at async ImageService.deleteImage (C:\Users\khade\OneDrive\Placment\Final Year VD Project\backend\src\services\imageService.ts:110:13)
    at async DesignController.delete (C:\Users\khade\OneDrive\Placment\Final Year VD Project\backend\src\controllers\designController.ts:171:13)
2026-03-07 19:16:13 [error]: Error: ENOENT: no such file or directory, unlink 'C:\Users\khade\OneDrive\Placment\Final Year VD Project\backend\uploads\https:\images.unsplash.com\photo-1600607687937-45a94f01be33?w=1280&q=90'
    at async Object.unlink (node:internal/fs/promises:1067:10)
    at async ImageService.deleteImage (C:\Users\khade\OneDrive\Placment\Final Year VD Project\backend\src\services\imageService.ts:110:13)
    at async DesignController.delete (C:\Users\khade\OneDrive\Placment\Final Year VD Project\backend\src\controllers\designController.ts:173:17)
2026-03-07 19:16:24 [error]: Error: ENOENT: no such file or directory, unlink 'C:\uploads\originals\dev-user-001\ce0e8bb1-f123-42f3-aa15-30529a73fcbc.webp'
    at async Object.unlink (node:internal/fs/promises:1067:10)
    at async ImageService.deleteImage (C:\Users\khade\OneDrive\Placment\Final Year VD Project\backend\src\services\imageService.ts:110:13)
    at async DesignController.delete (C:\Users\khade\OneDrive\Placment\Final Year VD Project\backend\src\controllers\designController.ts:171:13)
2026-03-07 19:16:24 [error]: Error: ENOENT: no such file or directory, unlink 'C:\uploads\generated\ai-13117ee3-69ec-4d7c-841a-46d6563f3a8d.jpg'
    at async Object.unlink (node:internal/fs/promises:1067:10)
    at async ImageService.deleteImage (C:\Users\khade\OneDrive\Placment\Final Year VD Project\backend\src\services\imageService.ts:110:13)
    at async DesignController.delete (C:\Users\khade\OneDrive\Placment\Final Year VD Project\backend\src\controllers\designController.ts:173:17)
2026-03-07 19:16:30 [error]: Error: ENOENT: no such file or directory, unlink 'C:\uploads\originals\dev-user-001\bfb3328e-8f5e-4804-ad95-5fd7396c9c6b.webp'
    at async Object.unlink (node:internal/fs/promises:1067:10)
    at async ImageService.deleteImage (C:\Users\khade\OneDrive\Placment\Final Year VD Project\backend\src\services\imageService.ts:110:13)
    at async DesignController.delete (C:\Users\khade\OneDrive\Placment\Final Year VD Project\backend\src\controllers\designController.ts:171:13)
2026-03-07 19:16:30 [error]: Error: ENOENT: no such file or directory, unlink 'C:\uploads\generated\ai-ecb398f5-8c62-4ab4-ac67-40ae482c0069.jpg'
    at async Object.unlink (node:internal/fs/promises:1067:10)
    at async ImageService.deleteImage (C:\Users\khade\OneDrive\Placment\Final Year VD Project\backend\src\services\imageService.ts:110:13)
    at async DesignController.delete (C:\Users\khade\OneDrive\Placment\Final Year VD Project\backend\src\controllers\designController.ts:173:17)
2026-03-07 19:22:26 [error]: Failed to read input image: /uploads/originals/dev-user-001/fccfb6dc-d4ca-413f-925d-9054a5c36303.jpeg — ENOENT: no such file or directory, open 'C:\uploads\originals\dev-user-001\fccfb6dc-d4ca-413f-925d-9054a5c36303.jpeg'
2026-03-07 19:22:26 [error]: ❌ Provider 1 (Gemini) failed: Could not load room image: ENOENT: no such file or directory, open 'C:\uploads\originals\dev-user-001\fccfb6dc-d4ca-413f-925d-9054a5c36303.jpeg'
2026-03-07 19:22:26 [error]: Failed to read input image: /uploads/originals/dev-user-001/fccfb6dc-d4ca-413f-925d-9054a5c36303.jpeg — ENOENT: no such file or directory, open 'C:\uploads\originals\dev-user-001\fccfb6dc-d4ca-413f-925d-9054a5c36303.jpeg'
2026-03-07 19:22:26 [error]: HF instruct-pix2pix completely failed: Could not load room image: ENOENT: no such file or directory, open 'C:\uploads\originals\dev-user-001\fccfb6dc-d4ca-413f-925d-9054a5c36303.jpeg'
2026-03-07 19:22:26 [error]: Failed to read input image: /uploads/originals/dev-user-001/1938021b-af9a-45ec-8b1d-8a0033ae96b4.jpeg — ENOENT: no such file or directory, open 'C:\uploads\originals\dev-user-001\1938021b-af9a-45ec-8b1d-8a0033ae96b4.jpeg'
2026-03-07 19:22:26 [error]: ❌ Provider 1 (Gemini) failed: Could not load room image: ENOENT: no such file or directory, open 'C:\uploads\originals\dev-user-001\1938021b-af9a-45ec-8b1d-8a0033ae96b4.jpeg'
2026-03-07 19:22:26 [error]: Failed to read input image: /uploads/originals/dev-user-001/1938021b-af9a-45ec-8b1d-8a0033ae96b4.jpeg — ENOENT: no such file or directory, open 'C:\uploads\originals\dev-user-001\1938021b-af9a-45ec-8b1d-8a0033ae96b4.jpeg'
2026-03-07 19:22:26 [error]: HF instruct-pix2pix completely failed: Could not load room image: ENOENT: no such file or directory, open 'C:\uploads\originals\dev-user-001\1938021b-af9a-45ec-8b1d-8a0033ae96b4.jpeg'
2026-03-07 19:23:07 [error]: Gemini consultation failed: {"error":{"code":429,"message":"You exceeded your current quota, please check your plan and billing details. For more information on this error, head to: https://ai.google.dev/gemini-api/docs/rate-limits. To monitor your current usage, head to: https://ai.dev/rate-limit. \n* Quota exceeded for metric: generativelanguage.googleapis.com/generate_content_free_tier_input_token_count, limit: 0, model: gemini-2.0-flash\n* Quota exceeded for metric: generativelanguage.googleapis.com/generate_content_free_tier_requests, limit: 0, model: gemini-2.0-flash\n* Quota exceeded for metric: generativelanguage.googleapis.com/generate_content_free_tier_requests, limit: 0, model: gemini-2.0-flash\nPlease retry in 52.386977304s.","status":"RESOURCE_EXHAUSTED","details":[{"@type":"type.googleapis.com/google.rpc.Help","links":[{"description":"Learn more about Gemini API quotas","url":"https://ai.google.dev/gemini-api/docs/rate-limits"}]},{"@type":"type.googleapis.com/google.rpc.QuotaFailure","violations":[{"quotaMetric":"generativelanguage.googleapis.com/generate_content_free_tier_input_token_count","quotaId":"GenerateContentInputTokensPerModelPerMinute-FreeTier","quotaDimensions":{"location":"global","model":"gemini-2.0-flash"}},{"quotaMetric":"generativelanguage.googleapis.com/generate_content_free_tier_requests","quotaId":"GenerateRequestsPerMinutePerProjectPerModel-FreeTier","quotaDimensions":{"location":"global","model":"gemini-2.0-flash"}},{"quotaMetric":"generativelanguage.googleapis.com/generate_content_free_tier_requests","quotaId":"GenerateRequestsPerDayPerProjectPerModel-FreeTier","quotaDimensions":{"model":"gemini-2.0-flash","location":"global"}}]},{"@type":"type.googleapis.com/google.rpc.RetryInfo","retryDelay":"52s"}]}}
2026-03-07 19:23:07 [error]: Gemini consultation failed: {"error":{"code":429,"message":"You exceeded your current quota, please check your plan and billing details. For more information on this error, head to: https://ai.google.dev/gemini-api/docs/rate-limits. To monitor your current usage, head to: https://ai.dev/rate-limit. \n* Quota exceeded for metric: generativelanguage.googleapis.com/generate_content_free_tier_input_token_count, limit: 0, model: gemini-2.0-flash\n* Quota exceeded for metric: generativelanguage.googleapis.com/generate_content_free_tier_requests, limit: 0, model: gemini-2.0-flash\n* Quota exceeded for metric: generativelanguage.googleapis.com/generate_content_free_tier_requests, limit: 0, model: gemini-2.0-flash\nPlease retry in 52.381934235s.","status":"RESOURCE_EXHAUSTED","details":[{"@type":"type.googleapis.com/google.rpc.Help","links":[{"description":"Learn more about Gemini API quotas","url":"https://ai.google.dev/gemini-api/docs/rate-limits"}]},{"@type":"type.googleapis.com/google.rpc.QuotaFailure","violations":[{"quotaMetric":"generativelanguage.googleapis.com/generate_content_free_tier_input_token_count","quotaId":"GenerateContentInputTokensPerModelPerMinute-FreeTier","quotaDimensions":{"location":"global","model":"gemini-2.0-flash"}},{"quotaMetric":"generativelanguage.googleapis.com/generate_content_free_tier_requests","quotaId":"GenerateRequestsPerMinutePerProjectPerModel-FreeTier","quotaDimensions":{"location":"global","model":"gemini-2.0-flash"}},{"quotaMetric":"generativelanguage.googleapis.com/generate_content_free_tier_requests","quotaId":"GenerateRequestsPerDayPerProjectPerModel-FreeTier","quotaDimensions":{"location":"global","model":"gemini-2.0-flash"}}]},{"@type":"type.googleapis.com/google.rpc.RetryInfo","retryDelay":"52s"}]}}
2026-03-07 19:24:12 [error]: Error: ENOENT: no such file or directory, unlink 'C:\uploads\originals\dev-user-001\fccfb6dc-d4ca-413f-925d-9054a5c36303.jpeg'
    at async Object.unlink (node:internal/fs/promises:1067:10)
    at async ImageService.deleteImage (C:\Users\khade\OneDrive\Placment\Final Year VD Project\backend\src\services\imageService.ts:110:13)
    at async DesignController.delete (C:\Users\khade\OneDrive\Placment\Final Year VD Project\backend\src\controllers\designController.ts:171:13)
2026-03-07 19:24:12 [error]: Error: ENOENT: no such file or directory, unlink 'C:\uploads\generated\ai-4141a3fa-4b2f-486f-9ca0-12f47a988bc9.jpg'
    at async Object.unlink (node:internal/fs/promises:1067:10)
    at async ImageService.deleteImage (C:\Users\khade\OneDrive\Placment\Final Year VD Project\backend\src\services\imageService.ts:110:13)
    at async DesignController.delete (C:\Users\khade\OneDrive\Placment\Final Year VD Project\backend\src\controllers\designController.ts:173:17)
2026-03-07 19:24:14 [error]: Error: ENOENT: no such file or directory, unlink 'C:\uploads\originals\dev-user-001\1938021b-af9a-45ec-8b1d-8a0033ae96b4.jpeg'
    at async Object.unlink (node:internal/fs/promises:1067:10)
    at async ImageService.deleteImage (C:\Users\khade\OneDrive\Placment\Final Year VD Project\backend\src\services\imageService.ts:110:13)
    at async DesignController.delete (C:\Users\khade\OneDrive\Placment\Final Year VD Project\backend\src\controllers\designController.ts:171:13)
2026-03-07 19:24:14 [error]: Error: ENOENT: no such file or directory, unlink 'C:\uploads\generated\ai-5dbf2b0f-6f0a-494c-9b5b-ca71e68baa70.jpg'
    at async Object.unlink (node:internal/fs/promises:1067:10)
    at async ImageService.deleteImage (C:\Users\khade\OneDrive\Placment\Final Year VD Project\backend\src\services\imageService.ts:110:13)
    at async DesignController.delete (C:\Users\khade\OneDrive\Placment\Final Year VD Project\backend\src\controllers\designController.ts:173:17)
2026-03-07 19:24:45 [error]: Failed to read input image: /uploads/originals/dev-user-001/5999b341-1a29-411c-ae8a-56c14b69928f.jpeg — ENOENT: no such file or directory, open 'C:\uploads\originals\dev-user-001\5999b341-1a29-411c-ae8a-56c14b69928f.jpeg'
2026-03-07 19:24:45 [error]: ❌ Provider 1 (Gemini) failed: Could not load room image: ENOENT: no such file or directory, open 'C:\uploads\originals\dev-user-001\5999b341-1a29-411c-ae8a-56c14b69928f.jpeg'
2026-03-07 19:24:45 [error]: Failed to read input image: /uploads/originals/dev-user-001/4cc3ae95-94a3-494c-af39-97966f08bc89.jpeg — ENOENT: no such file or directory, open 'C:\uploads\originals\dev-user-001\4cc3ae95-94a3-494c-af39-97966f08bc89.jpeg'
2026-03-07 19:24:45 [error]: ❌ Provider 1 (Gemini) failed: Could not load room image: ENOENT: no such file or directory, open 'C:\uploads\originals\dev-user-001\4cc3ae95-94a3-494c-af39-97966f08bc89.jpeg'
2026-03-07 19:24:45 [error]: Failed to read input image: /uploads/originals/dev-user-001/5999b341-1a29-411c-ae8a-56c14b69928f.jpeg — ENOENT: no such file or directory, open 'C:\uploads\originals\dev-user-001\5999b341-1a29-411c-ae8a-56c14b69928f.jpeg'
2026-03-07 19:24:45 [error]: HF instruct-pix2pix completely failed: Could not load room image: ENOENT: no such file or directory, open 'C:\uploads\originals\dev-user-001\5999b341-1a29-411c-ae8a-56c14b69928f.jpeg'
2026-03-07 19:24:45 [error]: Failed to read input image: /uploads/originals/dev-user-001/4cc3ae95-94a3-494c-af39-97966f08bc89.jpeg — ENOENT: no such file or directory, open 'C:\uploads\originals\dev-user-001\4cc3ae95-94a3-494c-af39-97966f08bc89.jpeg'
2026-03-07 19:24:45 [error]: HF instruct-pix2pix completely failed: Could not load room image: ENOENT: no such file or directory, open 'C:\uploads\originals\dev-user-001\4cc3ae95-94a3-494c-af39-97966f08bc89.jpeg'
2026-03-07 19:25:26 [error]: Gemini consultation failed: {"error":{"code":429,"message":"You exceeded your current quota, please check your plan and billing details. For more information on this error, head to: https://ai.google.dev/gemini-api/docs/rate-limits. To monitor your current usage, head to: https://ai.dev/rate-limit. \n* Quota exceeded for metric: generativelanguage.googleapis.com/generate_content_free_tier_requests, limit: 0, model: gemini-2.0-flash\n* Quota exceeded for metric: generativelanguage.googleapis.com/generate_content_free_tier_requests, limit: 0, model: gemini-2.0-flash\n* Quota exceeded for metric: generativelanguage.googleapis.com/generate_content_free_tier_input_token_count, limit: 0, model: gemini-2.0-flash\nPlease retry in 33.748494113s.","status":"RESOURCE_EXHAUSTED","details":[{"@type":"type.googleapis.com/google.rpc.Help","links":[{"description":"Learn more about Gemini API quotas","url":"https://ai.google.dev/gemini-api/docs/rate-limits"}]},{"@type":"type.googleapis.com/google.rpc.QuotaFailure","violations":[{"quotaMetric":"generativelanguage.googleapis.com/generate_content_free_tier_requests","quotaId":"GenerateRequestsPerDayPerProjectPerModel-FreeTier","quotaDimensions":{"location":"global","model":"gemini-2.0-flash"}},{"quotaMetric":"generativelanguage.googleapis.com/generate_content_free_tier_requests","quotaId":"GenerateRequestsPerMinutePerProjectPerModel-FreeTier","quotaDimensions":{"location":"global","model":"gemini-2.0-flash"}},{"quotaMetric":"generativelanguage.googleapis.com/generate_content_free_tier_input_token_count","quotaId":"GenerateContentInputTokensPerModelPerMinute-FreeTier","quotaDimensions":{"location":"global","model":"gemini-2.0-flash"}}]},{"@type":"type.googleapis.com/google.rpc.RetryInfo","retryDelay":"33s"}]}}
2026-03-07 19:25:27 [error]: Gemini consultation failed: {"error":{"code":429,"message":"You exceeded your current quota, please check your plan and billing details. For more information on this error, head to: https://ai.google.dev/gemini-api/docs/rate-limits. To monitor your current usage, head to: https://ai.dev/rate-limit. \n* Quota exceeded for metric: generativelanguage.googleapis.com/generate_content_free_tier_input_token_count, limit: 0, model: gemini-2.0-flash\n* Quota exceeded for metric: generativelanguage.googleapis.com/generate_content_free_tier_requests, limit: 0, model: gemini-2.0-flash\n* Quota exceeded for metric: generativelanguage.googleapis.com/generate_content_free_tier_requests, limit: 0, model: gemini-2.0-flash\nPlease retry in 33.049025114s.","status":"RESOURCE_EXHAUSTED","details":[{"@type":"type.googleapis.com/google.rpc.Help","links":[{"description":"Learn more about Gemini API quotas","url":"https://ai.google.dev/gemini-api/docs/rate-limits"}]},{"@type":"type.googleapis.com/google.rpc.QuotaFailure","violations":[{"quotaMetric":"generativelanguage.googleapis.com/generate_content_free_tier_input_token_count","quotaId":"GenerateContentInputTokensPerModelPerMinute-FreeTier","quotaDimensions":{"location":"global","model":"gemini-2.0-flash"}},{"quotaMetric":"generativelanguage.googleapis.com/generate_content_free_tier_requests","quotaId":"GenerateRequestsPerMinutePerProjectPerModel-FreeTier","quotaDimensions":{"location":"global","model":"gemini-2.0-flash"}},{"quotaMetric":"generativelanguage.googleapis.com/generate_content_free_tier_requests","quotaId":"GenerateRequestsPerDayPerProjectPerModel-FreeTier","quotaDimensions":{"location":"global","model":"gemini-2.0-flash"}}]},{"@type":"type.googleapis.com/google.rpc.RetryInfo","retryDelay":"33s"}]}}
2026-03-11 22:32:53 [error]: Failed to read input image: /uploads/originals/dev-user-001/2a2d6d2c-0139-4efa-9844-dd9b50720510.jpeg — ENOENT: no such file or directory, open 'C:\uploads\originals\dev-user-001\2a2d6d2c-0139-4efa-9844-dd9b50720510.jpeg'
2026-03-11 22:32:53 [error]: ❌ Provider 1 (Gemini) failed: Could not load room image: ENOENT: no such file or directory, open 'C:\uploads\originals\dev-user-001\2a2d6d2c-0139-4efa-9844-dd9b50720510.jpeg'
2026-03-11 22:32:53 [error]: Failed to read input image: /uploads/originals/dev-user-001/2a2d6d2c-0139-4efa-9844-dd9b50720510.jpeg — ENOENT: no such file or directory, open 'C:\uploads\originals\dev-user-001\2a2d6d2c-0139-4efa-9844-dd9b50720510.jpeg'
2026-03-11 22:32:53 [error]: HF instruct-pix2pix completely failed: Could not load room image: ENOENT: no such file or directory, open 'C:\uploads\originals\dev-user-001\2a2d6d2c-0139-4efa-9844-dd9b50720510.jpeg'
2026-03-11 22:32:53 [error]: Failed to read input image: /uploads/originals/dev-user-001/00494220-9b89-4936-9a5b-799d4a6eb7dc.jpeg — ENOENT: no such file or directory, open 'C:\uploads\originals\dev-user-001\00494220-9b89-4936-9a5b-799d4a6eb7dc.jpeg'
2026-03-11 22:32:53 [error]: ❌ Provider 1 (Gemini) failed: Could not load room image: ENOENT: no such file or directory, open 'C:\uploads\originals\dev-user-001\00494220-9b89-4936-9a5b-799d4a6eb7dc.jpeg'
2026-03-11 22:32:53 [error]: Failed to read input image: /uploads/originals/dev-user-001/00494220-9b89-4936-9a5b-799d4a6eb7dc.jpeg — ENOENT: no such file or directory, open 'C:\uploads\originals\dev-user-001\00494220-9b89-4936-9a5b-799d4a6eb7dc.jpeg'
2026-03-11 22:32:53 [error]: HF instruct-pix2pix completely failed: Could not load room image: ENOENT: no such file or directory, open 'C:\uploads\originals\dev-user-001\00494220-9b89-4936-9a5b-799d4a6eb7dc.jpeg'
2026-03-11 22:33:35 [error]: Gemini consultation failed: {"error":{"code":429,"message":"You exceeded your current quota, please check your plan and billing details. For more information on this error, head to: https://ai.google.dev/gemini-api/docs/rate-limits. To monitor your current usage, head to: https://ai.dev/rate-limit. \n* Quota exceeded for metric: generativelanguage.googleapis.com/generate_content_free_tier_requests, limit: 0, model: gemini-2.0-flash\n* Quota exceeded for metric: generativelanguage.googleapis.com/generate_content_free_tier_requests, limit: 0, model: gemini-2.0-flash\n* Quota exceeded for metric: generativelanguage.googleapis.com/generate_content_free_tier_input_token_count, limit: 0, model: gemini-2.0-flash\nPlease retry in 23.28130624s.","status":"RESOURCE_EXHAUSTED","details":[{"@type":"type.googleapis.com/google.rpc.Help","links":[{"description":"Learn more about Gemini API quotas","url":"https://ai.google.dev/gemini-api/docs/rate-limits"}]},{"@type":"type.googleapis.com/google.rpc.QuotaFailure","violations":[{"quotaMetric":"generativelanguage.googleapis.com/generate_content_free_tier_requests","quotaId":"GenerateRequestsPerDayPerProjectPerModel-FreeTier","quotaDimensions":{"model":"gemini-2.0-flash","location":"global"}},{"quotaMetric":"generativelanguage.googleapis.com/generate_content_free_tier_requests","quotaId":"GenerateRequestsPerMinutePerProjectPerModel-FreeTier","quotaDimensions":{"location":"global","model":"gemini-2.0-flash"}},{"quotaMetric":"generativelanguage.googleapis.com/generate_content_free_tier_input_token_count","quotaId":"GenerateContentInputTokensPerModelPerMinute-FreeTier","quotaDimensions":{"model":"gemini-2.0-flash","location":"global"}}]},{"@type":"type.googleapis.com/google.rpc.RetryInfo","retryDelay":"23s"}]}}
2026-03-11 22:33:35 [error]: Gemini consultation failed: {"error":{"code":429,"message":"You exceeded your current quota, please check your plan and billing details. For more information on this error, head to: https://ai.google.dev/gemini-api/docs/rate-limits. To monitor your current usage, head to: https://ai.dev/rate-limit. \n* Quota exceeded for metric: generativelanguage.googleapis.com/generate_content_free_tier_requests, limit: 0, model: gemini-2.0-flash\n* Quota exceeded for metric: generativelanguage.googleapis.com/generate_content_free_tier_requests, limit: 0, model: gemini-2.0-flash\n* Quota exceeded for metric: generativelanguage.googleapis.com/generate_content_free_tier_input_token_count, limit: 0, model: gemini-2.0-flash\nPlease retry in 23.172160789s.","status":"RESOURCE_EXHAUSTED","details":[{"@type":"type.googleapis.com/google.rpc.Help","links":[{"description":"Learn more about Gemini API quotas","url":"https://ai.google.dev/gemini-api/docs/rate-limits"}]},{"@type":"type.googleapis.com/google.rpc.QuotaFailure","violations":[{"quotaMetric":"generativelanguage.googleapis.com/generate_content_free_tier_requests","quotaId":"GenerateRequestsPerDayPerProjectPerModel-FreeTier","quotaDimensions":{"location":"global","model":"gemini-2.0-flash"}},{"quotaMetric":"generativelanguage.googleapis.com/generate_content_free_tier_requests","quotaId":"GenerateRequestsPerMinutePerProjectPerModel-FreeTier","quotaDimensions":{"location":"global","model":"gemini-2.0-flash"}},{"quotaMetric":"generativelanguage.googleapis.com/generate_content_free_tier_input_token_count","quotaId":"GenerateContentInputTokensPerModelPerMinute-FreeTier","quotaDimensions":{"location":"global","model":"gemini-2.0-flash"}}]},{"@type":"type.googleapis.com/google.rpc.RetryInfo","retryDelay":"23s"}]}}
2026-03-13 09:23:36 [error]: Failed to read input image: /uploads/originals/dev-user-001/ff010398-6a68-4d06-bfbf-f98221ec7675.webp — ENOENT: no such file or directory, open 'C:\uploads\originals\dev-user-001\ff010398-6a68-4d06-bfbf-f98221ec7675.webp'
2026-03-13 09:23:36 [error]: ❌ Provider 1 (Gemini) failed: Could not load room image: ENOENT: no such file or directory, open 'C:\uploads\originals\dev-user-001\ff010398-6a68-4d06-bfbf-f98221ec7675.webp'
2026-03-13 09:23:36 [error]: Failed to read input image: /uploads/originals/dev-user-001/ff010398-6a68-4d06-bfbf-f98221ec7675.webp — ENOENT: no such file or directory, open 'C:\uploads\originals\dev-user-001\ff010398-6a68-4d06-bfbf-f98221ec7675.webp'
2026-03-13 09:23:36 [error]: HF instruct-pix2pix completely failed: Could not load room image: ENOENT: no such file or directory, open 'C:\uploads\originals\dev-user-001\ff010398-6a68-4d06-bfbf-f98221ec7675.webp'
2026-03-13 09:23:36 [error]: Failed to read input image: /uploads/originals/dev-user-001/8ed5a260-98bf-4188-a79a-9296fa9bae85.webp — ENOENT: no such file or directory, open 'C:\uploads\originals\dev-user-001\8ed5a260-98bf-4188-a79a-9296fa9bae85.webp'
2026-03-13 09:23:36 [error]: ❌ Provider 1 (Gemini) failed: Could not load room image: ENOENT: no such file or directory, open 'C:\uploads\originals\dev-user-001\8ed5a260-98bf-4188-a79a-9296fa9bae85.webp'
2026-03-13 09:23:36 [error]: Failed to read input image: /uploads/originals/dev-user-001/8ed5a260-98bf-4188-a79a-9296fa9bae85.webp — ENOENT: no such file or directory, open 'C:\uploads\originals\dev-user-001\8ed5a260-98bf-4188-a79a-9296fa9bae85.webp'
2026-03-13 09:23:36 [error]: HF instruct-pix2pix completely failed: Could not load room image: ENOENT: no such file or directory, open 'C:\uploads\originals\dev-user-001\8ed5a260-98bf-4188-a79a-9296fa9bae85.webp'
2026-03-13 09:50:44 [error]: Failed to read input image: /uploads/originals/dev-user-001/fbb65f9d-9410-413e-b092-9c2b743f8f02.webp — ENOENT: no such file or directory, open 'C:\uploads\originals\dev-user-001\fbb65f9d-9410-413e-b092-9c2b743f8f02.webp'
2026-03-13 09:50:44 [error]: ❌ Provider 1 (Gemini) failed: Could not load room image: ENOENT: no such file or directory, open 'C:\uploads\originals\dev-user-001\fbb65f9d-9410-413e-b092-9c2b743f8f02.webp'
2026-03-13 09:50:44 [error]: Failed to read input image: /uploads/originals/dev-user-001/989e400f-1593-4192-a07b-17b8d0e4b487.webp — ENOENT: no such file or directory, open 'C:\uploads\originals\dev-user-001\989e400f-1593-4192-a07b-17b8d0e4b487.webp'
2026-03-13 09:50:44 [error]: ❌ Provider 1 (Gemini) failed: Could not load room image: ENOENT: no such file or directory, open 'C:\uploads\originals\dev-user-001\989e400f-1593-4192-a07b-17b8d0e4b487.webp'
2026-03-13 09:50:44 [error]: Failed to read input image: /uploads/originals/dev-user-001/fbb65f9d-9410-413e-b092-9c2b743f8f02.webp — ENOENT: no such file or directory, open 'C:\uploads\originals\dev-user-001\fbb65f9d-9410-413e-b092-9c2b743f8f02.webp'
2026-03-13 09:50:44 [error]: HF instruct-pix2pix completely failed: Could not load room image: ENOENT: no such file or directory, open 'C:\uploads\originals\dev-user-001\fbb65f9d-9410-413e-b092-9c2b743f8f02.webp'
2026-03-13 09:50:45 [error]: Failed to read input image: /uploads/originals/dev-user-001/989e400f-1593-4192-a07b-17b8d0e4b487.webp — ENOENT: no such file or directory, open 'C:\uploads\originals\dev-user-001\989e400f-1593-4192-a07b-17b8d0e4b487.webp'
2026-03-13 09:50:45 [error]: HF instruct-pix2pix completely failed: Could not load room image: ENOENT: no such file or directory, open 'C:\uploads\originals\dev-user-001\989e400f-1593-4192-a07b-17b8d0e4b487.webp'
2026-03-13 09:52:19 [error]: Gemini consultation failed: {"error":{"code":429,"message":"You exceeded your current quota, please check your plan and billing details. For more information on this error, head to: https://ai.google.dev/gemini-api/docs/rate-limits. To monitor your current usage, head to: https://ai.dev/rate-limit. \n* Quota exceeded for metric: generativelanguage.googleapis.com/generate_content_free_tier_requests, limit: 0, model: gemini-2.0-flash\n* Quota exceeded for metric: generativelanguage.googleapis.com/generate_content_free_tier_requests, limit: 0, model: gemini-2.0-flash\n* Quota exceeded for metric: generativelanguage.googleapis.com/generate_content_free_tier_input_token_count, limit: 0, model: gemini-2.0-flash\nPlease retry in 40.406133196s.","status":"RESOURCE_EXHAUSTED","details":[{"@type":"type.googleapis.com/google.rpc.Help","links":[{"description":"Learn more about Gemini API quotas","url":"https://ai.google.dev/gemini-api/docs/rate-limits"}]},{"@type":"type.googleapis.com/google.rpc.QuotaFailure","violations":[{"quotaMetric":"generativelanguage.googleapis.com/generate_content_free_tier_requests","quotaId":"GenerateRequestsPerDayPerProjectPerModel-FreeTier","quotaDimensions":{"location":"global","model":"gemini-2.0-flash"}},{"quotaMetric":"generativelanguage.googleapis.com/generate_content_free_tier_requests","quotaId":"GenerateRequestsPerMinutePerProjectPerModel-FreeTier","quotaDimensions":{"model":"gemini-2.0-flash","location":"global"}},{"quotaMetric":"generativelanguage.googleapis.com/generate_content_free_tier_input_token_count","quotaId":"GenerateContentInputTokensPerModelPerMinute-FreeTier","quotaDimensions":{"location":"global","model":"gemini-2.0-flash"}}]},{"@type":"type.googleapis.com/google.rpc.RetryInfo","retryDelay":"40s"}]}}
2026-03-13 09:52:33 [error]: Gemini consultation failed: {"error":{"code":429,"message":"You exceeded your current quota, please check your plan and billing details. For more information on this error, head to: https://ai.google.dev/gemini-api/docs/rate-limits. To monitor your current usage, head to: https://ai.dev/rate-limit. \n* Quota exceeded for metric: generativelanguage.googleapis.com/generate_content_free_tier_input_token_count, limit: 0, model: gemini-2.0-flash\n* Quota exceeded for metric: generativelanguage.googleapis.com/generate_content_free_tier_requests, limit: 0, model: gemini-2.0-flash\n* Quota exceeded for metric: generativelanguage.googleapis.com/generate_content_free_tier_requests, limit: 0, model: gemini-2.0-flash\nPlease retry in 26.29425409s.","status":"RESOURCE_EXHAUSTED","details":[{"@type":"type.googleapis.com/google.rpc.Help","links":[{"description":"Learn more about Gemini API quotas","url":"https://ai.google.dev/gemini-api/docs/rate-limits"}]},{"@type":"type.googleapis.com/google.rpc.QuotaFailure","violations":[{"quotaMetric":"generativelanguage.googleapis.com/generate_content_free_tier_input_token_count","quotaId":"GenerateContentInputTokensPerModelPerMinute-FreeTier","quotaDimensions":{"location":"global","model":"gemini-2.0-flash"}},{"quotaMetric":"generativelanguage.googleapis.com/generate_content_free_tier_requests","quotaId":"GenerateRequestsPerMinutePerProjectPerModel-FreeTier","quotaDimensions":{"location":"global","model":"gemini-2.0-flash"}},{"quotaMetric":"generativelanguage.googleapis.com/generate_content_free_tier_requests","quotaId":"GenerateRequestsPerDayPerProjectPerModel-FreeTier","quotaDimensions":{"location":"global","model":"gemini-2.0-flash"}}]},{"@type":"type.googleapis.com/google.rpc.RetryInfo","retryDelay":"26s"}]}}
2026-03-13 09:53:17 [error]: Error: ENOENT: no such file or directory, unlink 'C:\uploads\originals\dev-user-001\fbb65f9d-9410-413e-b092-9c2b743f8f02.webp'
    at async Object.unlink (node:internal/fs/promises:1067:10)
    at async ImageService.deleteImage (C:\Users\khade\OneDrive\Placment\Final Year VD Project\backend\src\services\imageService.ts:110:13)
    at async DesignController.delete (C:\Users\khade\OneDrive\Placment\Final Year VD Project\backend\src\controllers\designController.ts:171:13)
2026-03-13 09:53:17 [error]: Error: ENOENT: no such file or directory, unlink 'C:\uploads\generated\ai-1eaa27f8-57ff-446e-843e-434097a4b351.jpg'
    at async Object.unlink (node:internal/fs/promises:1067:10)
    at async ImageService.deleteImage (C:\Users\khade\OneDrive\Placment\Final Year VD Project\backend\src\services\imageService.ts:110:13)
    at async DesignController.delete (C:\Users\khade\OneDrive\Placment\Final Year VD Project\backend\src\controllers\designController.ts:173:17)
2026-03-13 09:53:23 [error]: Error: ENOENT: no such file or directory, unlink 'C:\uploads\originals\dev-user-001\989e400f-1593-4192-a07b-17b8d0e4b487.webp'
    at async Object.unlink (node:internal/fs/promises:1067:10)
    at async ImageService.deleteImage (C:\Users\khade\OneDrive\Placment\Final Year VD Project\backend\src\services\imageService.ts:110:13)
    at async DesignController.delete (C:\Users\khade\OneDrive\Placment\Final Year VD Project\backend\src\controllers\designController.ts:171:13)
2026-03-13 09:53:23 [error]: Error: ENOENT: no such file or directory, unlink 'C:\uploads\generated\ai-dae0fb7d-3fe6-435f-aa96-8c9abada946c.jpg'
    at async Object.unlink (node:internal/fs/promises:1067:10)
    at async ImageService.deleteImage (C:\Users\khade\OneDrive\Placment\Final Year VD Project\backend\src\services\imageService.ts:110:13)
    at async DesignController.delete (C:\Users\khade\OneDrive\Placment\Final Year VD Project\backend\src\controllers\designController.ts:173:17)
2026-03-13 09:53:26 [error]: Error: ENOENT: no such file or directory, unlink 'C:\uploads\originals\dev-user-001\00494220-9b89-4936-9a5b-799d4a6eb7dc.jpeg'
    at async Object.unlink (node:internal/fs/promises:1067:10)
    at async ImageService.deleteImage (C:\Users\khade\OneDrive\Placment\Final Year VD Project\backend\src\services\imageService.ts:110:13)
    at async DesignController.delete (C:\Users\khade\OneDrive\Placment\Final Year VD Project\backend\src\controllers\designController.ts:171:13)
2026-03-13 09:53:26 [error]: Error: ENOENT: no such file or directory, unlink 'C:\uploads\generated\ai-3b9ac528-6b1c-49f5-a122-97b8901fb304.jpg'
    at async Object.unlink (node:internal/fs/promises:1067:10)
    at async ImageService.deleteImage (C:\Users\khade\OneDrive\Placment\Final Year VD Project\backend\src\services\imageService.ts:110:13)
    at async DesignController.delete (C:\Users\khade\OneDrive\Placment\Final Year VD Project\backend\src\controllers\designController.ts:173:17)
2026-03-13 09:53:28 [error]: Error: ENOENT: no such file or directory, unlink 'C:\uploads\originals\dev-user-001\2a2d6d2c-0139-4efa-9844-dd9b50720510.jpeg'
    at async Object.unlink (node:internal/fs/promises:1067:10)
    at async ImageService.deleteImage (C:\Users\khade\OneDrive\Placment\Final Year VD Project\backend\src\services\imageService.ts:110:13)
    at async DesignController.delete (C:\Users\khade\OneDrive\Placment\Final Year VD Project\backend\src\controllers\designController.ts:171:13)
2026-03-13 09:53:28 [error]: Error: ENOENT: no such file or directory, unlink 'C:\uploads\generated\ai-765a7a2d-ec03-4f58-bb48-c1c6e676965b.jpg'
    at async Object.unlink (node:internal/fs/promises:1067:10)
    at async ImageService.deleteImage (C:\Users\khade\OneDrive\Placment\Final Year VD Project\backend\src\services\imageService.ts:110:13)
    at async DesignController.delete (C:\Users\khade\OneDrive\Placment\Final Year VD Project\backend\src\controllers\designController.ts:173:17)
2026-03-13 09:53:30 [error]: Error: ENOENT: no such file or directory, unlink 'C:\uploads\originals\dev-user-001\4cc3ae95-94a3-494c-af39-97966f08bc89.jpeg'
    at async Object.unlink (node:internal/fs/promises:1067:10)
    at async ImageService.deleteImage (C:\Users\khade\OneDrive\Placment\Final Year VD Project\backend\src\services\imageService.ts:110:13)
    at async DesignController.delete (C:\Users\khade\OneDrive\Placment\Final Year VD Project\backend\src\controllers\designController.ts:171:13)
2026-03-13 09:53:30 [error]: Error: ENOENT: no such file or directory, unlink 'C:\uploads\generated\ai-9cec7e9c-581f-4cdf-aceb-098a1feae0d4.jpg'
    at async Object.unlink (node:internal/fs/promises:1067:10)
    at async ImageService.deleteImage (C:\Users\khade\OneDrive\Placment\Final Year VD Project\backend\src\services\imageService.ts:110:13)
    at async DesignController.delete (C:\Users\khade\OneDrive\Placment\Final Year VD Project\backend\src\controllers\designController.ts:173:17)
2026-03-13 09:53:32 [error]: Error: ENOENT: no such file or directory, unlink 'C:\uploads\originals\dev-user-001\5999b341-1a29-411c-ae8a-56c14b69928f.jpeg'
    at async Object.unlink (node:internal/fs/promises:1067:10)
    at async ImageService.deleteImage (C:\Users\khade\OneDrive\Placment\Final Year VD Project\backend\src\services\imageService.ts:110:13)
    at async DesignController.delete (C:\Users\khade\OneDrive\Placment\Final Year VD Project\backend\src\controllers\designController.ts:171:13)
2026-03-13 09:53:32 [error]: Error: ENOENT: no such file or directory, unlink 'C:\uploads\generated\ai-3686d5c6-ec81-4ac3-80f9-49a6213ad40b.jpg'
    at async Object.unlink (node:internal/fs/promises:1067:10)
    at async ImageService.deleteImage (C:\Users\khade\OneDrive\Placment\Final Year VD Project\backend\src\services\imageService.ts:110:13)
    at async DesignController.delete (C:\Users\khade\OneDrive\Placment\Final Year VD Project\backend\src\controllers\designController.ts:173:17)
2026-03-13 09:53:56 [error]: Failed to read input image: /uploads/originals/dev-user-001/5a6cc6f3-46ea-403a-b4ce-97b79842482b.webp — ENOENT: no such file or directory, open 'C:\uploads\originals\dev-user-001\5a6cc6f3-46ea-403a-b4ce-97b79842482b.webp'
2026-03-13 09:53:56 [error]: ❌ Provider 1 (Gemini) failed: Could not load room image: ENOENT: no such file or directory, open 'C:\uploads\originals\dev-user-001\5a6cc6f3-46ea-403a-b4ce-97b79842482b.webp'
2026-03-13 09:53:56 [error]: Failed to read input image: /uploads/originals/dev-user-001/5a6cc6f3-46ea-403a-b4ce-97b79842482b.webp — ENOENT: no such file or directory, open 'C:\uploads\originals\dev-user-001\5a6cc6f3-46ea-403a-b4ce-97b79842482b.webp'
2026-03-13 09:53:56 [error]: HF instruct-pix2pix completely failed: Could not load room image: ENOENT: no such file or directory, open 'C:\uploads\originals\dev-user-001\5a6cc6f3-46ea-403a-b4ce-97b79842482b.webp'
2026-03-13 09:53:56 [error]: Failed to read input image: /uploads/originals/dev-user-001/c4b2e75c-e130-43a8-a4d3-8e6461704620.webp — ENOENT: no such file or directory, open 'C:\uploads\originals\dev-user-001\c4b2e75c-e130-43a8-a4d3-8e6461704620.webp'
2026-03-13 09:53:56 [error]: ❌ Provider 1 (Gemini) failed: Could not load room image: ENOENT: no such file or directory, open 'C:\uploads\originals\dev-user-001\c4b2e75c-e130-43a8-a4d3-8e6461704620.webp'
2026-03-13 09:53:56 [error]: Failed to read input image: /uploads/originals/dev-user-001/c4b2e75c-e130-43a8-a4d3-8e6461704620.webp — ENOENT: no such file or directory, open 'C:\uploads\originals\dev-user-001\c4b2e75c-e130-43a8-a4d3-8e6461704620.webp'
2026-03-13 09:53:56 [error]: HF instruct-pix2pix completely failed: Could not load room image: ENOENT: no such file or directory, open 'C:\uploads\originals\dev-user-001\c4b2e75c-e130-43a8-a4d3-8e6461704620.webp'
2026-03-13 09:55:07 [error]: Gemini consultation failed: fetch failed
2026-03-13 09:55:14 [error]: Gemini consultation failed: {"error":{"code":429,"message":"You exceeded your current quota, please check your plan and billing details. For more information on this error, head to: https://ai.google.dev/gemini-api/docs/rate-limits. To monitor your current usage, head to: https://ai.dev/rate-limit. \n* Quota exceeded for metric: generativelanguage.googleapis.com/generate_content_free_tier_input_token_count, limit: 0, model: gemini-2.0-flash\n* Quota exceeded for metric: generativelanguage.googleapis.com/generate_content_free_tier_requests, limit: 0, model: gemini-2.0-flash\n* Quota exceeded for metric: generativelanguage.googleapis.com/generate_content_free_tier_requests, limit: 0, model: gemini-2.0-flash\nPlease retry in 45.469175773s.","status":"RESOURCE_EXHAUSTED","details":[{"@type":"type.googleapis.com/google.rpc.Help","links":[{"description":"Learn more about Gemini API quotas","url":"https://ai.google.dev/gemini-api/docs/rate-limits"}]},{"@type":"type.googleapis.com/google.rpc.QuotaFailure","violations":[{"quotaMetric":"generativelanguage.googleapis.com/generate_content_free_tier_input_token_count","quotaId":"GenerateContentInputTokensPerModelPerMinute-FreeTier","quotaDimensions":{"model":"gemini-2.0-flash","location":"global"}},{"quotaMetric":"generativelanguage.googleapis.com/generate_content_free_tier_requests","quotaId":"GenerateRequestsPerMinutePerProjectPerModel-FreeTier","quotaDimensions":{"location":"global","model":"gemini-2.0-flash"}},{"quotaMetric":"generativelanguage.googleapis.com/generate_content_free_tier_requests","quotaId":"GenerateRequestsPerDayPerProjectPerModel-FreeTier","quotaDimensions":{"location":"global","model":"gemini-2.0-flash"}}]},{"@type":"type.googleapis.com/google.rpc.RetryInfo","retryDelay":"45s"}]}}
2026-03-13 09:56:35 [error]: Error: ENOENT: no such file or directory, unlink 'C:\uploads\originals\dev-user-001\c4b2e75c-e130-43a8-a4d3-8e6461704620.webp'
    at async Object.unlink (node:internal/fs/promises:1067:10)
    at async ImageService.deleteImage (C:\Users\khade\OneDrive\Placment\Final Year VD Project\backend\src\services\imageService.ts:110:13)
    at async DesignController.delete (C:\Users\khade\OneDrive\Placment\Final Year VD Project\backend\src\controllers\designController.ts:171:13)
2026-03-13 09:56:35 [error]: Error: ENOENT: no such file or directory, unlink 'C:\uploads\generated\ai-5550a2d2-d968-4ae3-b1f7-e89f4f1abb98.jpg'
    at async Object.unlink (node:internal/fs/promises:1067:10)
    at async ImageService.deleteImage (C:\Users\khade\OneDrive\Placment\Final Year VD Project\backend\src\services\imageService.ts:110:13)
    at async DesignController.delete (C:\Users\khade\OneDrive\Placment\Final Year VD Project\backend\src\controllers\designController.ts:173:17)
2026-03-13 09:56:38 [error]: Error: ENOENT: no such file or directory, unlink 'C:\uploads\originals\dev-user-001\5a6cc6f3-46ea-403a-b4ce-97b79842482b.webp'
    at async Object.unlink (node:internal/fs/promises:1067:10)
    at async ImageService.deleteImage (C:\Users\khade\OneDrive\Placment\Final Year VD Project\backend\src\services\imageService.ts:110:13)
    at async DesignController.delete (C:\Users\khade\OneDrive\Placment\Final Year VD Project\backend\src\controllers\designController.ts:171:13)
2026-03-13 09:56:38 [error]: Error: ENOENT: no such file or directory, unlink 'C:\uploads\generated\ai-de5c1b36-39a1-412a-8411-3d04f0d2b57f.jpg'
    at async Object.unlink (node:internal/fs/promises:1067:10)
    at async ImageService.deleteImage (C:\Users\khade\OneDrive\Placment\Final Year VD Project\backend\src\services\imageService.ts:110:13)
    at async DesignController.delete (C:\Users\khade\OneDrive\Placment\Final Year VD Project\backend\src\controllers\designController.ts:173:17)
2026-03-13 10:52:38 [error]: Failed to read input image: /uploads/originals/dev-user-001/345397cc-e7b2-4bf2-b023-53d26c964e4a.webp — ENOENT: no such file or directory, open 'C:\uploads\originals\dev-user-001\345397cc-e7b2-4bf2-b023-53d26c964e4a.webp'
2026-03-13 10:52:38 [error]: ❌ Provider 1 (Gemini) failed: Could not load room image: ENOENT: no such file or directory, open 'C:\uploads\originals\dev-user-001\345397cc-e7b2-4bf2-b023-53d26c964e4a.webp'
2026-03-13 10:52:38 [error]: Failed to read input image: /uploads/originals/dev-user-001/a5f98219-dbee-4cde-9b43-c29a226dd527.webp — ENOENT: no such file or directory, open 'C:\uploads\originals\dev-user-001\a5f98219-dbee-4cde-9b43-c29a226dd527.webp'
2026-03-13 10:52:38 [error]: ❌ Provider 1 (Gemini) failed: Could not load room image: ENOENT: no such file or directory, open 'C:\uploads\originals\dev-user-001\a5f98219-dbee-4cde-9b43-c29a226dd527.webp'
2026-03-13 10:52:38 [error]: Failed to read input image: /uploads/originals/dev-user-001/345397cc-e7b2-4bf2-b023-53d26c964e4a.webp — ENOENT: no such file or directory, open 'C:\uploads\originals\dev-user-001\345397cc-e7b2-4bf2-b023-53d26c964e4a.webp'
2026-03-13 10:52:38 [error]: HF instruct-pix2pix completely failed: Could not load room image: ENOENT: no such file or directory, open 'C:\uploads\originals\dev-user-001\345397cc-e7b2-4bf2-b023-53d26c964e4a.webp'
2026-03-13 10:52:38 [error]: Failed to read input image: /uploads/originals/dev-user-001/a5f98219-dbee-4cde-9b43-c29a226dd527.webp — ENOENT: no such file or directory, open 'C:\uploads\originals\dev-user-001\a5f98219-dbee-4cde-9b43-c29a226dd527.webp'
2026-03-13 10:52:38 [error]: HF instruct-pix2pix completely failed: Could not load room image: ENOENT: no such file or directory, open 'C:\uploads\originals\dev-user-001\a5f98219-dbee-4cde-9b43-c29a226dd527.webp'
2026-03-13 10:52:38 [error]: HF SDXL image 1 failed: fetch failed
2026-03-13 10:52:38 [error]: HF SDXL image 1 failed: fetch failed
2026-03-13 10:52:38 [error]: Gemini consultation failed: fetch failed
2026-03-13 10:52:38 [error]: Gemini consultation failed: fetch failed
2026-03-13 10:53:37 [error]: Failed to read input image: /uploads/originals/dev-user-001/3a7000ca-2af5-4a2b-afbd-a33e475f903f.webp — ENOENT: no such file or directory, open 'C:\uploads\originals\dev-user-001\3a7000ca-2af5-4a2b-afbd-a33e475f903f.webp'
2026-03-13 10:53:37 [error]: ❌ Provider 1 (Gemini) failed: Could not load room image: ENOENT: no such file or directory, open 'C:\uploads\originals\dev-user-001\3a7000ca-2af5-4a2b-afbd-a33e475f903f.webp'
2026-03-13 10:53:37 [error]: Failed to read input image: /uploads/originals/dev-user-001/cb6d7558-3a33-475b-a1a0-2e792dff16fb.webp — ENOENT: no such file or directory, open 'C:\uploads\originals\dev-user-001\cb6d7558-3a33-475b-a1a0-2e792dff16fb.webp'
2026-03-13 10:53:37 [error]: ❌ Provider 1 (Gemini) failed: Could not load room image: ENOENT: no such file or directory, open 'C:\uploads\originals\dev-user-001\cb6d7558-3a33-475b-a1a0-2e792dff16fb.webp'
2026-03-13 10:53:37 [error]: Failed to read input image: /uploads/originals/dev-user-001/3a7000ca-2af5-4a2b-afbd-a33e475f903f.webp — ENOENT: no such file or directory, open 'C:\uploads\originals\dev-user-001\3a7000ca-2af5-4a2b-afbd-a33e475f903f.webp'
2026-03-13 10:53:37 [error]: HF instruct-pix2pix completely failed: Could not load room image: ENOENT: no such file or directory, open 'C:\uploads\originals\dev-user-001\3a7000ca-2af5-4a2b-afbd-a33e475f903f.webp'
2026-03-13 10:53:37 [error]: Failed to read input image: /uploads/originals/dev-user-001/cb6d7558-3a33-475b-a1a0-2e792dff16fb.webp — ENOENT: no such file or directory, open 'C:\uploads\originals\dev-user-001\cb6d7558-3a33-475b-a1a0-2e792dff16fb.webp'
2026-03-13 10:53:37 [error]: HF instruct-pix2pix completely failed: Could not load room image: ENOENT: no such file or directory, open 'C:\uploads\originals\dev-user-001\cb6d7558-3a33-475b-a1a0-2e792dff16fb.webp'
2026-03-13 10:53:48 [error]: HF SDXL image 1 failed: fetch failed
2026-03-13 10:53:48 [error]: HF SDXL image 1 failed: fetch failed
2026-03-13 10:53:49 [error]: Gemini consultation failed: fetch failed
2026-03-13 10:53:49 [error]: Gemini consultation failed: fetch failed
2026-04-15 13:53:02 [error]: Failed to read input image: /uploads/originals/dev-user-001/302e99cb-33c9-4faf-b663-81fb061fb662.jpg — ENOENT: no such file or directory, open 'C:\uploads\originals\dev-user-001\302e99cb-33c9-4faf-b663-81fb061fb662.jpg'
2026-04-15 13:53:02 [error]: ❌ Provider 1 (Gemini) failed: Could not load room image: ENOENT: no such file or directory, open 'C:\uploads\originals\dev-user-001\302e99cb-33c9-4faf-b663-81fb061fb662.jpg'
2026-04-15 13:53:02 [error]: Failed to read input image: /uploads/originals/dev-user-001/e6367e98-79cf-487b-a022-8561989472a0.jpg — ENOENT: no such file or directory, open 'C:\uploads\originals\dev-user-001\e6367e98-79cf-487b-a022-8561989472a0.jpg'
2026-04-15 13:53:02 [error]: ❌ Provider 1 (Gemini) failed: Could not load room image: ENOENT: no such file or directory, open 'C:\uploads\originals\dev-user-001\e6367e98-79cf-487b-a022-8561989472a0.jpg'
2026-04-15 13:53:02 [error]: Failed to read input image: /uploads/originals/dev-user-001/302e99cb-33c9-4faf-b663-81fb061fb662.jpg — ENOENT: no such file or directory, open 'C:\uploads\originals\dev-user-001\302e99cb-33c9-4faf-b663-81fb061fb662.jpg'
2026-04-15 13:53:02 [error]: HF instruct-pix2pix completely failed: Could not load room image: ENOENT: no such file or directory, open 'C:\uploads\originals\dev-user-001\302e99cb-33c9-4faf-b663-81fb061fb662.jpg'
2026-04-15 13:53:02 [error]: Failed to read input image: /uploads/originals/dev-user-001/e6367e98-79cf-487b-a022-8561989472a0.jpg — ENOENT: no such file or directory, open 'C:\uploads\originals\dev-user-001\e6367e98-79cf-487b-a022-8561989472a0.jpg'
2026-04-15 13:53:02 [error]: HF instruct-pix2pix completely failed: Could not load room image: ENOENT: no such file or directory, open 'C:\uploads\originals\dev-user-001\e6367e98-79cf-487b-a022-8561989472a0.jpg'
2026-04-15 13:53:42 [error]: Gemini consultation failed: {"error":{"code":429,"message":"You exceeded your current quota, please check your plan and billing details. For more information on this error, head to: https://ai.google.dev/gemini-api/docs/rate-limits. To monitor your current usage, head to: https://ai.dev/rate-limit. \n* Quota exceeded for metric: generativelanguage.googleapis.com/generate_content_free_tier_input_token_count, limit: 0, model: gemini-2.0-flash\n* Quota exceeded for metric: generativelanguage.googleapis.com/generate_content_free_tier_requests, limit: 0, model: gemini-2.0-flash\n* Quota exceeded for metric: generativelanguage.googleapis.com/generate_content_free_tier_requests, limit: 0, model: gemini-2.0-flash\nPlease retry in 18.21345758s.","status":"RESOURCE_EXHAUSTED","details":[{"@type":"type.googleapis.com/google.rpc.Help","links":[{"description":"Learn more about Gemini API quotas","url":"https://ai.google.dev/gemini-api/docs/rate-limits"}]},{"@type":"type.googleapis.com/google.rpc.QuotaFailure","violations":[{"quotaMetric":"generativelanguage.googleapis.com/generate_content_free_tier_input_token_count","quotaId":"GenerateContentInputTokensPerModelPerMinute-FreeTier","quotaDimensions":{"location":"global","model":"gemini-2.0-flash"}},{"quotaMetric":"generativelanguage.googleapis.com/generate_content_free_tier_requests","quotaId":"GenerateRequestsPerMinutePerProjectPerModel-FreeTier","quotaDimensions":{"model":"gemini-2.0-flash","location":"global"}},{"quotaMetric":"generativelanguage.googleapis.com/generate_content_free_tier_requests","quotaId":"GenerateRequestsPerDayPerProjectPerModel-FreeTier","quotaDimensions":{"location":"global","model":"gemini-2.0-flash"}}]},{"@type":"type.googleapis.com/google.rpc.RetryInfo","retryDelay":"18s"}]}}
2026-04-15 13:53:43 [error]: Gemini consultation failed: {"error":{"code":429,"message":"You exceeded your current quota, please check your plan and billing details. For more information on this error, head to: https://ai.google.dev/gemini-api/docs/rate-limits. To monitor your current usage, head to: https://ai.dev/rate-limit. \n* Quota exceeded for metric: generativelanguage.googleapis.com/generate_content_free_tier_input_token_count, limit: 0, model: gemini-2.0-flash\n* Quota exceeded for metric: generativelanguage.googleapis.com/generate_content_free_tier_requests, limit: 0, model: gemini-2.0-flash\n* Quota exceeded for metric: generativelanguage.googleapis.com/generate_content_free_tier_requests, limit: 0, model: gemini-2.0-flash\nPlease retry in 17.779584491s.","status":"RESOURCE_EXHAUSTED","details":[{"@type":"type.googleapis.com/google.rpc.Help","links":[{"description":"Learn more about Gemini API quotas","url":"https://ai.google.dev/gemini-api/docs/rate-limits"}]},{"@type":"type.googleapis.com/google.rpc.QuotaFailure","violations":[{"quotaMetric":"generativelanguage.googleapis.com/generate_content_free_tier_input_token_count","quotaId":"GenerateContentInputTokensPerModelPerMinute-FreeTier","quotaDimensions":{"location":"global","model":"gemini-2.0-flash"}},{"quotaMetric":"generativelanguage.googleapis.com/generate_content_free_tier_requests","quotaId":"GenerateRequestsPerMinutePerProjectPerModel-FreeTier","quotaDimensions":{"location":"global","model":"gemini-2.0-flash"}},{"quotaMetric":"generativelanguage.googleapis.com/generate_content_free_tier_requests","quotaId":"GenerateRequestsPerDayPerProjectPerModel-FreeTier","quotaDimensions":{"location":"global","model":"gemini-2.0-flash"}}]},{"@type":"type.googleapis.com/google.rpc.RetryInfo","retryDelay":"17s"}]}}
2026-05-04 12:55:37 [error]: Error: ENOENT: no such file or directory, unlink 'C:\uploads\originals\dev-user-001\345397cc-e7b2-4bf2-b023-53d26c964e4a.webp'
    at async Object.unlink (node:internal/fs/promises:1067:10)
    at async ImageService.deleteImage (C:\Users\khade\OneDrive\Placment\Final Year VD Project\backend\src\services\imageService.ts:110:13)
    at async DesignController.delete (C:\Users\khade\OneDrive\Placment\Final Year VD Project\backend\src\controllers\designController.ts:171:13)
2026-05-04 12:55:37 [error]: Error: ENOENT: no such file or directory, unlink 'C:\Users\khade\OneDrive\Placment\Final Year VD Project\backend\uploads\https:\images.unsplash.com\photo-1598928506311-c55ded91a20c?w=1280&q=90'
    at async Object.unlink (node:internal/fs/promises:1067:10)
    at async ImageService.deleteImage (C:\Users\khade\OneDrive\Placment\Final Year VD Project\backend\src\services\imageService.ts:110:13)
    at async DesignController.delete (C:\Users\khade\OneDrive\Placment\Final Year VD Project\backend\src\controllers\designController.ts:173:17)
2026-05-04 12:58:41 [error]: Failed to read input image: /uploads/originals/dev-user-001/104f08ab-6502-4554-837c-e62e68aba184.jpg — ENOENT: no such file or directory, open 'C:\uploads\originals\dev-user-001\104f08ab-6502-4554-837c-e62e68aba184.jpg'
2026-05-04 12:58:41 [error]: ❌ Provider 1 (Gemini) failed: Could not load room image: ENOENT: no such file or directory, open 'C:\uploads\originals\dev-user-001\104f08ab-6502-4554-837c-e62e68aba184.jpg'
2026-05-04 12:58:41 [error]: Failed to read input image: /uploads/originals/dev-user-001/3b71c203-9a8b-4a7b-b73a-84aea4a597c2.jpg — ENOENT: no such file or directory, open 'C:\uploads\originals\dev-user-001\3b71c203-9a8b-4a7b-b73a-84aea4a597c2.jpg'
2026-05-04 12:58:41 [error]: ❌ Provider 1 (Gemini) failed: Could not load room image: ENOENT: no such file or directory, open 'C:\uploads\originals\dev-user-001\3b71c203-9a8b-4a7b-b73a-84aea4a597c2.jpg'
2026-05-04 12:58:41 [error]: Failed to read input image: /uploads/originals/dev-user-001/104f08ab-6502-4554-837c-e62e68aba184.jpg — ENOENT: no such file or directory, open 'C:\uploads\originals\dev-user-001\104f08ab-6502-4554-837c-e62e68aba184.jpg'
2026-05-04 12:58:41 [error]: HF instruct-pix2pix completely failed: Could not load room image: ENOENT: no such file or directory, open 'C:\uploads\originals\dev-user-001\104f08ab-6502-4554-837c-e62e68aba184.jpg'
2026-05-04 12:58:41 [error]: Failed to read input image: /uploads/originals/dev-user-001/3b71c203-9a8b-4a7b-b73a-84aea4a597c2.jpg — ENOENT: no such file or directory, open 'C:\uploads\originals\dev-user-001\3b71c203-9a8b-4a7b-b73a-84aea4a597c2.jpg'
2026-05-04 12:58:41 [error]: HF instruct-pix2pix completely failed: Could not load room image: ENOENT: no such file or directory, open 'C:\uploads\originals\dev-user-001\3b71c203-9a8b-4a7b-b73a-84aea4a597c2.jpg'
2026-05-04 12:59:22 [error]: Gemini consultation failed: {"error":{"code":429,"message":"You exceeded your current quota, please check your plan and billing details. For more information on this error, head to: https://ai.google.dev/gemini-api/docs/rate-limits. To monitor your current usage, head to: https://ai.dev/rate-limit. \n* Quota exceeded for metric: generativelanguage.googleapis.com/generate_content_free_tier_input_token_count, limit: 0, model: gemini-2.0-flash\n* Quota exceeded for metric: generativelanguage.googleapis.com/generate_content_free_tier_requests, limit: 0, model: gemini-2.0-flash\n* Quota exceeded for metric: generativelanguage.googleapis.com/generate_content_free_tier_requests, limit: 0, model: gemini-2.0-flash\nPlease retry in 37.272159998s.","status":"RESOURCE_EXHAUSTED","details":[{"@type":"type.googleapis.com/google.rpc.Help","links":[{"description":"Learn more about Gemini API quotas","url":"https://ai.google.dev/gemini-api/docs/rate-limits"}]},{"@type":"type.googleapis.com/google.rpc.QuotaFailure","violations":[{"quotaMetric":"generativelanguage.googleapis.com/generate_content_free_tier_input_token_count","quotaId":"GenerateContentInputTokensPerModelPerMinute-FreeTier","quotaDimensions":{"location":"global","model":"gemini-2.0-flash"}},{"quotaMetric":"generativelanguage.googleapis.com/generate_content_free_tier_requests","quotaId":"GenerateRequestsPerMinutePerProjectPerModel-FreeTier","quotaDimensions":{"model":"gemini-2.0-flash","location":"global"}},{"quotaMetric":"generativelanguage.googleapis.com/generate_content_free_tier_requests","quotaId":"GenerateRequestsPerDayPerProjectPerModel-FreeTier","quotaDimensions":{"model":"gemini-2.0-flash","location":"global"}}]},{"@type":"type.googleapis.com/google.rpc.RetryInfo","retryDelay":"37s"}]}}
2026-05-04 12:59:23 [error]: Gemini consultation failed: {"error":{"code":429,"message":"You exceeded your current quota, please check your plan and billing details. For more information on this error, head to: https://ai.google.dev/gemini-api/docs/rate-limits. To monitor your current usage, head to: https://ai.dev/rate-limit. \n* Quota exceeded for metric: generativelanguage.googleapis.com/generate_content_free_tier_requests, limit: 0, model: gemini-2.0-flash\n* Quota exceeded for metric: generativelanguage.googleapis.com/generate_content_free_tier_requests, limit: 0, model: gemini-2.0-flash\n* Quota exceeded for metric: generativelanguage.googleapis.com/generate_content_free_tier_input_token_count, limit: 0, model: gemini-2.0-flash\nPlease retry in 36.744509844s.","status":"RESOURCE_EXHAUSTED","details":[{"@type":"type.googleapis.com/google.rpc.Help","links":[{"description":"Learn more about Gemini API quotas","url":"https://ai.google.dev/gemini-api/docs/rate-limits"}]},{"@type":"type.googleapis.com/google.rpc.QuotaFailure","violations":[{"quotaMetric":"generativelanguage.googleapis.com/generate_content_free_tier_requests","quotaId":"GenerateRequestsPerDayPerProjectPerModel-FreeTier","quotaDimensions":{"model":"gemini-2.0-flash","location":"global"}},{"quotaMetric":"generativelanguage.googleapis.com/generate_content_free_tier_requests","quotaId":"GenerateRequestsPerMinutePerProjectPerModel-FreeTier","quotaDimensions":{"location":"global","model":"gemini-2.0-flash"}},{"quotaMetric":"generativelanguage.googleapis.com/generate_content_free_tier_input_token_count","quotaId":"GenerateContentInputTokensPerModelPerMinute-FreeTier","quotaDimensions":{"model":"gemini-2.0-flash","location":"global"}}]},{"@type":"type.googleapis.com/google.rpc.RetryInfo","retryDelay":"36s"}]}}
2026-05-10 18:14:45 [error]: Error: ENOENT: no such file or directory, unlink 'C:\uploads\originals\dev-user-001\3b71c203-9a8b-4a7b-b73a-84aea4a597c2.jpg'
    at async Object.unlink (node:internal/fs/promises:1067:10)
    at async ImageService.deleteImage (C:\Users\khade\OneDrive\Placment\Final Year VD Project\backend\src\services\imageService.ts:110:13)
    at async DesignController.delete (C:\Users\khade\OneDrive\Placment\Final Year VD Project\backend\src\controllers\designController.ts:180:13)
2026-05-10 18:14:45 [error]: Error: ENOENT: no such file or directory, unlink 'C:\uploads\generated\ai-770520b9-f4e3-4678-860c-4471f8681d8e.jpg'
    at async Object.unlink (node:internal/fs/promises:1067:10)
    at async ImageService.deleteImage (C:\Users\khade\OneDrive\Placment\Final Year VD Project\backend\src\services\imageService.ts:110:13)
    at async DesignController.delete (C:\Users\khade\OneDrive\Placment\Final Year VD Project\backend\src\controllers\designController.ts:182:17)
2026-05-10 18:15:34 [error]: Error: ENOENT: no such file or directory, unlink 'C:\uploads\originals\dev-user-001\a5f98219-dbee-4cde-9b43-c29a226dd527.webp'
    at async Object.unlink (node:internal/fs/promises:1067:10)
    at async ImageService.deleteImage (C:\Users\khade\OneDrive\Placment\Final Year VD Project\backend\src\services\imageService.ts:110:13)
    at async DesignController.delete (C:\Users\khade\OneDrive\Placment\Final Year VD Project\backend\src\controllers\designController.ts:180:13)
2026-05-10 18:15:34 [error]: Error: ENOENT: no such file or directory, unlink 'C:\Users\khade\OneDrive\Placment\Final Year VD Project\backend\uploads\https:\images.unsplash.com\photo-1598928506311-c55ded91a20c?w=1280&q=90'
    at async Object.unlink (node:internal/fs/promises:1067:10)
    at async ImageService.deleteImage (C:\Users\khade\OneDrive\Placment\Final Year VD Project\backend\src\services\imageService.ts:110:13)
    at async DesignController.delete (C:\Users\khade\OneDrive\Placment\Final Year VD Project\backend\src\controllers\designController.ts:182:17)
2026-05-11 13:25:12 [error]: Failed to read input image: /uploads/originals/dev-user-001/a3d36d32-54fa-41fd-8217-81fabe971127.jpg — ENOENT: no such file or directory, open 'C:\uploads\originals\dev-user-001\a3d36d32-54fa-41fd-8217-81fabe971127.jpg'
2026-05-11 13:25:12 [error]: ❌ Room analysis failed: Could not load room image: ENOENT: no such file or directory, open 'C:\uploads\originals\dev-user-001\a3d36d32-54fa-41fd-8217-81fabe971127.jpg'
2026-05-11 13:25:12 [error]: Failed to read input image: /uploads/originals/dev-user-001/a3d36d32-54fa-41fd-8217-81fabe971127.jpg — ENOENT: no such file or directory, open 'C:\uploads\originals\dev-user-001\a3d36d32-54fa-41fd-8217-81fabe971127.jpg'
2026-05-11 13:25:12 [error]: ❌ Provider 1 (Gemini) failed: Could not load room image: ENOENT: no such file or directory, open 'C:\uploads\originals\dev-user-001\a3d36d32-54fa-41fd-8217-81fabe971127.jpg'
2026-05-11 13:25:12 [error]: Failed to read input image: /uploads/originals/dev-user-001/a3d36d32-54fa-41fd-8217-81fabe971127.jpg — ENOENT: no such file or directory, open 'C:\uploads\originals\dev-user-001\a3d36d32-54fa-41fd-8217-81fabe971127.jpg'
2026-05-11 13:25:12 [error]: HF instruct-pix2pix completely failed: Could not load room image: ENOENT: no such file or directory, open 'C:\uploads\originals\dev-user-001\a3d36d32-54fa-41fd-8217-81fabe971127.jpg'
2026-05-11 13:25:49 [error]: Gemini consultation failed: {"error":{"code":429,"message":"You exceeded your current quota, please check your plan and billing details. For more information on this error, head to: https://ai.google.dev/gemini-api/docs/rate-limits. To monitor your current usage, head to: https://ai.dev/rate-limit. \n* Quota exceeded for metric: generativelanguage.googleapis.com/generate_content_free_tier_requests, limit: 0, model: gemini-2.0-flash\n* Quota exceeded for metric: generativelanguage.googleapis.com/generate_content_free_tier_requests, limit: 0, model: gemini-2.0-flash\n* Quota exceeded for metric: generativelanguage.googleapis.com/generate_content_free_tier_input_token_count, limit: 0, model: gemini-2.0-flash\nPlease retry in 9.912009556s.","status":"RESOURCE_EXHAUSTED","details":[{"@type":"type.googleapis.com/google.rpc.Help","links":[{"description":"Learn more about Gemini API quotas","url":"https://ai.google.dev/gemini-api/docs/rate-limits"}]},{"@type":"type.googleapis.com/google.rpc.QuotaFailure","violations":[{"quotaMetric":"generativelanguage.googleapis.com/generate_content_free_tier_requests","quotaId":"GenerateRequestsPerDayPerProjectPerModel-FreeTier","quotaDimensions":{"location":"global","model":"gemini-2.0-flash"}},{"quotaMetric":"generativelanguage.googleapis.com/generate_content_free_tier_requests","quotaId":"GenerateRequestsPerMinutePerProjectPerModel-FreeTier","quotaDimensions":{"location":"global","model":"gemini-2.0-flash"}},{"quotaMetric":"generativelanguage.googleapis.com/generate_content_free_tier_input_token_count","quotaId":"GenerateContentInputTokensPerModelPerMinute-FreeTier","quotaDimensions":{"location":"global","model":"gemini-2.0-flash"}}]},{"@type":"type.googleapis.com/google.rpc.RetryInfo","retryDelay":"9s"}]}}
2026-05-11 13:33:29 [error]: Failed to read input image: /uploads/originals/dev-user-001/21e4b8f1-48de-4f87-9458-168bdde6f8e5.jpg — ENOENT: no such file or directory, open 'C:\uploads\originals\dev-user-001\21e4b8f1-48de-4f87-9458-168bdde6f8e5.jpg'
2026-05-11 13:33:29 [error]: ❌ Room analysis failed: Could not load room image: ENOENT: no such file or directory, open 'C:\uploads\originals\dev-user-001\21e4b8f1-48de-4f87-9458-168bdde6f8e5.jpg'
2026-05-11 13:33:29 [error]: Failed to read input image: /uploads/originals/dev-user-001/21e4b8f1-48de-4f87-9458-168bdde6f8e5.jpg — ENOENT: no such file or directory, open 'C:\uploads\originals\dev-user-001\21e4b8f1-48de-4f87-9458-168bdde6f8e5.jpg'
2026-05-11 13:33:29 [error]: ❌ Provider 1 (Gemini) failed: Could not load room image: ENOENT: no such file or directory, open 'C:\uploads\originals\dev-user-001\21e4b8f1-48de-4f87-9458-168bdde6f8e5.jpg'
2026-05-11 13:33:29 [error]: Failed to read input image: /uploads/originals/dev-user-001/21e4b8f1-48de-4f87-9458-168bdde6f8e5.jpg — ENOENT: no such file or directory, open 'C:\uploads\originals\dev-user-001\21e4b8f1-48de-4f87-9458-168bdde6f8e5.jpg'
2026-05-11 13:33:29 [error]: HF instruct-pix2pix completely failed: Could not load room image: ENOENT: no such file or directory, open 'C:\uploads\originals\dev-user-001\21e4b8f1-48de-4f87-9458-168bdde6f8e5.jpg'
2026-05-11 13:33:48 [error]: Error: ENOENT: no such file or directory, unlink 'C:\uploads\originals\dev-user-001\e6367e98-79cf-487b-a022-8561989472a0.jpg'
    at async Object.unlink (node:internal/fs/promises:1067:10)
    at async ImageService.deleteImage (C:\Users\khade\OneDrive\Placment\Final Year VD Project\backend\src\services\imageService.ts:110:13)
    at async DesignController.delete (C:\Users\khade\OneDrive\Placment\Final Year VD Project\backend\src\controllers\designController.ts:181:13)
2026-05-11 13:33:48 [error]: Error: ENOENT: no such file or directory, unlink 'C:\uploads\generated\ai-e9119afe-fa1b-4c5c-a573-556a85dad829.jpg'
    at async Object.unlink (node:internal/fs/promises:1067:10)
    at async ImageService.deleteImage (C:\Users\khade\OneDrive\Placment\Final Year VD Project\backend\src\services\imageService.ts:110:13)
    at async DesignController.delete (C:\Users\khade\OneDrive\Placment\Final Year VD Project\backend\src\controllers\designController.ts:183:17)
2026-05-11 13:33:53 [error]: Error: ENOENT: no such file or directory, unlink 'C:\uploads\originals\dev-user-001\cb6d7558-3a33-475b-a1a0-2e792dff16fb.webp'
    at async Object.unlink (node:internal/fs/promises:1067:10)
    at async ImageService.deleteImage (C:\Users\khade\OneDrive\Placment\Final Year VD Project\backend\src\services\imageService.ts:110:13)
    at async DesignController.delete (C:\Users\khade\OneDrive\Placment\Final Year VD Project\backend\src\controllers\designController.ts:181:13)
2026-05-11 13:33:53 [error]: Error: ENOENT: no such file or directory, unlink 'C:\Users\khade\OneDrive\Placment\Final Year VD Project\backend\uploads\https:\images.unsplash.com\photo-1618221195710-dd6b41faaea6?w=1280&q=90'
    at async Object.unlink (node:internal/fs/promises:1067:10)
    at async ImageService.deleteImage (C:\Users\khade\OneDrive\Placment\Final Year VD Project\backend\src\services\imageService.ts:110:13)
    at async DesignController.delete (C:\Users\khade\OneDrive\Placment\Final Year VD Project\backend\src\controllers\designController.ts:183:17)
2026-05-11 13:33:56 [error]: Error: ENOENT: no such file or directory, unlink 'C:\uploads\originals\dev-user-001\104f08ab-6502-4554-837c-e62e68aba184.jpg'
    at async Object.unlink (node:internal/fs/promises:1067:10)
    at async ImageService.deleteImage (C:\Users\khade\OneDrive\Placment\Final Year VD Project\backend\src\services\imageService.ts:110:13)
    at async DesignController.delete (C:\Users\khade\OneDrive\Placment\Final Year VD Project\backend\src\controllers\designController.ts:181:13)
2026-05-11 13:33:56 [error]: Error: ENOENT: no such file or directory, unlink 'C:\uploads\generated\ai-db542a53-d55f-48f9-9f45-c0969775f533.jpg'
    at async Object.unlink (node:internal/fs/promises:1067:10)
    at async ImageService.deleteImage (C:\Users\khade\OneDrive\Placment\Final Year VD Project\backend\src\services\imageService.ts:110:13)
    at async DesignController.delete (C:\Users\khade\OneDrive\Placment\Final Year VD Project\backend\src\controllers\designController.ts:183:17)
2026-05-11 13:34:06 [error]: Gemini consultation failed: {"error":{"code":429,"message":"You exceeded your current quota, please check your plan and billing details. For more information on this error, head to: https://ai.google.dev/gemini-api/docs/rate-limits. To monitor your current usage, head to: https://ai.dev/rate-limit. \n* Quota exceeded for metric: generativelanguage.googleapis.com/generate_content_free_tier_requests, limit: 0, model: gemini-2.0-flash\n* Quota exceeded for metric: generativelanguage.googleapis.com/generate_content_free_tier_requests, limit: 0, model: gemini-2.0-flash\n* Quota exceeded for metric: generativelanguage.googleapis.com/generate_content_free_tier_input_token_count, limit: 0, model: gemini-2.0-flash\nPlease retry in 52.658595356s.","status":"RESOURCE_EXHAUSTED","details":[{"@type":"type.googleapis.com/google.rpc.Help","links":[{"description":"Learn more about Gemini API quotas","url":"https://ai.google.dev/gemini-api/docs/rate-limits"}]},{"@type":"type.googleapis.com/google.rpc.QuotaFailure","violations":[{"quotaMetric":"generativelanguage.googleapis.com/generate_content_free_tier_requests","quotaId":"GenerateRequestsPerDayPerProjectPerModel-FreeTier","quotaDimensions":{"location":"global","model":"gemini-2.0-flash"}},{"quotaMetric":"generativelanguage.googleapis.com/generate_content_free_tier_requests","quotaId":"GenerateRequestsPerMinutePerProjectPerModel-FreeTier","quotaDimensions":{"model":"gemini-2.0-flash","location":"global"}},{"quotaMetric":"generativelanguage.googleapis.com/generate_content_free_tier_input_token_count","quotaId":"GenerateContentInputTokensPerModelPerMinute-FreeTier","quotaDimensions":{"model":"gemini-2.0-flash","location":"global"}}]},{"@type":"type.googleapis.com/google.rpc.RetryInfo","retryDelay":"52s"}]}}
2026-05-11 13:34:58 [error]: Gemini suggestions failed: {"error":{"code":429,"message":"You exceeded your current quota, please check your plan and billing details. For more information on this error, head to: https://ai.google.dev/gemini-api/docs/rate-limits. To monitor your current usage, head to: https://ai.dev/rate-limit. \n* Quota exceeded for metric: generativelanguage.googleapis.com/generate_content_free_tier_requests, limit: 0, model: gemini-2.0-flash\n* Quota exceeded for metric: generativelanguage.googleapis.com/generate_content_free_tier_requests, limit: 0, model: gemini-2.0-flash\n* Quota exceeded for metric: generativelanguage.googleapis.com/generate_content_free_tier_input_token_count, limit: 0, model: gemini-2.0-flash\nPlease retry in 557.291814ms.","status":"RESOURCE_EXHAUSTED","details":[{"@type":"type.googleapis.com/google.rpc.Help","links":[{"description":"Learn more about Gemini API quotas","url":"https://ai.google.dev/gemini-api/docs/rate-limits"}]},{"@type":"type.googleapis.com/google.rpc.QuotaFailure","violations":[{"quotaMetric":"generativelanguage.googleapis.com/generate_content_free_tier_requests","quotaId":"GenerateRequestsPerDayPerProjectPerModel-FreeTier","quotaDimensions":{"model":"gemini-2.0-flash","location":"global"}},{"quotaMetric":"generativelanguage.googleapis.com/generate_content_free_tier_requests","quotaId":"GenerateRequestsPerMinutePerProjectPerModel-FreeTier","quotaDimensions":{"model":"gemini-2.0-flash","location":"global"}},{"quotaMetric":"generativelanguage.googleapis.com/generate_content_free_tier_input_token_count","quotaId":"GenerateContentInputTokensPerModelPerMinute-FreeTier","quotaDimensions":{"model":"gemini-2.0-flash","location":"global"}}]},{"@type":"type.googleapis.com/google.rpc.RetryInfo","retryDelay":"0s"}]}}
2026-05-11 13:53:03 [error]: Error: ENOENT: no such file or directory, unlink 'C:\uploads\originals\dev-user-001\302e99cb-33c9-4faf-b663-81fb061fb662.jpg'
    at async Object.unlink (node:internal/fs/promises:1067:10)
    at async ImageService.deleteImage (C:\Users\khade\OneDrive\Placment\Final Year VD Project\backend\src\services\imageService.ts:110:13)
    at async DesignController.delete (C:\Users\khade\OneDrive\Placment\Final Year VD Project\backend\src\controllers\designController.ts:181:13)
2026-05-11 13:53:03 [error]: Error: ENOENT: no such file or directory, unlink 'C:\uploads\generated\ai-ab7752de-b820-4d72-af1f-926c1359bcf9.jpg'
    at async Object.unlink (node:internal/fs/promises:1067:10)
    at async ImageService.deleteImage (C:\Users\khade\OneDrive\Placment\Final Year VD Project\backend\src\services\imageService.ts:110:13)
    at async DesignController.delete (C:\Users\khade\OneDrive\Placment\Final Year VD Project\backend\src\controllers\designController.ts:183:17)
2026-05-11 13:53:06 [error]: Error: ENOENT: no such file or directory, unlink 'C:\uploads\originals\dev-user-001\3a7000ca-2af5-4a2b-afbd-a33e475f903f.webp'
    at async Object.unlink (node:internal/fs/promises:1067:10)
    at async ImageService.deleteImage (C:\Users\khade\OneDrive\Placment\Final Year VD Project\backend\src\services\imageService.ts:110:13)
    at async DesignController.delete (C:\Users\khade\OneDrive\Placment\Final Year VD Project\backend\src\controllers\designController.ts:181:13)
2026-05-11 13:53:06 [error]: Error: ENOENT: no such file or directory, unlink 'C:\Users\khade\OneDrive\Placment\Final Year VD Project\backend\uploads\https:\images.unsplash.com\photo-1600210491892-03d54c0aaf87?w=1280&q=90'
    at async Object.unlink (node:internal/fs/promises:1067:10)
    at async ImageService.deleteImage (C:\Users\khade\OneDrive\Placment\Final Year VD Project\backend\src\services\imageService.ts:110:13)
    at async DesignController.delete (C:\Users\khade\OneDrive\Placment\Final Year VD Project\backend\src\controllers\designController.ts:183:17)
2026-05-11 13:53:09 [error]: Error: ENOENT: no such file or directory, unlink 'C:\uploads\originals\dev-user-001\a3d36d32-54fa-41fd-8217-81fabe971127.jpg'
    at async Object.unlink (node:internal/fs/promises:1067:10)
    at async ImageService.deleteImage (C:\Users\khade\OneDrive\Placment\Final Year VD Project\backend\src\services\imageService.ts:110:13)
    at async DesignController.delete (C:\Users\khade\OneDrive\Placment\Final Year VD Project\backend\src\controllers\designController.ts:181:13)
2026-05-11 13:53:09 [error]: Error: ENOENT: no such file or directory, unlink 'C:\uploads\generated\ai-ef308f56-133c-42ad-8f31-19e055ead9a3.jpg'
    at async Object.unlink (node:internal/fs/promises:1067:10)
    at async ImageService.deleteImage (C:\Users\khade\OneDrive\Placment\Final Year VD Project\backend\src\services\imageService.ts:110:13)
    at async DesignController.delete (C:\Users\khade\OneDrive\Placment\Final Year VD Project\backend\src\controllers\designController.ts:183:17)
2026-05-12 10:43:59 [error]: Failed to read input image: /uploads/originals/dev-user-001/e72dd828-805b-4d40-9553-59b67197e2d9.webp — ENOENT: no such file or directory, open 'C:\uploads\originals\dev-user-001\e72dd828-805b-4d40-9553-59b67197e2d9.webp'
2026-05-12 10:43:59 [error]: ❌ Room analysis failed: Could not load room image: ENOENT: no such file or directory, open 'C:\uploads\originals\dev-user-001\e72dd828-805b-4d40-9553-59b67197e2d9.webp'
2026-05-12 10:43:59 [error]: Failed to read input image: /uploads/originals/dev-user-001/e72dd828-805b-4d40-9553-59b67197e2d9.webp — ENOENT: no such file or directory, open 'C:\uploads\originals\dev-user-001\e72dd828-805b-4d40-9553-59b67197e2d9.webp'
2026-05-12 10:43:59 [error]: ❌ Provider 1 (Gemini) failed: Could not load room image: ENOENT: no such file or directory, open 'C:\uploads\originals\dev-user-001\e72dd828-805b-4d40-9553-59b67197e2d9.webp'
2026-05-12 10:43:59 [error]: Failed to read input image: /uploads/originals/dev-user-001/e72dd828-805b-4d40-9553-59b67197e2d9.webp — ENOENT: no such file or directory, open 'C:\uploads\originals\dev-user-001\e72dd828-805b-4d40-9553-59b67197e2d9.webp'
2026-05-12 10:43:59 [error]: ❌ Provider 2 (Replicate) failed: Could not load room image: ENOENT: no such file or directory, open 'C:\uploads\originals\dev-user-001\e72dd828-805b-4d40-9553-59b67197e2d9.webp'
2026-05-12 10:43:59 [error]: Failed to read input image: /uploads/originals/dev-user-001/e72dd828-805b-4d40-9553-59b67197e2d9.webp — ENOENT: no such file or directory, open 'C:\uploads\originals\dev-user-001\e72dd828-805b-4d40-9553-59b67197e2d9.webp'
2026-05-12 10:43:59 [error]: HF instruct-pix2pix completely failed: Could not load room image: ENOENT: no such file or directory, open 'C:\uploads\originals\dev-user-001\e72dd828-805b-4d40-9553-59b67197e2d9.webp'
2026-05-12 10:44:41 [error]: Gemini consultation failed: {"error":{"code":429,"message":"You exceeded your current quota, please check your plan and billing details. For more information on this error, head to: https://ai.google.dev/gemini-api/docs/rate-limits. To monitor your current usage, head to: https://ai.dev/rate-limit. \n* Quota exceeded for metric: generativelanguage.googleapis.com/generate_content_free_tier_requests, limit: 0, model: gemini-2.0-flash\n* Quota exceeded for metric: generativelanguage.googleapis.com/generate_content_free_tier_requests, limit: 0, model: gemini-2.0-flash\n* Quota exceeded for metric: generativelanguage.googleapis.com/generate_content_free_tier_input_token_count, limit: 0, model: gemini-2.0-flash\nPlease retry in 16.87187566s.","status":"RESOURCE_EXHAUSTED","details":[{"@type":"type.googleapis.com/google.rpc.Help","links":[{"description":"Learn more about Gemini API quotas","url":"https://ai.google.dev/gemini-api/docs/rate-limits"}]},{"@type":"type.googleapis.com/google.rpc.QuotaFailure","violations":[{"quotaMetric":"generativelanguage.googleapis.com/generate_content_free_tier_requests","quotaId":"GenerateRequestsPerDayPerProjectPerModel-FreeTier","quotaDimensions":{"model":"gemini-2.0-flash","location":"global"}},{"quotaMetric":"generativelanguage.googleapis.com/generate_content_free_tier_requests","quotaId":"GenerateRequestsPerMinutePerProjectPerModel-FreeTier","quotaDimensions":{"model":"gemini-2.0-flash","location":"global"}},{"quotaMetric":"generativelanguage.googleapis.com/generate_content_free_tier_input_token_count","quotaId":"GenerateContentInputTokensPerModelPerMinute-FreeTier","quotaDimensions":{"location":"global","model":"gemini-2.0-flash"}}]},{"@type":"type.googleapis.com/google.rpc.RetryInfo","retryDelay":"16s"}]}}
